Division	MatchDate	KickoffTime	HomeTeam	AwayTeam	FullTimeHomeGoals	FullTimeAwayGoals	FullTimeResult	HalfTimeHomeGoals	HalfTimeAwayGoals	HalfTimeResult	Referee	HomeShots	AwayShots	HomeShotsOnTarget	AwayShotsOnTarget	HomeFouls	AwayFouls	HomeCorners	AwayCorners	HomeYellowCards	AwayYellowCards	HomeRedCards	AwayRedCards	B365H	B365D	B365A	BWH	BWD	BWA	IWH	IWD	IWA	PSH	PSD	PSA	WHH	WHD	WHA	VCH	VCD	VCA	MaxH	MaxD	MaxA	AvgH	AvgD	AvgA	B365>2.5	B365<2.5	P>2.5	P<2.5	Max>2.5	Max<2.5	Avg>2.5	Avg<2.5	AHh	B365AHH	B365AHA	PAHH	PAHA	MaxAHH	MaxAHA	AvgAHH	AvgAHA	B365CH	B365CD	B365CA	BWCH	BWCD	BWCA	IWCH	IWCD	IWCA	PSCH	PSCD	PSCA	WHCH	WHCD	WHCA	VCCH	VCCD	VCCA	MaxCH	MaxCD	MaxCA	AvgCH	AvgCD	AvgCA	B365C>2.5	B365C<2.5	PC>2.5	PC<2.5	MaxC>2.5	MaxC<2.5	AvgC>2.5	AvgC<2.5	AHCh	B365CAHH	B365CAHA	PCAHH	PCAHA	MaxCAHH	MaxCAHA	AvgCAHH	AvgCAHA	League	ï»¿Div	BFH	BFD	BFA	1XBH	1XBD	1XBA	BFEH	BFED	BFEA	BFE>2.5	BFE<2.5	BFEAHH	BFEAHA	BFCH	BFCD	BFCA	1XBCH	1XBCD	1XBCA	BFECH	BFECD	BFECA	BFEC>2.5	BFEC<2.5	BFECAHH	BFECAHA	Unnamed: 120	Unnamed: 121	BFDH	BFDD	BFDA	BMGMH	BMGMD	BMGMA	BVH	BVD	BVA	CLH	CLD	CLA	LBH	LBD	LBA	BFDCH	BFDCD	BFDCA	BMGMCH	BMGMCD	BMGMCA	BVCH	BVCD	BVCA	CLCH	CLCD	CLCA	LBCH	LBCD	LBCA	HxG	AxG	PPH	PPD	PPA	SKBH	SKBD	SKBA	PPCH	PPCD	PPCA	SKBCH	SKBCD	SKBCA	kickoff_utc	fixture_id	home_team_id	away_team_id	edition_id	rules_version	home_history_n	home_rest_days	home_points_l5	home_goals_for_l5	home_goals_against_l5	home_goal_diff_l10	home_clean_sheet_l10	home_shots_for_ewm10	home_shots_against_ewm10	home_shot_quality_ewm10	away_history_n	away_rest_days	away_points_l5	away_goals_for_l5	away_goals_against_l5	away_goal_diff_l10	away_clean_sheet_l10	away_shots_for_ewm10	away_shots_against_ewm10	away_shot_quality_ewm10	Season	HomeTeamPointsLast5	AwayTeamPointsLast5	HomeRestDays	AwayRestDays	HomeGoalsAve	AwayGoalsAve	feature_timestamp
SC0	2022-07-30	12:00	Livingston	Rangers	1	2	A	1	0	H	D Robertson	5	21	2	6	17	15	0	8	3	4	0	0	8.0	5.0	1.36	7.75	4.5	1.37	7.0	4.6	1.43	8.19	4.73	1.43	8.5	4.4	1.38	8.0	4.6	1.4	9.0	5.0	1.43	7.89	4.59	1.39	1.8	2.05	1.93	1.96	1.94	2.05	1.84	1.94	1.25	1.93	1.93	1.9	2.0	1.94	2.0	1.89	1.92	8.0	5.0	1.33	8.0	5.0	1.33	7.5	4.8	1.4	9.0	5.44	1.36	9.5	4.6	1.33	9.0	5.0	1.33	9.5	5.44	1.41	8.7	4.93	1.34	1.83	2.02	1.86	2.03	1.91	2.06	1.82	1.96	1.25	2.05	1.8	2.08	1.83	2.11	1.87	2.03	1.8	scotland																																																																										2022-07-30 11:00:00+00:00	scotland:20220730T1100Z:livingston:rangers:1	scotland:livingston	scotland:rangers	sco.1:2022-23	sco.1:2022-23-rules-v1	0										0										2022-23							2022-07-30 10:59:59.999999+00:00
SC0	2022-07-30	15:00	Hearts	Ross County	2	1	H	0	0	D	D Dickinson	15	12	4	3	6	15	4	2	1	2	0	0	1.55	4.0	6.0	1.55	4.0	5.5	1.57	4.1	5.75	1.59	4.23	6.08	1.55	3.9	6.0	1.55	4.0	6.0	1.59	4.3	6.25	1.55	4.08	5.73	1.88	1.98	1.88	2.0	1.92	2.0	1.84	1.94	-1.0	1.98	1.88	2.02	1.88	2.04	1.94	1.96	1.85	1.55	4.0	6.0	1.52	4.1	5.75	1.53	4.2	6.0	1.55	4.16	6.8	1.52	4.0	6.0	1.53	4.2	6.0	1.6	4.33	6.8	1.53	4.12	6.09	1.85	2.0	1.86	2.03	1.91	2.04	1.81	1.98	-1.0	1.95	1.9	1.94	1.96	2.03	1.97	1.91	1.9	scotland																																																																										2022-07-30 14:00:00+00:00	scotland:20220730T1400Z:hearts:ross-county:2	scotland:hearts	scotland:ross-county	sco.1:2022-23	sco.1:2022-23-rules-v1	0										0										2022-23							2022-07-30 13:59:59.999999+00:00
SC0	2022-07-30	15:00	Kilmarnock	Dundee United	1	1	D	0	1	A	W Collum	18	7	5	5	11	11	4	4	2	0	0	1	2.4	3.3	3.0	2.4	3.1	2.95	2.45	3.15	3.0	2.5	3.24	3.14	2.4	3.1	3.0	2.45	3.1	3.0	2.5	3.3	3.14	2.43	3.14	3.01	2.3	1.61	2.31	1.67	2.33	1.7	2.25	1.62	-0.25	2.1	1.77	2.13	1.81	2.14	1.81	2.08	1.75	2.37	3.1	3.25	2.4	3.0	3.0	2.45	3.1	3.05	2.37	3.25	3.36	2.45	3.0	3.0	2.38	3.2	3.1	2.53	3.25	3.36	2.4	3.12	3.09	2.3	1.61	2.31	1.66	2.38	1.67	2.27	1.62	-0.25	2.0	1.85	2.01	1.89	2.12	1.89	2.03	1.8	scotland																																																																										2022-07-30 14:00:00+00:00	scotland:20220730T1400Z:kilmarnock:dundee-united:3	scotland:kilmarnock	scotland:dundee-united	sco.1:2022-23	sco.1:2022-23-rules-v1	0										0										2022-23							2022-07-30 13:59:59.999999+00:00
SC0	2022-07-30	15:00	St Johnstone	Hibernian	0	1	A	0	0	D	E Anderson	4	14	1	1	12	15	3	9	2	4	1	0	3.2	3.2	2.37	3.2	2.8	2.35	3.25	3.05	2.35	3.42	3.04	2.46	3.25	3.0	2.35	3.25	3.0	2.38	3.42	3.2	2.46	3.25	3.0	2.37	2.62	1.5	2.64	1.53	2.64	1.55	2.53	1.5	0.25	1.83	2.02	1.85	2.07	1.87	2.08	1.81	2.01	3.25	3.1	2.3	3.25	2.75	2.35	3.25	3.0	2.4	3.52	3.13	2.36	3.2	3.0	2.35	3.25	3.0	2.38	3.6	3.17	2.44	3.31	2.99	2.35	2.62	1.5	2.57	1.55	2.77	1.55	2.55	1.5	0.25	1.88	1.98	1.92	1.99	1.92	2.06	1.84	1.97	scotland																																																																										2022-07-30 14:00:00+00:00	scotland:20220730T1400Z:st-johnstone:hibernian:4	scotland:st-johnstone	scotland:hibernian	sco.1:2022-23	sco.1:2022-23-rules-v1	0										0										2022-23							2022-07-30 13:59:59.999999+00:00
SC0	2022-07-31	15:00	St Mirren	Motherwell	0	1	A	0	1	A	J Beaton	19	9	6	2	9	11	8	2	4	4	0	1	2.55	3.3	2.8	2.5	3.2	2.75	2.6	3.15	2.8	2.65	3.21	2.95	2.55	3.1	2.8				2.66	3.3	2.95	2.57	3.14	2.81	2.2	1.66	2.33	1.65	2.35	1.69	2.24	1.62	0.0	1.85	2.0	1.85	2.06	1.9	2.06	1.83	1.98	2.37	3.2	3.1	2.4	3.0	3.1	2.4	3.1	3.1	2.45	3.18	3.29	2.45	3.0	3.0	2.45	3.0	3.13	2.53	3.2	3.33	2.4	3.07	3.13	2.5	1.53	2.54	1.56	2.56	1.58	2.44	1.54	-0.25	2.05	1.8	2.07	1.84	2.09	1.86	2.04	1.79	scotland																																																																										2022-07-31 14:00:00+00:00	scotland:20220731T1400Z:st-mirren:motherwell:5	scotland:st-mirren	scotland:motherwell	sco.1:2022-23	sco.1:2022-23-rules-v1	0										0										2022-23							2022-07-31 13:59:59.999999+00:00
SC0	2022-07-31	16:30	Celtic	Aberdeen	2	0	H	1	0	H	N Walsh	21	5	9	3	11	12	9	3	1	2	0	0	1.25	6.0	11.0	1.22	5.5	10.5	1.27	6.0	11.0	1.26	6.15	12.12	1.25	5.5	11.0	1.25	5.75	10.5	1.3	6.2	12.12	1.25	5.75	10.99	1.57	2.37	1.6	2.43	1.64	2.5	1.56	2.38	-1.75	1.98	1.88	2.01	1.88	2.01	1.91	1.96	1.86	1.18	7.0	13.0	1.15	7.0	12.5	1.2	7.0	13.0	1.19	7.8	14.95	1.18	6.5	15.0	1.18	7.0	15.0	1.22	7.8	15.0	1.19	6.99	13.16	1.5	2.62	1.47	2.75	1.51	2.8	1.45	2.66	-2.0	1.93	1.93	1.95	1.93	2.01	1.96	1.95	1.86	scotland																																																																										2022-07-31 15:30:00+00:00	scotland:20220731T1530Z:celtic:aberdeen:6	scotland:celtic	scotland:aberdeen	sco.1:2022-23	sco.1:2022-23-rules-v1	0										0										2022-23							2022-07-31 15:29:59.999999+00:00
SC0	2022-08-06	15:00	Aberdeen	St Mirren	4	1	H	3	0	H	A Muir	23	6	10	1	12	15	4	4	1	2	0	1	1.95	3.3	4.0	1.98	3.25	3.8	2.05	3.3	3.85	2.01	3.35	4.32	2.05	3.2	3.8	2.0	3.25	4.0	2.05	3.42	4.32	1.99	3.28	3.93	2.2	1.66	2.31	1.66	2.31	1.7	2.2	1.64	-0.5	1.98	1.88	2.01	1.9	2.05	1.91	1.98	1.84	1.8	3.4	4.75	1.8	3.3	4.6	1.83	3.45	4.6	1.85	3.53	4.87	1.78	3.3	4.8	1.8	3.4	4.8	1.85	3.56	5.0	1.81	3.41	4.67	2.3	1.61	2.33	1.66	2.42	1.67	2.28	1.61	-0.75	2.08	1.73	2.12	1.79	2.14	1.83	2.07	1.77	scotland																																																																										2022-08-06 14:00:00+00:00	scotland:20220806T1400Z:aberdeen:st-mirren:7	scotland:aberdeen	scotland:st-mirren	sco.1:2022-23	sco.1:2022-23-rules-v1	1	5.9375	0.0	0.0	2.0	-2.0	0.0	5.0	21.0	0.0	1	6.0	0.0	0.0	1.0	-1.0	0.0	19.0	9.0	0.0	2022-23	0.0	0.0	5.9375	6.0	0.0	0.0	2022-08-06 13:59:59.999999+00:00
SC0	2022-08-06	15:00	Motherwell	St Johnstone	1	2	A	0	1	A	W Collum	12	10	2	3	17	9	4	6	1	3	0	0	2.2	3.1	3.6	2.2	3.1	3.4	2.25	3.1	3.4	2.25	3.18	3.71	2.25	3.0	3.4	2.2	3.1	3.5	2.3	3.23	3.71	2.21	3.09	3.48	2.5	1.53	2.54	1.56	2.55	1.56	2.45	1.53	-0.25	1.88	1.98	1.91	2.0	1.92	2.01	1.88	1.93	2.2	3.1	3.75	2.2	3.0	3.4	2.25	3.1	3.5	2.29	3.08	3.76	2.25	3.0	3.4	2.2	3.1	3.5	2.3	3.18	3.8	2.22	3.06	3.51	2.62	1.5	2.65	1.52	2.7	1.53	2.54	1.5	-0.25	1.9	1.95	1.93	1.98	1.95	1.98	1.89	1.92	scotland																																																																										2022-08-06 14:00:00+00:00	scotland:20220806T1400Z:motherwell:st-johnstone:8	scotland:motherwell	scotland:st-johnstone	sco.1:2022-23	sco.1:2022-23-rules-v1	1	6.0	3.0	1.0	0.0	1.0	1.0	9.0	19.0	0.1111111111111111	1	7.0	0.0	0.0	1.0	-1.0	0.0	4.0	14.0	0.0	2022-23	3.0	0.0	6.0	7.0	1.0	0.0	2022-08-06 13:59:59.999999+00:00
SC0	2022-08-06	15:00	Rangers	Kilmarnock	2	0	H	0	0	D	K Clancy	18	4	4	0	13	17	8	3	0	6	0	0	1.22	7.0	11.0	1.22	6.25	12.0	1.22	6.5	13.0	1.2	7.0	16.56	1.22	5.8	13.0	1.22	6.0	13.0	1.23	7.0	17.0	1.21	6.37	13.53	1.53	2.5	1.57	2.49	1.57	2.5	1.54	2.41	-1.75	1.83	2.02	1.85	2.04	1.88	2.12	1.82	1.99	1.15	8.0	15.0	1.18	6.75	14.5	1.2	7.0	15.0	1.18	7.58	17.22	1.17	6.5	17.0	1.15	7.5	17.0	1.2	8.0	18.0	1.17	7.01	15.31	1.53	2.5	1.54	2.57	1.56	2.66	1.51	2.47	-2.0	2.0	1.85	1.94	1.94	2.04	2.01	1.91	1.9	scotland																																																																										2022-08-06 14:00:00+00:00	scotland:20220806T1400Z:rangers:kilmarnock:9	scotland:rangers	scotland:kilmarnock	sco.1:2022-23	sco.1:2022-23-rules-v1	1	7.125	3.0	2.0	1.0	1.0	0.0	21.0	5.0	0.09523809523809523	1	7.0	1.0	1.0	1.0	0.0	0.0	18.0	7.0	0.05555555555555555	2022-23	3.0	1.0	7.125	7.0	2.0	1.0	2022-08-06 13:59:59.999999+00:00
SC0	2022-08-06	15:00	Ross County	Celtic	1	3	A	0	0	D	D Robertson	5	23	2	7	10	4	3	12	4	2	0	0	12.0	6.5	1.22	12.0	6.25	1.22	12.0	6.25	1.22	13.07	6.79	1.23	13.0	6.0	1.2	13.0	6.5	1.2	13.07	7.0	1.25	12.3	6.37	1.21	1.5	2.62	1.52	2.62	1.54	2.7	1.49	2.53	1.75	2.02	1.83	2.05	1.85	2.06	1.9	2.0	1.82	12.0	7.0	1.2	13.5	6.75	1.2	14.0	6.75	1.2	13.83	7.2	1.21	15.0	6.5	1.18	15.0	7.0	1.18	17.0	7.8	1.22	13.59	6.89	1.19	1.5	2.62	1.49	2.69	1.51	2.7	1.48	2.57	2.0	1.88	1.98	1.85	2.05	1.92	2.05	1.84	1.97	scotland																																																																										2022-08-06 14:00:00+00:00	scotland:20220806T1400Z:ross-county:celtic:10	scotland:ross-county	scotland:celtic	sco.1:2022-23	sco.1:2022-23-rules-v1	1	7.0	0.0	1.0	2.0	-1.0	0.0	12.0	15.0	0.08333333333333333	1	5.9375	3.0	2.0	0.0	2.0	1.0	21.0	5.0	0.09523809523809523	2022-23	0.0	3.0	7.0	5.9375	1.0	2.0	2022-08-06 13:59:59.999999+00:00
SC0	2022-08-07	12:00	Hibernian	Hearts	1	1	D	0	1	A	J Beaton	12	12	3	6	18	13	7	9	3	1	0	0	2.8	3.2	2.6	2.7	3.1	2.6	2.75	3.15	2.65	2.93	3.23	2.65	2.7	3.1	2.62	2.7	3.1	2.6	2.93	3.35	2.8	2.78	3.15	2.6	2.2	1.66	2.25	1.7	2.25	1.74	2.17	1.66	0.0	2.0	1.85	2.06	1.86	2.06	1.9	1.98	1.84	2.7	3.2	2.7	2.55	3.1	2.75	2.65	3.15	2.75	2.71	3.2	2.89	2.62	3.1	2.75	2.6	3.2	2.75	2.76	3.27	2.89	2.63	3.14	2.76	2.1	1.72	2.16	1.75	2.24	1.77	2.13	1.69	0.0	1.85	2.0	1.89	2.02	1.91	2.05	1.86	1.95	scotland																																																																										2022-08-07 11:00:00+00:00	scotland:20220807T1100Z:hibernian:hearts:11	scotland:hibernian	scotland:hearts	sco.1:2022-23	sco.1:2022-23-rules-v1	1	7.875	3.0	1.0	0.0	1.0	1.0	14.0	4.0	0.07142857142857142	1	7.875	3.0	2.0	1.0	1.0	0.0	15.0	12.0	0.13333333333333333	2022-23	3.0	3.0	7.875	7.875	1.0	2.0	2022-08-07 10:59:59.999999+00:00
SC0	2022-08-07	15:00	Dundee United	Livingston	0	1	A	0	0	D	S McLean	10	11	3	4	11	14	9	4	2	3	0	0	2.4	3.1	3.2	2.35	3.1	3.1	2.4	3.15	3.1	2.46	3.16	3.29	2.38	3.1	3.1	2.3	3.1	3.1	2.5	3.27	3.29	2.37	3.12	3.12	2.5	1.53	2.4	1.62	2.5	1.63	2.33	1.58	-0.25	2.0	1.85	2.08	1.84	2.08	1.89	2.01	1.8	2.37	3.1	3.1	2.4	3.0	3.1	2.45	3.1	3.05	2.46	3.19	3.24	2.5	2.9	3.1	2.4	3.1	3.1	2.6	3.2	3.24	2.47	3.06	3.04	2.37	1.57	2.41	1.62	2.47	1.62	2.33	1.58	-0.25	2.05	1.8	2.09	1.83	2.18	1.83	2.07	1.77	scotland																																																																										2022-08-07 14:00:00+00:00	scotland:20220807T1400Z:dundee-united:livingston:12	scotland:dundee-united	scotland:livingston	sco.1:2022-23	sco.1:2022-23-rules-v1	1	8.0	1.0	1.0	1.0	0.0	0.0	7.0	18.0	0.14285714285714285	1	8.125	0.0	1.0	2.0	-1.0	0.0	5.0	21.0	0.2	2022-23	1.0	0.0	8.0	8.125	1.0	1.0	2022-08-07 13:59:59.999999+00:00
SC0	2022-08-13	15:00	Aberdeen	Motherwell	2	3	A	1	1	D	C Graham	14	19	3	6	9	10	5	12	1	2	0	0	1.8	3.5	4.75	1.78	3.4	4.6	1.8	3.5	4.7	1.8	3.63	5.02	1.7	3.5	5.0	1.8	3.4	4.75	1.83	3.63	5.1	1.79	3.49	4.66	2.1	1.72	2.19	1.73	2.23	1.75	2.14	1.68	-0.75	2.05	1.8	2.07	1.84	2.09	1.84	2.03	1.79	1.7	3.6	5.5	1.73	3.5	4.8	1.7	3.65	5.25	1.7	3.79	5.6	1.65	3.6	5.25	1.7	3.6	5.25	1.77	3.79	5.6	1.71	3.59	5.08	2.1	1.72	2.18	1.74	2.24	1.77	2.12	1.7	-0.75	1.88	1.98	1.93	1.98	1.95	1.99	1.91	1.91	scotland																																																																										2022-08-13 14:00:00+00:00	scotland:20220813T1400Z:aberdeen:motherwell:13	scotland:aberdeen	scotland:motherwell	sco.1:2022-23	sco.1:2022-23-rules-v1	2	7.0	3.0	2.0	1.5	0.5	0.0	8.272727272727273	18.27272727272727	0.03162055335968379	2	7.0	3.0	1.0	1.0	0.0	0.5	9.545454545454545	17.363636363636363	0.10606060606060605	2022-23	3.0	3.0	7.0	7.0	2.0	1.0	2022-08-13 13:59:59.999999+00:00
SC0	2022-08-13	15:00	Livingston	Hibernian	2	1	H	1	0	H	C Napier	12	23	6	5	15	10	3	14	1	2	0	0	3.2	3.1	2.37	3.1	3.0	2.4	3.2	3.05	2.4	3.29	3.13	2.48	3.1	3.0	2.4	3.25	3.0	2.4	3.29	3.21	2.52	3.16	3.05	2.41	2.5	1.53	2.53	1.56	2.55	1.57	2.44	1.53	0.25	1.83	2.02	1.83	2.09	1.88	2.09	1.79	2.02	3.25	3.1	2.37	3.2	3.0	2.3	3.2	3.1	2.35	3.35	3.16	2.42	3.1	3.0	2.4	3.1	3.2	2.38	3.35	3.28	2.44	3.19	3.1	2.36	2.3	1.61	2.43	1.61	2.45	1.62	2.34	1.58	0.25	1.83	2.02	1.86	2.05	1.9	2.11	1.82	2.01	scotland																																																																										2022-08-13 14:00:00+00:00	scotland:20220813T1400Z:livingston:hibernian:14	scotland:livingston	scotland:hibernian	sco.1:2022-23	sco.1:2022-23-rules-v1	2	6.0	3.0	1.0	1.0	0.0	0.5	6.090909090909091	19.0	0.18016528925619835	2	6.125	4.0	1.0	0.5	0.5	0.5	13.636363636363635	5.454545454545454	0.07359307359307359	2022-23	3.0	4.0	6.0	6.125	1.0	1.0	2022-08-13 13:59:59.999999+00:00
SC0	2022-08-13	15:00	Rangers	St Johnstone	4	0	H	1	0	H	N Walsh	24	4	8	1	9	10	9	1	1	2	0	0	1.18	7.0	17.0	1.18	6.75	16.5	1.2	6.5	17.0	1.19	7.16	18.43	1.17	6.0	21.0	1.17	6.5	20.0	1.2	7.16	21.0	1.18	6.65	16.91	1.72	2.1	1.69	2.24	1.76	2.24	1.69	2.15	-2.0	2.02	1.83	2.02	1.87	2.06	1.87	2.0	1.81	1.15	7.5	17.0	1.16	7.25	17.5	1.2	7.25	12.0	1.16	7.91	21.23	1.14	6.5	23.0	1.14	7.0	23.0	1.2	8.0	25.0	1.15	7.26	18.75	1.61	2.3	1.61	2.39	1.65	2.39	1.61	2.27	-2.0	1.85	2.0	1.84	2.06	1.98	2.06	1.84	1.98	scotland																																																																										2022-08-13 14:00:00+00:00	scotland:20220813T1400Z:rangers:st-johnstone:15	scotland:rangers	scotland:st-johnstone	sco.1:2022-23	sco.1:2022-23-rules-v1	2	7.0	6.0	2.0	0.5	1.5	0.5	20.454545454545453	4.818181818181818	0.09812409812409811	2	7.0	3.0	1.0	1.0	0.0	0.0	5.090909090909091	13.636363636363635	0.03636363636363637	2022-23	6.0	3.0	7.0	7.0	2.0	1.0	2022-08-13 13:59:59.999999+00:00
SC0	2022-08-13	15:00	St Mirren	Ross County	1	0	H	0	0	D	G Irvine	8	5	2	1	10	10	6	5	1	1	0	0	2.4	3.2	3.1	2.35	3.2	2.95	2.35	3.25	3.1	2.41	3.33	3.2	2.3	3.2	3.0	2.4	3.13	3.1	2.41	3.37	3.25	2.35	3.24	3.06	2.2	1.66	2.23	1.71	2.23	1.74	2.15	1.68	-0.25	2.02	1.83	2.06	1.85	2.12	1.88	2.01	1.8	2.4	3.1	3.2	2.35	3.1	3.0	2.4	3.15	3.1	2.49	3.18	3.21	2.35	3.0	3.1	2.38	3.2	3.1	2.49	3.27	3.3	2.38	3.13	3.12	2.2	1.66	2.28	1.68	2.35	1.71	2.2	1.65	-0.25	2.1	1.77	2.11	1.81	2.11	1.83	2.03	1.8	scotland																																																																										2022-08-13 14:00:00+00:00	scotland:20220813T1400Z:st-mirren:ross-county:16	scotland:st-mirren	scotland:ross-county	sco.1:2022-23	sco.1:2022-23-rules-v1	2	7.0	0.0	0.5	2.5	-2.0	0.0	16.636363636363637	11.545454545454545	0.030303030303030304	2	7.0	0.0	1.0	2.5	-1.5	0.0	10.727272727272727	16.454545454545453	0.10454545454545455	2022-23	0.0	0.0	7.0	7.0	0.5	1.0	2022-08-13 13:59:59.999999+00:00
SC0	2022-08-14	12:00	Kilmarnock	Celtic	0	5	A	0	3	A	D Dickinson	12	20	3	11	18	11	2	8	4	2	0	0	17.0	6.5	1.2	13.5	6.75	1.2	14.0	6.75	1.2	13.83	7.05	1.22	15.0	6.0	1.2	15.0	6.5	1.17	17.0	7.1	1.22	13.55	6.64	1.2	1.53	2.5	1.54	2.58	1.57	2.65	1.5	2.51	2.0	1.83	2.02	1.86	2.04	1.89	2.05	1.82	1.99	17.0	7.5	1.16	13.5	7.5	1.18	14.0	7.5	1.17	15.87	8.26	1.17	15.0	7.0	1.17	15.0	8.0	1.15	19.0	8.26	1.18	14.79	7.44	1.17	1.4	3.0	1.44	2.86	1.45	3.0	1.42	2.81	2.0	2.02	1.83	2.04	1.85	2.08	1.87	2.01	1.81	scotland																																																																										2022-08-14 11:00:00+00:00	scotland:20220814T1100Z:kilmarnock:celtic:17	scotland:kilmarnock	scotland:celtic	sco.1:2022-23	sco.1:2022-23-rules-v1	2	7.875	1.0	0.5	1.5	-1.0	0.0	15.454545454545453	9.0	0.04545454545454545	2	7.875	6.0	2.5	0.5	2.0	0.5	21.36363636363636	5.0	0.10163749294184075	2022-23	1.0	6.0	7.875	7.875	0.5	2.5	2022-08-14 10:59:59.999999+00:00
SC0	2022-08-14	15:00	Hearts	Dundee United	4	1	H	1	0	H	C Steven	13	10	12	2	8	11	3	2	0	4	0	0	1.6	3.75	6.5	1.58	3.8	5.5	1.6	3.85	5.75	1.6	4.13	6.05	1.6	3.7	5.8	1.57	3.8	5.75	1.63	4.13	6.5	1.59	3.9	5.66	2.0	1.85	1.98	1.91	2.04	1.91	1.94	1.85	-1.0	2.05	1.8	2.11	1.82	2.11	1.85	2.04	1.78	1.5	4.0	7.0	1.5	4.1	6.25	1.5	4.3	6.5	1.52	4.28	7.06	1.52	3.9	6.5	1.5	4.2	6.5	1.55	4.3	7.19	1.51	4.13	6.42	1.88	1.98	1.9	1.98	1.99	2.01	1.85	1.93	-1.0	1.83	2.02	1.89	2.01	1.94	2.06	1.85	1.96	scotland																																																																										2022-08-14 14:00:00+00:00	scotland:20220814T1400Z:hearts:dundee-united:18	scotland:hearts	scotland:dundee-united	sco.1:2022-23	sco.1:2022-23-rules-v1	2	7.125	4.0	1.5	1.0	0.5	0.0	14.454545454545453	12.0	0.12424242424242424	2	7.0	1.0	0.5	1.0	-0.5	0.0	7.545454545454545	16.727272727272727	0.11688311688311687	2022-23	4.0	1.0	7.125	7.0	1.5	0.5	2022-08-14 13:59:59.999999+00:00
SC0	2022-08-20	12:30	Hibernian	Rangers	2	2	D	0	1	A	W Collum	14	9	5	2	19	7	5	3	4	2	0	2	5.5	4.0	1.6	5.25	3.9	1.61	5.5	3.95	1.6	5.61	4.26	1.62	5.5	3.8	1.6	5.5	4.0	1.6	5.75	4.26	1.62	5.42	4.0	1.6	1.85	2.0	1.91	1.98	1.91	2.01	1.86	1.93	1.0	1.77	2.1	1.83	2.09	1.83	2.14	1.77	2.06	6.0	4.0	1.55	5.75	3.9	1.55	5.75	4.1	1.57	6.01	4.37	1.57	6.0	3.75	1.57	5.75	4.0	1.57	6.25	4.37	1.62	5.68	4.03	1.58	1.93	1.93	1.93	1.96	1.94	2.03	1.87	1.91	1.0	1.9	1.95	1.92	1.99	1.93	2.1	1.81	2.01	scotland																																																																										2022-08-20 11:30:00+00:00	scotland:20220820T1130Z:hibernian:rangers:19	scotland:hibernian	scotland:rangers	sco.1:2022-23	sco.1:2022-23-rules-v1	3	6.895833333333333	4.0	1.0	1.0	0.0	0.3333333333333333	15.33884297520661	6.644628099173553	0.06811765309789024	3	6.895833333333333	9.0	2.6666666666666665	0.3333333333333333	2.3333333333333335	0.6666666666666666	21.099173553719005	4.669421487603306	0.11058638331365603	2022-23	4.0	9.0	6.895833333333333	6.895833333333333	1.0	2.6666666666666665	2022-08-20 11:29:59.999999+00:00
SC0	2022-08-20	15:00	Dundee United	St Mirren	0	3	A	0	1	A	M MacDermid	13	12	3	5	10	17	6	7	3	2	0	0	2.45	3.0	3.2	2.45	3.0	3.0	2.45	3.05	3.1	2.49	3.14	3.25	2.45	3.0	3.0	2.5	3.0	3.1	2.5	3.25	3.25	2.44	3.07	3.08	2.37	1.57	2.41	1.62	2.5	1.62	2.36	1.57	-0.25	2.1	1.77	2.11	1.82	2.19	1.82	2.06	1.77	2.37	3.0	3.3	2.35	3.0	3.1	2.4	3.1	3.2	2.39	3.2	3.37	2.4	3.0	3.1	2.4	3.1	3.13	2.5	3.25	3.37	2.38	3.08	3.18	2.37	1.57	2.4	1.62	2.5	1.62	2.36	1.57	-0.25	2.02	1.83	2.03	1.88	2.07	1.88	2.0	1.82	scotland																																																																										2022-08-20 14:00:00+00:00	scotland:20220820T1400Z:dundee-united:st-mirren:20	scotland:dundee-united	scotland:st-mirren	sco.1:2022-23	sco.1:2022-23-rules-v1	3	6.0	1.0	0.6666666666666666	2.0	-1.3333333333333333	0.0	7.991735537190082	16.049586776859503	0.11381345926800471	3	7.0	3.0	0.6666666666666666	1.6666666666666667	-1.0	0.3333333333333333	15.066115702479339	10.355371900826444	0.04752066115702479	2022-23	1.0	3.0	6.0	7.0	0.6666666666666666	0.6666666666666666	2022-08-20 13:59:59.999999+00:00
SC0	2022-08-20	15:00	Motherwell	Livingston	1	0	H	0	0	D	N Walsh	13	5	2	1	15	16	2	1	1	0	0	1	2.37	3.0	3.3	2.3	3.1	3.1	2.35	3.15	3.25	2.45	3.15	3.31	2.35	3.0	3.2	2.38	3.1	3.13	2.45	3.31	3.31	2.35	3.12	3.17	2.3	1.61	2.34	1.65	2.38	1.65	2.28	1.61	-0.25	2.02	1.83	2.08	1.84	2.08	1.88	2.0	1.82	2.37	3.0	3.3	2.35	3.0	3.1	2.4	3.1	3.15	2.5	2.95	3.47	2.45	3.0	3.1	2.4	3.1	3.13	2.5	3.29	3.47	2.41	3.02	3.19	2.37	1.57	2.38	1.63	2.38	1.65	2.3	1.6	-0.25	2.05	1.8	2.09	1.83	2.09	1.84	2.03	1.79	scotland																																																																										2022-08-20 14:00:00+00:00	scotland:20220820T1400Z:motherwell:livingston:21	scotland:motherwell	scotland:livingston	sco.1:2022-23	sco.1:2022-23-rules-v1	3	7.0	6.0	1.6666666666666667	1.3333333333333333	0.3333333333333333	0.3333333333333333	11.264462809917354	16.75206611570248	0.11548499347542408	3	7.0	6.0	1.3333333333333333	1.0	0.3333333333333333	0.3333333333333333	7.165289256198347	19.727272727272727	0.17771099423991985	2022-23	6.0	6.0	7.0	7.0	1.6666666666666667	1.3333333333333333	2022-08-20 13:59:59.999999+00:00
SC0	2022-08-20	15:00	Ross County	Kilmarnock	1	0	H	0	0	D	D Munro	8	14	5	2	15	16	1	7	3	4	1	0	2.37	3.2	3.1	2.25	3.2	3.2	2.35	3.2	3.1	2.35	3.34	3.29	2.35	3.1	3.1	2.38	3.1	3.2	2.45	3.34	3.29	2.33	3.19	3.13	2.2	1.66	2.27	1.68	2.3	1.68	2.24	1.63	-0.25	2.0	1.85	2.01	1.89	2.04	1.9	1.99	1.83	2.2	3.25	3.4	2.25	3.1	3.25	2.25	3.2	3.35	2.23	3.29	3.62	2.3	3.1	3.2	2.25	3.2	3.3	2.37	3.37	3.62	2.25	3.17	3.32	2.2	1.66	2.28	1.68	2.29	1.68	2.23	1.64	-0.25	1.88	1.98	1.9	2.0	1.98	2.0	1.91	1.9	scotland																																																																										2022-08-20 14:00:00+00:00	scotland:20220820T1400Z:ross-county:kilmarnock:22	scotland:ross-county	scotland:kilmarnock	sco.1:2022-23	sco.1:2022-23-rules-v1	3	7.0	0.0	0.6666666666666666	2.0	-1.3333333333333333	0.0	9.68595041322314	14.917355371900825	0.08553719008264463	3	6.125	1.0	0.3333333333333333	2.6666666666666665	-2.3333333333333335	0.0	14.826446280991734	11.0	0.03719008264462809	2022-23	0.0	1.0	7.0	6.125	0.6666666666666666	0.3333333333333333	2022-08-20 13:59:59.999999+00:00
SC0	2022-08-20	15:00	St Johnstone	Aberdeen	0	1	A	0	0	D	C Napier	7	15	1	4	18	12	5	5	5	0	0	0	3.6	3.1	2.2	3.4	3.0	2.2	3.4	3.1	2.3	3.62	3.22	2.27	3.4	3.0	2.25	3.5	3.1	2.2	3.62	3.25	2.3	3.45	3.11	2.22	2.5	1.53	2.48	1.59	2.55	1.59	2.43	1.54	0.25	1.98	1.88	1.98	1.93	2.02	1.93	1.93	1.88	3.6	3.1	2.2	3.4	3.0	2.2	3.4	3.1	2.25	3.75	3.21	2.22	3.5	3.0	2.2	3.4	3.2	2.2	3.75	3.26	2.31	3.47	3.11	2.22	2.37	1.57	2.45	1.6	2.5	1.6	2.39	1.56	0.25	1.98	1.88	2.02	1.88	2.02	1.94	1.92	1.89	scotland																																																																										2022-08-20 14:00:00+00:00	scotland:20220820T1400Z:st-johnstone:aberdeen:23	scotland:st-johnstone	scotland:aberdeen	sco.1:2022-23	sco.1:2022-23-rules-v1	3	7.0	3.0	0.6666666666666666	2.0	-1.3333333333333333	0.0	4.892561983471074	15.520661157024792	0.029752066115702483	3	7.0	3.0	2.0	2.0	0.0	0.0	9.314049586776859	18.404958677685947	0.051845387813767255	2022-23	3.0	3.0	7.0	7.0	0.6666666666666666	2.0	2022-08-20 13:59:59.999999+00:00
SC0	2022-08-21	15:00	Celtic	Hearts	2	0	H	1	0	H	K Clancy	15	4	7	0	11	12	4	6	0	3	0	2	1.2	7.0	13.0	1.2	6.75	12.5	1.22	6.75	12.0	1.22	7.06	13.61	1.22	5.8	13.0	1.2	6.5	12.0	1.23	7.1	14.0	1.21	6.55	12.42	1.44	2.75	1.48	2.73	1.48	2.8	1.45	2.69	-2.0	2.02	1.77	2.07	1.83	2.08	1.84	2.02	1.8	1.14	9.0	15.0	1.15	8.5	15.0	1.17	8.25	13.0	1.14	9.2	20.09	1.12	8.0	17.0	1.13	8.5	17.0	1.17	9.59	20.09	1.14	8.47	16.13	1.28	3.75	1.33	3.41	1.35	3.75	1.29	3.45	-2.25	1.85	2.0	1.86	2.03	1.9	2.04	1.85	1.97	scotland																																																																										2022-08-21 14:00:00+00:00	scotland:20220821T1400Z:celtic:hearts:24	scotland:celtic	scotland:hearts	sco.1:2022-23	sco.1:2022-23-rules-v1	3	7.125	9.0	3.3333333333333335	0.3333333333333333	3.0	0.6666666666666666	21.11570247933884	6.2727272727272725	0.12861249422514243	3	7.0	7.0	2.3333333333333335	1.0	1.3333333333333333	0.0	14.190082644628097	11.636363636363635	0.1575969485060394	2022-23	9.0	7.0	7.125	7.0	3.3333333333333335	2.3333333333333335	2022-08-21 13:59:59.999999+00:00
SC0	2022-08-27	15:00	Aberdeen	Livingston	5	0	H	1	0	H	C Steven	20	7	6	3	2	11	8	3	0	4	0	1	1.72	3.6	5.0	1.77	3.5	4.5	1.77	3.55	4.7	1.77	3.65	5.22	1.78	3.4	4.6	1.75	3.6	4.6	1.82	3.66	5.22	1.76	3.54	4.73	2.1	1.72	2.16	1.75	2.2	1.75	2.13	1.69	-0.75	2.02	1.83	2.04	1.88	2.06	1.88	1.99	1.83	1.83	3.5	4.5	1.78	3.4	4.5	1.83	3.5	4.5	1.85	3.53	4.85	1.83	3.3	4.5	1.83	3.5	4.4	1.85	3.65	5.23	1.81	3.48	4.54	2.2	1.66	2.29	1.68	2.29	1.73	2.19	1.66	-0.5	1.83	2.02	1.85	2.06	1.86	2.12	1.81	2.01	scotland																																																																										2022-08-27 14:00:00+00:00	scotland:20220827T1400Z:aberdeen:livingston:25	scotland:aberdeen	scotland:livingston	sco.1:2022-23	sco.1:2022-23-rules-v1	4	7.0	6.0	1.75	1.5	0.25	0.25	10.34785875281743	16.331329827197592	0.05454016578702169	4	7.0	6.0	1.0	1.0	0.0	0.25	6.77160030052592	18.504132231404956	0.14539990437811623	2022-23	6.0	6.0	7.0	7.0	1.75	1.0	2022-08-27 13:59:59.999999+00:00
SC0	2022-08-27	15:00	Kilmarnock	Motherwell	2	1	H	0	1	A	E Anderson	21	10	4	6	11	20	8	4	2	1	0	0	2.62	3.25	2.75	2.4	3.2	2.6	2.65	3.2	2.75	2.77	3.26	2.78	2.6	3.1	2.75	2.55	3.2	2.8	2.77	3.36	2.88	2.62	3.2	2.72	2.2	1.66	2.25	1.7	2.25	1.76	2.15	1.68	0.0	1.9	1.95	1.94	1.96	1.95	2.01	1.87	1.94	2.75	3.25	2.7	2.45	3.1	2.65	2.75	3.15	2.65	2.89	3.19	2.72	2.7	3.1	2.62	2.7	3.25	2.63	2.89	3.35	3.0	2.71	3.15	2.67	2.2	1.66	2.26	1.69	2.28	1.72	2.19	1.66	0.0	2.0	1.85	2.01	1.89	2.05	1.95	1.94	1.87	scotland																																																																										2022-08-27 14:00:00+00:00	scotland:20220827T1400Z:kilmarnock:motherwell:26	scotland:kilmarnock	scotland:motherwell	sco.1:2022-23	sco.1:2022-23-rules-v1	4	7.0	1.0	0.25	2.25	-2.0	0.0	14.676183320811417	10.454545454545455	0.030428249436513892	4	7.0	9.0	1.5	1.0	0.5	0.5	11.580015026296016	14.615326821938392	0.10847373592045187	2022-23	1.0	9.0	7.0	7.0	0.25	1.5	2022-08-27 13:59:59.999999+00:00
SC0	2022-08-27	15:00	Rangers	Ross County	4	0	H	2	0	H	D Robertson	31	4	13	0	10	10	7	1	2	2	0	0	1.14	8.5	17.0	1.16	7.5	17.0	1.17	7.5	16.0	1.15	8.65	19.72	1.14	7.0	19.0	1.14	7.5	19.0	1.17	8.65	21.0	1.15	7.64	17.43	1.44	2.75	1.48	2.71	1.5	2.8	1.47	2.62	-2.25	2.05	1.8	2.08	1.83	2.09	1.83	2.03	1.79	1.11	9.5	21.0	1.12	9.0	21.0	1.15	8.0	19.0	1.12	10.35	26.15	1.1	8.0	29.0	1.1	9.0	23.0	1.15	10.35	29.0	1.12	8.71	20.74	1.4	3.0	1.4	3.03	1.47	3.03	1.41	2.84	-2.25	1.77	2.1	1.83	2.05	2.0	2.13	1.82	2.0	scotland																																																																										2022-08-27 14:00:00+00:00	scotland:20220827T1400Z:rangers:ross-county:27	scotland:rangers	scotland:ross-county	sco.1:2022-23	sco.1:2022-23-rules-v1	4	7.104166666666667	10.0	2.5	0.75	1.75	0.5	18.899323816679185	6.365890308039068	0.13088380856975895	4	7.0	3.0	0.75	1.5	-0.75	0.25	9.379413974455295	14.750563486100674	0.0927122464312547	2022-23	10.0	3.0	7.104166666666667	7.0	2.5	0.75	2022-08-27 13:59:59.999999+00:00
SC0	2022-08-27	15:00	St Mirren	Hibernian	1	0	H	1	0	H	G Grainger	14	14	2	1	8	12	4	10	1	3	0	0	3.5	3.1	2.25	3.1	3.1	2.35	3.3	3.15	2.3	3.45	3.18	2.36	3.25	3.1	2.25	3.3	3.1	2.3	3.5	3.28	2.4	3.3	3.12	2.29	2.3	1.61	2.38	1.63	2.39	1.63	2.31	1.59	0.25	1.88	1.98	1.91	2.0	1.91	2.01	1.86	1.95	3.4	3.1	2.25	3.2	3.1	2.25	3.3	3.1	2.3	3.43	3.12	2.4	3.2	3.1	2.3	3.4	3.1	2.25	3.51	3.3	2.4	3.3	3.09	2.3	2.3	1.61	2.38	1.63	2.38	1.64	2.31	1.59	0.25	1.88	1.98	1.88	2.03	1.94	2.03	1.87	1.94	scotland																																																																										2022-08-27 14:00:00+00:00	scotland:20220827T1400Z:st-mirren:hibernian:28	scotland:st-mirren	scotland:hibernian	sco.1:2022-23	sco.1:2022-23-rules-v1	4	7.0	6.0	1.25	1.25	0.0	0.5	14.508640120210368	10.836213373403453	0.0843350864012021	4	7.104166666666667	5.0	1.25	1.25	0.0	0.25	15.095416979714498	7.072877535687453	0.08170665123593616	2022-23	6.0	5.0	7.0	7.104166666666667	1.25	1.25	2022-08-27 13:59:59.999999+00:00
SC0	2022-08-28	12:00	Dundee United	Celtic	0	9	A	0	4	A	S McLean	6	30	2	13	6	7	2	11	1	0	0	0	15.0	8.0	1.16	15.5	8.0	1.15	16.0	7.75	1.15	19.21	8.01	1.17	19.0	7.0	1.14	17.0	7.5	1.13	19.21	8.5	1.18	16.57	7.62	1.15	1.44	2.75	1.48	2.72	1.48	2.9	1.42	2.76	2.0	2.02	1.77	2.09	1.82	2.14	1.85	2.05	1.77	19.0	10.0	1.11	19.0	9.75	1.11	16.0	9.5	1.12	28.74	10.78	1.11	26.0	8.5	1.1	26.0	9.5	1.09	28.74	10.9	1.14	21.47	9.46	1.11	1.33	3.4	1.34	3.34	1.42	3.4	1.34	3.2	2.5	1.95	1.9	1.95	1.93	1.98	2.2	1.89	1.93	scotland																																																																										2022-08-28 11:00:00+00:00	scotland:20220828T1100Z:dundee-united:celtic:29	scotland:dundee-united	scotland:celtic	sco.1:2022-23	sco.1:2022-23-rules-v1	4	7.875	1.0	0.5	2.25	-1.75	0.0	8.902329075882793	15.313298271975956	0.0931201030374584	4	6.875	12.0	3.0	0.25	2.75	0.75	20.003756574004502	5.859504132231405	0.12947082860844986	2022-23	1.0	12.0	7.875	6.875	0.5	3.0	2022-08-28 10:59:59.999999+00:00
SC0	2022-08-28	15:00	Hearts	St Johnstone	3	2	H	2	1	H	J Beaton	27	9	6	5	9	13	3	4	0	4	0	0	1.65	3.75	5.75	1.62	3.7	5.5	1.63	3.75	5.75	1.65	3.8	6.16	1.62	3.6	5.8	1.6	3.6	5.75	1.67	3.88	6.25	1.62	3.72	5.73	2.1	1.72	2.12	1.78	2.19	1.78	2.09	1.72	-0.75	1.8	2.05	1.85	2.07	1.85	2.09	1.79	2.02	1.83	3.5	4.75	1.85	3.3	4.33	1.85	3.45	4.4	1.84	3.46	5.09	1.85	3.3	4.33	1.83	3.5	4.4	1.89	3.65	5.15	1.82	3.42	4.55	2.2	1.66	2.22	1.71	2.25	1.75	2.16	1.67	-0.5	1.8	2.05	1.84	2.08	1.89	2.25	1.81	2.01	scotland																																																																										2022-08-28 14:00:00+00:00	scotland:20220828T1400Z:hearts:st-johnstone:30	scotland:hearts	scotland:st-johnstone	sco.1:2022-23	sco.1:2022-23-rules-v1	4	7.0	7.0	1.75	1.25	0.5	0.0	12.337340345604805	12.24793388429752	0.12894295786857768	4	8.0	3.0	0.5	1.75	-1.25	0.0	5.2757325319308785	15.425995492111191	0.02434259954921112	2022-23	7.0	3.0	7.0	8.0	1.75	0.5	2022-08-28 13:59:59.999999+00:00
SC0	2022-09-03	12:30	Celtic	Rangers	4	0	H	3	0	H	N Walsh	15	11	6	2	12	11	3	4	3	3	0	0	1.85	3.75	4.0	1.9	3.6	3.75	1.9	3.65	3.85	1.87	3.84	4.26	1.83	3.7	4.0	1.87	3.75	3.9	1.93	4.05	4.33	1.86	3.69	4.01	1.72	2.1	1.75	2.17	1.82	2.22	1.74	2.08	-0.5	1.85	2.0	1.87	2.04	1.9	2.04	1.85	1.97	1.75	3.8	4.5	1.72	3.8	4.4	1.83	3.5	4.4	1.79	3.81	4.76	1.75	3.8	4.2	1.7	4.0	4.5	1.83	4.15	4.76	1.77	3.8	4.39	1.72	2.1	1.74	2.18	1.8	2.29	1.71	2.12	-0.75	2.02	1.83	2.01	1.9	2.05	1.93	1.97	1.86	scotland																																																																										2022-09-03 11:30:00+00:00	scotland:20220903T1130Z:celtic:rangers:31	scotland:celtic	scotland:rangers	sco.1:2022-23	sco.1:2022-23-rules-v1	5	6.020833333333333	15.0	4.2	0.2	4.0	0.8	21.821255378730953	5.885048835462058	0.1604761324978226	5	6.895833333333333	13.0	2.8	0.6	2.2	0.6	21.09944675910115	5.935728433850147	0.13054716302335115	2022-23	15.0	13.0	6.020833333333333	6.895833333333333	4.2	2.8	2022-09-03 11:29:59.999999+00:00
SC0	2022-09-03	15:00	Hibernian	Kilmarnock	1	0	H	1	0	H	J Beaton	25	7	8	1	12	10	7	3	2	3	0	1	1.7	3.6	5.25	1.63	3.7	5.5	1.7	3.7	5.25	1.72	3.79	5.37	1.67	3.6	5.25	1.7	3.6	5.25	1.72	3.85	5.5	1.68	3.69	5.11	2.1	1.72	2.13	1.78	2.13	1.81	2.04	1.76	-0.75	1.9	1.95	1.93	1.97	1.93	2.0	1.88	1.93	1.65	3.75	5.75	1.65	3.6	5.5	1.7	3.65	5.25	1.68	3.72	5.99	1.67	3.5	5.5	1.65	3.75	5.5	1.73	3.85	5.99	1.68	3.63	5.33	2.1	1.72	2.11	1.78	2.13	1.8	2.06	1.74	-0.75	1.83	2.02	1.88	2.03	1.89	2.09	1.85	1.96	scotland																																																																										2022-09-03 14:00:00+00:00	scotland:20220903T1400Z:hibernian:kilmarnock:32	scotland:hibernian	scotland:kilmarnock	sco.1:2022-23	sco.1:2022-23-rules-v1	5	7.0	5.0	1.0	1.2	-0.2	0.2	14.896250256130042	8.332354347380642	0.06685089646576595	5	7.0	4.0	0.6	2.0	-1.4	0.0	15.825968171572976	10.37190082644628	0.042211857764074136	2022-23	5.0	4.0	7.0	7.0	1.0	0.6	2022-09-03 13:59:59.999999+00:00
SC0	2022-09-03	15:00	Livingston	Hearts	1	0	H	1	0	H	W Collum	12	6	6	0	13	13	3	3	4	2	0	0	3.4	3.25	2.2	3.25	3.3	2.15	3.25	3.35	2.25	3.38	3.47	2.26	3.3	3.2	2.2	3.4	3.25	2.2	3.5	3.47	2.26	3.28	3.32	2.2	2.1	1.72	2.06	1.84	2.17	1.84	2.04	1.76	0.25	1.95	1.9	1.96	1.94	1.99	1.94	1.92	1.89	3.4	3.4	2.2	3.25	3.4	2.1	3.3	3.45	2.15	3.43	3.55	2.2	3.4	3.3	2.1	3.3	3.4	2.15	3.5	3.57	2.2	3.32	3.42	2.14	1.93	1.93	1.97	1.92	2.0	1.95	1.92	1.86	0.25	1.95	1.9	2.01	1.9	2.01	1.95	1.96	1.85	scotland																																																																										2022-09-03 14:00:00+00:00	scotland:20220903T1400Z:livingston:hearts:33	scotland:livingston	scotland:hearts	sco.1:2022-23	sco.1:2022-23-rules-v1	5	7.0	6.0	0.8	1.8	-1.0	0.2	6.813127518612116	18.776108189331325	0.11896355812754963	5	6.0	10.0	2.0	1.4	0.6	0.0	15.003278464585748	11.657400450788879	0.12570080391267466	2022-23	6.0	10.0	7.0	6.0	0.8	2.0	2022-09-03 13:59:59.999999+00:00
SC0	2022-09-03	15:00	Motherwell	Dundee United	0	0	D	0	0	D	C Napier	21	11	5	3	16	15	3	6	2	1	0	0	1.95	3.3	4.2	1.95	3.3	3.8	2.0	3.35	3.9	2.03	3.42	4.09	1.91	3.4	4.0	1.95	3.3	4.0	2.03	3.5	4.2	1.98	3.35	3.89	2.1	1.72	2.22	1.71	2.23	1.77	2.14	1.69	-0.5	2.0	1.85	2.03	1.88	2.03	1.91	1.98	1.84	1.95	3.3	4.2	1.93	3.3	3.9	1.97	3.4	3.95	2.02	3.41	4.17	1.88	3.3	4.2	1.93	3.3	4.2	2.02	3.5	4.2	1.96	3.36	3.96	2.2	1.66	2.22	1.71	2.23	1.78	2.14	1.69	-0.5	1.98	1.88	2.02	1.89	2.02	1.94	1.96	1.86	scotland																																																																										2022-09-03 14:00:00+00:00	scotland:20220903T1400Z:motherwell:dundee-united:34	scotland:motherwell	scotland:dundee-united	sco.1:2022-23	sco.1:2022-23-rules-v1	5	7.0	9.0	1.4	1.2	0.2	0.4	11.292739566969466	15.776176490676866	0.10693305666218789	5	6.125	1.0	0.4	3.6	-3.2	0.0	8.37463288026774	17.983607677071234	0.07618917521246596	2022-23	9.0	1.0	7.0	6.125	1.4	0.4	2022-09-03 13:59:59.999999+00:00
SC0	2022-09-03	15:00	Ross County	Aberdeen	1	1	D	0	0	D	K Clancy	11	11	2	5	8	5	3	13	0	2	0	0	4.0	3.3	2.0	3.6	3.3	2.0	3.7	3.3	2.05	3.94	3.5	2.04	3.7	3.25	2.05	3.7	3.3	2.05	4.0	3.53	2.1	3.74	3.34	2.03	2.1	1.72	2.15	1.76	2.15	1.79	2.09	1.72	0.5	1.85	2.0	1.87	2.04	1.87	2.05	1.81	2.02	3.6	3.2	2.15	3.4	3.1	2.2	3.45	3.2	2.2	3.58	3.3	2.24	3.5	3.1	2.15	3.3	3.3	2.2	3.6	3.36	2.24	3.44	3.2	2.19	2.2	1.66	2.35	1.65	2.35	1.67	2.25	1.63	0.25	1.95	1.9	1.99	1.92	1.99	1.95	1.93	1.88	scotland																																																																										2022-09-03 14:00:00+00:00	scotland:20220903T1400Z:ross-county:aberdeen:35	scotland:ross-county	scotland:aberdeen	sco.1:2022-23	sco.1:2022-23-rules-v1	5	7.0	3.0	0.6	2.0	-1.4	0.2	8.401338706372513	17.705006488627824	0.07585547435284475	5	7.0	9.0	2.4	1.2	1.2	0.4	12.102793525032443	14.634724404070758	0.09007831746210865	2022-23	3.0	9.0	7.0	7.0	0.6	2.4	2022-09-03 13:59:59.999999+00:00
SC0	2022-09-03	15:00	St Johnstone	St Mirren	3	0	H	1	0	H	C Steven	9	10	4	2	4	15	1	9	2	5	0	0	2.5	3.1	3.0	2.45	3.0	2.95	2.5	3.1	3.05	2.57	3.08	3.19	2.45	3.0	3.1	2.45	3.0	3.13	2.57	3.15	3.19	2.48	3.05	3.03	2.5	1.53	2.65	1.52	2.65	1.55	2.48	1.52	-0.25	2.1	1.7	2.16	1.78	2.16	1.81	2.09	1.75	2.9	3.0	2.62	2.8	2.9	2.65	2.9	2.95	2.65	3.02	3.01	2.75	2.88	2.88	2.7	2.88	3.0	2.63	3.02	3.07	2.8	2.89	2.95	2.66	2.62	1.5	2.72	1.5	2.72	1.52	2.62	1.47	0.0	2.05	1.8	2.05	1.86	2.09	1.87	1.99	1.83	scotland																																																																										2022-09-03 14:00:00+00:00	scotland:20220903T1400Z:st-johnstone:st-mirren:36	scotland:st-johnstone	scotland:st-mirren	sco.1:2022-23	sco.1:2022-23-rules-v1	5	6.0	3.0	0.8	2.0	-1.2	0.0	5.95287207157981	17.530359948090975	0.060320712762485865	5	7.0	9.0	1.2	1.0	0.2	0.6	14.416160098353936	11.411447305511915	0.08198844731526925	2022-23	3.0	9.0	6.0	7.0	0.8	1.2	2022-09-03 13:59:59.999999+00:00
SC0	2022-09-17	15:00	Hibernian	Aberdeen	3	1	H	1	1	D	D Dickinson	25	5	8	1	19	14	10	2	2	4	0	1	2.25	3.25	3.4	2.3	3.1	3.1	2.35	3.2	3.15	2.38	3.29	3.3	2.35	3.1	3.1	2.3	3.1	3.13	2.38	3.29	3.4	2.31	3.18	3.18	2.2	1.66	2.28	1.68	2.3	1.72	2.2	1.65	-0.25	2.0	1.85	2.03	1.88	2.03	1.91	1.97	1.85	2.25	3.3	3.3	2.2	3.25	3.2	2.25	3.3	3.25	2.33	3.29	3.4	2.25	3.2	3.2	2.2	3.3	3.13	2.33	3.34	3.5	2.24	3.25	3.25	2.1	1.72	2.17	1.75	2.23	1.77	2.12	1.7	-0.25	1.95	1.9	1.98	1.93	2.0	1.95	1.92	1.89	scotland																																																																										2022-09-17 14:00:00+00:00	scotland:20220917T1400Z:hibernian:aberdeen:37	scotland:hibernian	scotland:aberdeen	sco.1:2022-23	sco.1:2022-23-rules-v1	6	14.0	5.0	1.0	1.2	0.0	0.3333333333333333	16.733295664106397	8.090108102402343	0.061968915290172136	6	14.0	10.0	2.6	1.0	1.0	0.3333333333333333	11.90228561139018	13.973865421512437	0.09022936717974178	2022-23	5.0	10.0	14.0	14.0	1.0	2.6	2022-09-17 13:59:59.999999+00:00
SC0	2022-09-17	15:00	Livingston	Kilmarnock	1	0	H	1	0	H	G Irvine	9	3	1	1	14	12	5	4	1	2	0	0	2.0	3.3	4.0	1.98	3.3	3.8	2.05	3.3	3.8	2.03	3.45	4.08	2.0	3.25	3.8	1.95	3.25	3.9	2.07	3.45	4.1	2.0	3.31	3.85	2.2	1.66	2.23	1.71	2.25	1.71	2.18	1.66	-0.5	2.0	1.85	2.03	1.88	2.05	1.91	1.99	1.83	2.05	3.25	3.8	2.05	3.2	3.6	2.15	3.2	3.65	2.1	3.24	4.1	2.05	3.2	3.7	2.05	3.2	3.6	2.15	3.34	4.1	2.08	3.19	3.74	2.2	1.66	2.34	1.65	2.34	1.68	2.27	1.62	-0.25	1.77	2.02	1.78	2.14	1.84	2.14	1.77	2.05	scotland																																																																										2022-09-17 14:00:00+00:00	scotland:20220917T1400Z:livingston:kilmarnock:38	scotland:livingston	scotland:kilmarnock	sco.1:2022-23	sco.1:2022-23-rules-v1	6	14.0	9.0	0.8	1.4	-0.6666666666666666	0.3333333333333333	7.756195242500821	16.45317942763472	0.11248533543769212	6	14.0	3.0	0.4	2.0	-1.3333333333333333	0.0	14.221246685832435	13.031555221637866	0.034536974534242475	2022-23	9.0	3.0	14.0	14.0	0.8	0.4	2022-09-17 13:59:59.999999+00:00
SC0	2022-09-17	15:00	Rangers	Dundee United	2	1	H	1	0	H	K Clancy	17	10	6	5	10	8	7	4	3	2	0	0	1.11	9.0	21.0	1.12	9.0	21.0	1.15	7.5	19.0	1.13	9.31	23.59	1.1	8.0	26.0	1.1	8.5	21.0	1.16	9.6	26.0	1.12	8.55	20.86	1.44	2.75	1.46	2.79	1.45	2.9	1.42	2.76	-2.25	1.85	2.0	1.93	1.96	1.89	2.06	1.82	1.99	1.14	8.0	17.0	1.15	8.25	16.0	1.15	7.5	16.0	1.15	8.91	20.06	1.12	7.5	21.0	1.13	8.0	17.0	1.15	9.5	25.5	1.13	8.19	18.56	1.44	2.75	1.42	2.95	1.44	3.0	1.41	2.82	-2.25	1.98	1.88	1.97	1.92	2.05	1.94	1.93	1.88	scotland																																																																										2022-09-17 14:00:00+00:00	scotland:20220917T1400Z:rangers:dundee-united:39	scotland:rangers	scotland:dundee-united	sco.1:2022-23	sco.1:2022-23-rules-v1	6	14.104166666666666	10.0	2.4	1.2	1.1666666666666667	0.5	19.263183711991847	7.583777809513757	0.10681131520092366	6	14.0	1.0	0.2	3.4	-2.6666666666666665	0.16666666666666666	8.851972356582696	18.532042644876462	0.06233659790110851	2022-23	10.0	1.0	14.104166666666666	14.0	2.4	0.2	2022-09-17 13:59:59.999999+00:00
SC0	2022-09-17	15:00	St Johnstone	Ross County	0	0	D	0	0	D	M MacDermid	15	9	1	1	9	12	5	3	4	2	0	0	2.37	3.2	3.2	2.3	3.1	3.1	2.35	3.15	3.2	2.43	3.22	3.28	2.3	3.1	3.2	2.3	3.1	3.1	2.43	3.4	3.55	2.32	3.18	3.15	2.3	1.61	2.44	1.61	2.45	1.61	2.35	1.57	-0.25	2.02	1.83	2.06	1.85	2.06	1.89	1.99	1.82	2.5	3.0	3.2	2.5	2.9	3.0	2.55	2.95	3.1	2.55	2.99	3.32	2.5	2.9	3.1	2.5	3.0	2.9	2.63	3.1	3.32	2.53	2.96	3.05	2.75	1.44	2.77	1.49	2.77	1.53	2.6	1.48	0.0	1.7	2.2	1.71	2.24	1.81	2.24	1.74	2.11	scotland																																																																										2022-09-17 14:00:00+00:00	scotland:20220917T1400Z:st-johnstone:ross-county:40	scotland:st-johnstone	scotland:ross-county	sco.1:2022-23	sco.1:2022-23-rules-v1	6	14.0	6.0	1.4	1.8	-0.5	0.16666666666666666	6.506895331292571	16.161203593892616	0.1099593710480945	6	14.0	4.0	0.6	1.8	-1.1666666666666667	0.16666666666666666	8.873822577941148	16.485914399786402	0.0785924955448895	2022-23	6.0	4.0	14.0	14.0	1.4	0.6	2022-09-17 13:59:59.999999+00:00
SC0	2022-09-18	12:00	St Mirren	Celtic	2	0	H	1	0	H	D Robertson	4	18	2	4	15	11	6	7	3	2	0	0	17.0	7.5	1.16	14.0	7.0	1.18	14.0	7.0	1.2	17.42	7.24	1.19	17.0	6.5	1.17	15.0	7.0	1.15	17.42	7.5	1.21	15.12	6.95	1.18	1.5	2.62	1.51	2.64	1.51	2.8	1.47	2.62	2.0	1.98	1.88	2.0	1.88	2.0	1.96	1.93	1.88	12.0	6.0	1.25	11.5	6.0	1.23	11.0	6.25	1.25	14.63	6.31	1.23	15.0	5.8	1.2	11.0	6.0	1.22	16.7	6.78	1.25	12.75	6.13	1.22	1.53	2.5	1.58	2.45	1.58	2.6	1.53	2.47	1.75	1.9	1.95	1.93	1.95	2.0	2.0	1.94	1.87	scotland																																																																										2022-09-18 11:00:00+00:00	scotland:20220918T1100Z:st-mirren:celtic:41	scotland:st-mirren	scotland:celtic	sco.1:2022-23	sco.1:2022-23-rules-v1	6	14.875	9.0	1.2	1.4	-0.3333333333333333	0.5	13.61322189865322	10.973002340873386	0.06708145689431119	6	14.979166666666666	15.0	4.6	0.2	4.0	0.8333333333333334	20.581027128052597	6.815039956287138	0.17978350234670334	2022-23	9.0	15.0	14.875	14.979166666666666	1.2	4.6	2022-09-18 10:59:59.999999+00:00
SC0	2022-09-18	15:00	Motherwell	Hearts	0	3	A	0	1	A	N Walsh	25	10	5	6	12	13	6	2	3	2	0	0	2.75	3.5	2.5	2.65	3.3	2.55	2.8	3.35	2.5	2.82	3.44	2.62	2.75	3.25	2.5	2.75	3.25	2.5	2.82	3.52	2.62	2.75	3.34	2.5	2.0	1.85	2.03	1.86	2.03	1.89	1.96	1.82	0.0	2.02	1.83	2.03	1.88	2.08	1.89	1.99	1.82	2.55	3.4	2.62	2.55	3.25	2.7	2.55	3.3	2.75	2.68	3.33	2.83	2.55	3.2	2.75	2.5	3.3	2.7	2.68	3.49	2.85	2.54	3.3	2.74	2.0	1.85	2.04	1.85	2.05	1.9	1.98	1.81	0.0	1.9	1.95	1.9	2.01	1.94	2.05	1.85	1.98	scotland																																																																										2022-09-18 14:00:00+00:00	scotland:20220918T1400Z:motherwell:hearts:42	scotland:motherwell	scotland:hearts	sco.1:2022-23	sco.1:2022-23-rules-v1	6	15.0	7.0	1.2	1.2	0.16666666666666666	0.5	13.057696009338654	14.907780765099252	0.08749068272360827	6	15.0	7.0	1.6	1.4	0.3333333333333333	0.0	13.366318743751975	11.719691277918173	0.10284611229218835	2022-23	7.0	7.0	15.0	15.0	1.2	1.6	2022-09-18 13:59:59.999999+00:00
SC0	2022-10-01	12:30	Hearts	Rangers	0	4	A	0	2	A	S McLean	7	20	1	7	11	12	5	7	1	2	1	0	5.0	4.0	1.7	4.5	3.9	1.7	4.7	3.95	1.7	4.93	4.29	1.68	4.75	3.8	1.67	4.6	4.0	1.65	5.0	4.29	1.72	4.68	4.02	1.67	1.66	2.2	1.69	2.27	1.69	2.35	1.63	2.24	0.75	2.0	1.85	2.06	1.85	2.06	1.89	1.97	1.84	5.5	4.5	1.53	5.5	4.2	1.55	5.25	4.4	1.57	5.8	4.46	1.56	5.8	4.0	1.53	5.75	4.33	1.5	6.0	4.61	1.59	5.61	4.35	1.53	1.61	2.3	1.68	2.28	1.72	2.38	1.61	2.27	1.0	1.98	1.88	2.0	1.91	2.02	1.93	1.95	1.87	scotland																																																																										2022-10-01 11:30:00+00:00	scotland:20221001T1130Z:hearts:rangers:43	scotland:hearts	scotland:rangers	sco.1:2022-23	sco.1:2022-23-rules-v1	7	12.895833333333334	9.0	2.0	1.2	0.7142857142857143	0.14285714285714285	12.754260790342524	14.13429286375123	0.13869227369360865	7	13.895833333333334	10.0	2.4	1.4	1.1428571428571428	0.42857142857142855	18.851695764356965	8.023090935056711	0.10878145040503379	2022-23	9.0	10.0	12.895833333333334	13.895833333333334	2.0	2.4	2022-10-01 11:29:59.999999+00:00
SC0	2022-10-01	15:00	Aberdeen	Kilmarnock	4	1	H	3	1	H	K Clancy	16	7	8	3	12	11	5	5	1	2	0	0	1.66	3.6	5.75	1.68	3.6	4.8	1.7	3.65	5.25	1.69	3.85	5.53	1.7	3.5	5.0	1.65	3.6	5.25	1.76	3.85	5.75	1.69	3.67	5.11	2.0	1.8	2.09	1.81	2.14	1.83	2.04	1.76	-0.75	1.88	1.98	1.9	2.01	1.92	2.03	1.87	1.94	1.66	3.75	5.25	1.68	3.6	4.8	1.7	3.7	5.25	1.76	3.71	5.0	1.7	3.5	5.25	1.67	3.7	4.8	1.76	3.82	5.45	1.7	3.66	5.0	2.0	1.8	2.09	1.81	2.1	1.86	2.02	1.77	-0.75	1.95	1.9	1.99	1.92	1.99	1.96	1.91	1.9	scotland																																																																										2022-10-01 14:00:00+00:00	scotland:20221001T1400Z:aberdeen:kilmarnock:44	scotland:aberdeen	scotland:kilmarnock	sco.1:2022-23	sco.1:2022-23-rules-v1	7	14.0	7.0	2.0	1.4	0.5714285714285714	0.2857142857142857	10.64732459113742	15.978617163055631	0.11018766405615238	7	14.0	3.0	0.4	1.8	-1.2857142857142858	0.0	12.181020015681082	12.298545181340073	0.02825752461892566	2022-23	7.0	3.0	14.0	14.0	2.0	0.4	2022-10-01 13:59:59.999999+00:00
SC0	2022-10-01	15:00	Celtic	Motherwell	2	1	H	1	1	D	J Beaton	17	7	6	2	10	9	7	4	1	4	1	0	1.11	10.0	17.0	1.11	9.5	20.0	1.12	9.0	19.0	1.14	9.75	19.24	1.11	8.0	21.0	1.1	9.0	19.0	1.14	10.0	23.0	1.11	9.08	19.06	1.33	3.4	1.34	3.36	1.36	3.6	1.31	3.34	-2.5	1.95	1.9	2.0	1.89	2.0	1.93	1.94	1.87	1.1	10.0	19.0	1.1	11.0	20.0	1.1	10.0	22.0	1.11	10.89	24.44	1.08	9.0	26.0	1.08	9.5	21.0	1.12	11.0	26.0	1.1	9.92	22.06	1.3	3.5	1.31	3.54	1.34	3.7	1.3	3.41	-2.5	1.85	2.0	1.87	2.02	1.92	2.06	1.84	1.97	scotland																																																																										2022-10-01 14:00:00+00:00	scotland:20221001T1400Z:celtic:motherwell:45	scotland:celtic	scotland:motherwell	sco.1:2022-23	sco.1:2022-23-rules-v1	7	13.125	12.0	4.0	0.4	3.142857142857143	0.7142857142857143	20.111749468406668	6.303214509689476	0.1470955928291209	7	13.0	7.0	1.0	1.4	-0.2857142857142857	0.42857142857142855	15.229024007640717	14.01545698962666	0.0715832858647704	2022-23	12.0	7.0	13.125	13.0	4.0	1.0	2022-10-01 13:59:59.999999+00:00
SC0	2022-10-01	15:00	Dundee United	St Johnstone	1	2	A	0	2	A	D Munro	19	12	6	3	11	11	9	0	5	3	0	0	2.4	3.2	3.1	2.45	2.95	3.0	2.45	3.1	3.05	2.6	3.07	3.15	2.45	3.0	3.0	2.45	3.0	3.0	2.6	3.21	3.15	2.48	3.05	3.03	2.37	1.57	2.52	1.57	2.52	1.58	2.41	1.55	-0.25	2.08	1.73	2.18	1.75	2.2	1.81	2.1	1.73	2.37	3.0	3.3	2.35	2.95	3.25	2.35	3.05	3.3	2.39	3.06	3.43	2.3	3.0	3.3	2.3	3.0	3.25	2.48	3.15	3.47	2.34	3.01	3.3	2.62	1.5	2.63	1.53	2.7	1.55	2.55	1.5	-0.25	1.98	1.88	2.02	1.88	2.05	1.93	1.96	1.84	scotland																																																																										2022-10-01 14:00:00+00:00	scotland:20221001T1400Z:dundee-united:st-johnstone:46	scotland:dundee-united	scotland:st-johnstone	sco.1:2022-23	sco.1:2022-23-rules-v1	7	14.0	1.0	0.4	3.6	-2.4285714285714284	0.14285714285714285	9.060704655385841	18.253489436717103	0.06918448919181605	7	14.0	4.0	1.0	1.6	-0.42857142857142855	0.2857142857142857	8.051096180148466	14.85916657682123	0.08996675813025913	2022-23	1.0	4.0	14.0	14.0	0.4	1.0	2022-10-01 13:59:59.999999+00:00
SC0	2022-10-01	15:00	Ross County	Hibernian	0	2	A	0	0	D	A Muir	9	24	2	9	13	14	6	11	1	0	0	0	3.75	3.3	2.05	3.6	3.2	2.05	3.5	3.35	2.15	3.65	3.45	2.15	3.5	3.2	2.1	3.6	3.25	2.05	3.75	3.47	2.17	3.52	3.35	2.09	2.1	1.72	2.18	1.74	2.23	1.74	2.14	1.69	0.25	2.05	1.8	2.07	1.85	2.12	1.86	2.02	1.79	4.33	3.4	1.9	4.0	3.3	1.9	4.0	3.45	1.95	4.3	3.5	1.93	4.0	3.4	1.91	4.1	3.4	1.87	4.33	3.55	2.0	4.0	3.42	1.93	2.2	1.66	2.25	1.7	2.29	1.75	2.17	1.67	0.5	1.95	1.9	1.97	1.93	1.98	1.95	1.9	1.91	scotland																																																																										2022-10-01 14:00:00+00:00	scotland:20221001T1400Z:ross-county:hibernian:47	scotland:ross-county	scotland:hibernian	sco.1:2022-23	sco.1:2022-23-rules-v1	7	14.0	5.0	0.4	1.2	-1.0	0.2857142857142857	8.896763927406393	16.215748145279782	0.06430295090036414	7	14.0	7.0	1.4	1.2	0.2857142857142857	0.2857142857142857	18.23633281608705	7.5282702656019165	0.07252002160104992	2022-23	5.0	7.0	14.0	14.0	0.4	1.4	2022-10-01 13:59:59.999999+00:00
SC0	2022-10-01	15:00	St Mirren	Livingston	2	1	H	0	0	D	C Napier	8	10	3	3	16	11	6	7	3	1	1	0	2.3	3.2	3.3	2.3	3.2	3.0	2.3	3.2	3.3	2.41	3.17	3.36	2.3	3.1	3.25	2.3	3.1	3.13	2.41	3.3	3.5	2.3	3.17	3.23	2.3	1.61	2.35	1.64	2.38	1.68	2.28	1.61	-0.25	2.02	1.83	2.04	1.87	2.05	1.92	1.97	1.84	2.2	3.1	3.6	2.2	3.1	3.4	2.3	3.1	3.4	2.22	3.03	3.92	2.25	3.0	3.4	2.15	3.1	3.5	2.31	3.25	3.92	2.23	3.08	3.48	2.62	1.5	2.59	1.54	2.62	1.61	2.45	1.53	-0.25	1.88	1.98	1.87	2.04	1.94	2.04	1.88	1.93	scotland																																																																										2022-10-01 14:00:00+00:00	scotland:20221001T1400Z:st-mirren:livingston:48	scotland:st-mirren	scotland:livingston	sco.1:2022-23	sco.1:2022-23-rules-v1	7	13.125	12.0	1.4	0.6	0.0	0.5714285714285714	11.86536337162536	12.250638278896407	0.1457939192771637	7	14.0	9.0	0.8	1.4	-0.42857142857142855	0.42857142857142855	7.982341562046126	14.007146804428405	0.11223547646922283	2022-23	12.0	9.0	13.125	14.0	1.4	0.8	2022-10-01 13:59:59.999999+00:00
SC0	2022-10-04	19:45	Ross County	Motherwell	0	5	A	0	1	A	C Graham	9	11	1	6	16	13	4	3	3	2	0	0	2.87	3.3	2.45	2.87	3.2	2.4	2.95	3.2	2.5	3.08	3.35	2.47	3.0	3.1	2.4	2.9	3.2	2.4	3.08	3.35	2.5	2.95	3.21	2.43	2.1	1.72	2.12	1.78	2.23	1.79	2.12	1.7	0.25	1.77	2.1	1.81	2.12	1.81	2.13	1.76	2.08	2.9	3.3	2.4	2.95	3.1	2.4	3.0	3.2	2.45	3.11	3.23	2.52	2.9	3.2	2.4	2.9	3.2	2.4	3.11	3.41	2.55	2.97	3.18	2.44	2.3	1.61	2.32	1.66	2.37	1.68	2.22	1.64	0.25	1.75	2.13	1.79	2.14	1.8	2.16	1.76	2.09	scotland																																																																										2022-10-04 18:45:00+00:00	scotland:20221004T1845Z:ross-county:motherwell:49	scotland:ross-county	scotland:motherwell	sco.1:2022-23	sco.1:2022-23-rules-v1	8	3.1979166666666665	5.0	0.4	1.4	-1.125	0.25	8.915534122423413	17.63106666431982	0.05261150528211611	8	3.1979166666666665	4.0	0.6	1.4	-0.375	0.375	13.732837824433314	14.558101173330904	0.08454216895429266	2022-23	5.0	4.0	3.1979166666666665	3.1979166666666665	0.4	0.6	2022-10-04 18:44:59.999999+00:00
SC0	2022-10-05	19:45	Kilmarnock	St Johnstone	2	1	H	1	0	H	A Muir	11	15	2	5	16	16	5	5	0	3	0	0	2.3	3.2	3.3	2.3	3.0	3.2	2.3	3.15	3.3	2.21	3.29	3.68	2.35	3.0	3.25	2.25	3.1	3.2	2.35	3.29	3.68	2.25	3.14	3.38	2.37	1.57	2.38	1.63	2.41	1.63	2.34	1.58	-0.25	2.0	1.85	1.88	2.03	2.0	2.03	1.88	1.93	2.2	3.1	3.6	2.15	3.1	3.4	2.25	3.15	3.4	2.25	3.2	3.7	2.3	3.1	3.25	2.1	3.2	3.5	2.32	3.31	3.7	2.21	3.16	3.44	2.37	1.57	2.41	1.62	2.47	1.62	2.36	1.57	-0.25	1.88	1.98	1.91	2.0	1.95	2.03	1.87	1.95	scotland																																																																										2022-10-05 18:45:00+00:00	scotland:20221005T1845Z:kilmarnock:st-johnstone:50	scotland:kilmarnock	scotland:st-johnstone	sco.1:2022-23	sco.1:2022-23-rules-v1	8	4.197916666666667	3.0	0.6	1.6	-1.5	0.0	11.239016376466338	12.971536966550968	0.04909381884405606	8	4.197916666666667	7.0	1.4	1.0	-0.25	0.25	8.769078692848744	15.612045381035552	0.10391219604596959	2022-23	3.0	7.0	4.197916666666667	4.197916666666667	0.6	1.4	2022-10-05 18:44:59.999999+00:00
SC0	2022-10-08	12:30	St Johnstone	Celtic	1	2	A	0	1	A	E Anderson	8	11	3	4	14	10	2	8	3	3	0	0	13.0	7.0	1.2	13.0	6.75	1.2	13.0	6.75	1.2	12.1	7.41	1.22	15.0	6.0	1.2	13.0	6.5	1.18	15.0	7.5	1.22	12.98	6.74	1.2	1.5	2.62	1.5	2.66	1.51	2.7	1.48	2.59	2.0	1.85	2.0	1.88	2.01	1.9	2.05	1.85	1.98	13.0	7.0	1.2	13.0	6.75	1.2	10.0	6.75	1.25	15.17	7.21	1.2	13.0	6.5	1.2	13.0	7.0	1.17	15.17	7.5	1.25	13.33	6.78	1.2	1.57	2.37	1.57	2.48	1.57	2.66	1.52	2.47	2.0	1.85	2.0	1.85	2.05	1.9	2.06	1.83	2.0	scotland																																																																										2022-10-08 11:30:00+00:00	scotland:20221008T1130Z:st-johnstone:celtic:51	scotland:st-johnstone	scotland:celtic	sco.1:2022-23	sco.1:2022-23-rules-v1	9	2.6979166666666665	7.0	1.6	1.2	-0.3333333333333333	0.2222222222222222	9.901973475967154	14.773491675392723	0.09714028161336904	8	6.895833333333333	12.0	3.4	0.6	2.875	0.625	19.545976837787272	6.429902780655025	0.14174131391901335	2022-23	7.0	12.0	2.6979166666666665	6.895833333333333	1.6	3.4	2022-10-08 11:29:59.999999+00:00
SC0	2022-10-08	15:00	Hibernian	Motherwell	1	0	H	0	0	D	G Irvine	14	9	5	1	16	10	3	7	2	4	0	1	1.75	3.6	4.75	1.83	3.5	4.2	1.8	3.55	4.5	1.82	3.61	4.89	1.73	3.5	4.8	1.75	3.5	4.6	1.85	3.73	4.89	1.79	3.54	4.57	2.1	1.72	2.15	1.76	2.17	1.78	2.09	1.72	-0.75	2.05	1.8	2.1	1.83	2.1	1.88	2.03	1.8	1.72	3.8	4.5	1.72	3.6	4.6	1.77	3.7	4.5	1.75	3.82	5.06	1.67	3.7	5.0	1.73	3.6	4.6	1.83	3.92	5.06	1.75	3.69	4.61	1.93	1.93	1.95	1.93	2.15	1.94	1.94	1.84	-0.75	1.95	1.9	1.98	1.92	2.08	1.93	1.96	1.87	scotland																																																																										2022-10-08 14:00:00+00:00	scotland:20221008T1400Z:hibernian:motherwell:52	scotland:hibernian	scotland:motherwell	sco.1:2022-23	sco.1:2022-23-rules-v1	8	7.0	10.0	1.6	0.8	0.5	0.375	19.284272304071223	7.795857490037932	0.0744860782796469	9	3.8020833333333335	4.0	1.4	1.4	0.2222222222222222	0.4444444444444444	13.235958219990893	13.547537323634376	0.15181549360723118	2022-23	10.0	4.0	7.0	3.8020833333333335	1.6	1.4	2022-10-08 13:59:59.999999+00:00
SC0	2022-10-08	15:00	Livingston	Ross County	0	1	A	0	0	D	G Grainger	22	5	3	1	10	18	9	2	0	3	0	0	1.9	3.4	4.2	1.93	3.3	4.0	1.97	3.35	3.95	1.94	3.41	4.51	1.95	3.25	4.0	1.9	3.4	3.9	1.98	3.52	4.6	1.93	3.35	4.12	2.2	1.66	2.23	1.71	2.25	1.72	2.18	1.66	-0.5	1.93	1.93	1.94	1.96	1.97	1.97	1.92	1.9	1.9	3.3	4.33	1.93	3.25	4.0	1.95	3.35	4.1	1.9	3.42	4.74	1.95	3.2	4.2	1.87	3.3	4.2	2.0	3.47	4.74	1.92	3.31	4.24	2.2	1.66	2.28	1.68	2.35	1.68	2.25	1.63	-0.5	1.88	1.98	1.9	2.0	1.95	2.03	1.91	1.92	scotland																																																																										2022-10-08 14:00:00+00:00	scotland:20221008T1400Z:livingston:ross-county:53	scotland:livingston	scotland:ross-county	sco.1:2022-23	sco.1:2022-23-rules-v1	8	7.0	6.0	0.6	1.6	-0.5	0.375	8.349188550765012	12.914938294532332	0.11001084438390958	9	3.8020833333333335	2.0	0.2	2.4	-1.5555555555555556	0.2222222222222222	8.930891554710064	16.425418179898035	0.043045777049004086	2022-23	6.0	2.0	7.0	3.8020833333333335	0.6	0.2	2022-10-08 13:59:59.999999+00:00
SC0	2022-10-08	15:00	Rangers	St Mirren	4	0	H	2	0	H	N Walsh	19	9	8	3	10	10	8	5	0	2	0	0	1.2	6.0	15.0	1.21	6.0	14.0	1.22	6.25	13.0	1.2	6.9	18.05	1.2	5.8	15.0	1.2	6.0	13.0	1.22	6.9	18.05	1.2	6.27	14.17	1.57	2.37	1.59	2.44	1.63	2.44	1.58	2.35	-1.75	1.83	2.02	1.82	2.08	1.88	2.08	1.83	2.0	1.2	6.0	15.0	1.2	6.75	13.0	1.25	6.25	12.0	1.21	6.82	15.73	1.2	6.0	15.0	1.18	6.5	13.0	1.25	7.0	16.6	1.2	6.54	13.67	1.5	2.62	1.52	2.64	1.56	2.64	1.5	2.53	-2.0	2.05	1.8	2.07	1.83	2.11	1.88	2.03	1.8	scotland																																																																										2022-10-08 14:00:00+00:00	scotland:20221008T1400Z:rangers:st-mirren:54	scotland:rangers	scotland:st-mirren	sco.1:2022-23	sco.1:2022-23-rules-v1	8	7.104166666666667	10.0	2.4	1.4	1.5	0.5	19.0604783526557	7.837074401410035	0.1253666412404822	8	7.0	12.0	1.6	0.8	0.125	0.5	11.16257003132984	11.84143131909706	0.1647404794085885	2022-23	10.0	12.0	7.104166666666667	7.0	2.4	1.6	2022-10-08 13:59:59.999999+00:00
SC0	2022-10-08	18:00	Dundee United	Aberdeen	4	0	H	2	0	H	W Collum	14	14	8	1	9	13	5	1	2	1	0	0	3.6	3.3	2.05	3.3	3.3	2.15	3.5	3.35	2.1	3.81	3.38	2.13	3.4	3.2	2.15	3.5	3.3	2.05	3.81	3.45	2.17	3.55	3.32	2.09	2.1	1.72	2.11	1.79	2.17	1.82	2.07	1.74	0.25	2.1	1.77	2.1	1.83	2.12	1.83	2.05	1.78	4.0	3.4	1.9	3.9	3.4	1.9	3.85	3.5	1.95	4.08	3.69	1.95	3.8	3.3	2.0	4.0	3.3	1.93	4.1	3.69	2.15	3.83	3.46	1.95	2.02	1.83	2.03	1.86	2.12	1.86	2.04	1.76	0.5	1.93	1.93	1.95	1.95	1.98	2.0	1.89	1.94	scotland																																																																										2022-10-08 17:00:00+00:00	scotland:20221008T1700Z:dundee-united:aberdeen:55	scotland:dundee-united	scotland:aberdeen	sco.1:2022-23	sco.1:2022-23-rules-v1	8	7.125	1.0	0.4	3.2	-2.25	0.125	10.867849263497506	17.11649135731399	0.06617486914737102	8	7.125	10.0	2.4	1.0	0.875	0.25	11.620538301839705	14.346141315227333	0.13560808877321556	2022-23	1.0	10.0	7.125	7.125	0.4	2.4	2022-10-08 16:59:59.999999+00:00
SC0	2022-10-09	15:00	Kilmarnock	Hearts	2	2	D	0	0	D	M MacDermid	14	11	6	5	21	13	6	3	2	1	0	0	3.25	3.4	2.2	3.3	3.4	2.1	3.3	3.45	2.15	3.37	3.62	2.2	3.4	3.3	2.1	3.25	3.4	2.1	3.5	3.62	2.2	3.28	3.45	2.14	1.95	1.9	1.99	1.9	1.99	1.95	1.92	1.87	0.25	1.98	1.88	2.0	1.91	2.0	1.93	1.96	1.86	3.4	3.5	2.1	3.3	3.4	2.05	3.35	3.45	2.1	3.5	3.68	2.12	3.4	3.3	2.1	3.3	3.5	2.05	3.55	3.68	2.16	3.38	3.5	2.09	1.88	1.98	1.92	1.97	1.99	2.02	1.87	1.91	0.25	2.05	1.8	2.07	1.84	2.12	1.85	2.02	1.8	scotland																																																																										2022-10-09 14:00:00+00:00	scotland:20221009T1400Z:kilmarnock:hearts:56	scotland:kilmarnock	scotland:hearts	sco.1:2022-23	sco.1:2022-23-rules-v1	9	3.8020833333333335	6.0	1.0	1.6	-1.2222222222222223	0.0	11.195558853472457	13.340348427178064	0.073225521202988	8	8.104166666666666	6.0	1.2	1.8	0.125	0.125	11.708031555734792	15.200785070341915	0.11347549665840706	2022-23	6.0	6.0	3.8020833333333335	8.104166666666666	1.0	1.2	2022-10-09 13:59:59.999999+00:00
SC0	2022-10-11	19:45	Dundee United	Hibernian	1	0	H	1	0	H	E Anderson	9	18	1	7	11	13	5	10	5	2	0	0	4.0	3.6	1.9	3.9	3.5	1.88	3.9	3.5	1.95	4.23	3.69	1.92	3.9	3.4	1.91	3.8	3.5	1.9	4.3	3.69	2.0	3.93	3.53	1.91	1.98	1.88	2.02	1.87	2.02	1.92	1.97	1.82	0.5	1.93	1.93	1.99	1.92	1.99	1.96	1.91	1.91	4.0	3.75	1.85	4.1	3.5	1.83	4.1	3.6	1.9	4.42	3.75	1.88	4.0	3.6	1.83	4.1	3.6	1.8	4.5	3.85	1.92	4.12	3.62	1.85	1.98	1.88	2.0	1.89	2.0	2.03	1.93	1.85	0.5	2.02	1.83	2.03	1.88	2.07	1.9	1.98	1.84	scotland																																																																										2022-10-11 18:45:00+00:00	scotland:20221011T1845Z:dundee-united:hibernian:57	scotland:dundee-united	scotland:hibernian	sco.1:2022-23	sco.1:2022-23-rules-v1	9	3.0729166666666665	4.0	1.2	2.6	-1.5555555555555556	0.2222222222222222	11.437331215588868	16.549856565075082	0.10609112670499186	9	3.1979166666666665	12.0	1.4	0.4	0.5555555555555556	0.4444444444444444	18.323495521512818	8.014792491849215	0.07393016794308772	2022-23	4.0	12.0	3.0729166666666665	3.1979166666666665	1.2	1.4	2022-10-11 18:44:59.999999+00:00
SC0	2022-10-15	15:00	Celtic	Hibernian	6	1	H	3	0	H	S McLean	20	9	9	5	17	7	7	2	1	0	0	0	1.25	6.0	13.0	1.22	6.25	11.5	1.25	6.25	11.0	1.25	6.12	13.68	1.22	5.8	12.0	1.22	6.0	12.0	1.26	6.5	14.0	1.23	6.02	11.98	1.53	2.5	1.53	2.59	1.55	2.63	1.5	2.51	-1.75	1.88	1.98	1.88	2.0	1.97	2.01	1.86	1.95	1.36	5.0	9.0	1.34	5.0	8.0	1.37	5.25	7.75	1.36	5.17	9.6	1.32	5.0	9.0	1.33	5.0	8.0	1.37	5.5	10.0	1.34	5.09	8.6	1.57	2.37	1.59	2.47	1.59	2.51	1.54	2.41	-1.5	2.02	1.83	2.04	1.87	2.06	1.94	1.97	1.85	scotland																																																																										2022-10-15 14:00:00+00:00	scotland:20221015T1400Z:celtic:hibernian:58	scotland:celtic	scotland:hibernian	sco.1:2022-23	sco.1:2022-23-rules-v1	9	7.104166666666667	12.0	3.4	0.8	2.6666666666666665	0.5555555555555556	17.992162867280495	6.7153750023541114	0.1490280171734076	10	3.8020833333333335	12.0	1.4	0.4	0.4	0.4	18.264678153965033	8.193921129694813	0.06048831922616268	2022-23	12.0	12.0	7.104166666666667	3.8020833333333335	3.4	1.4	2022-10-15 13:59:59.999999+00:00
SC0	2022-10-15	15:00	Livingston	St Johnstone	1	0	H	1	0	H	K Clancy	14	10	4	3	20	18	8	2	3	3	0	0	2.0	3.25	4.2	2.0	3.1	3.9	2.05	3.2	4.0	2.02	3.31	4.32	2.0	3.1	4.0	1.95	3.2	4.0	2.05	3.31	4.32	2.0	3.2	4.03	2.5	1.53	2.45	1.6	2.5	1.62	2.41	1.55	-0.5	2.0	1.85	2.02	1.88	2.05	1.9	1.99	1.83	1.9	3.3	4.5	1.9	3.1	4.33	1.95	3.2	4.3	1.98	3.22	4.67	1.91	3.1	4.5	1.91	3.2	4.1	1.99	3.4	4.7	1.93	3.2	4.35	2.5	1.53	2.55	1.56	2.56	1.57	2.45	1.53	-0.5	1.95	1.9	1.98	1.93	1.99	1.96	1.93	1.89	scotland																																																																										2022-10-15 14:00:00+00:00	scotland:20221015T1400Z:livingston:st-johnstone:59	scotland:livingston	scotland:st-johnstone	sco.1:2022-23	sco.1:2022-23-rules-v1	9	7.0	6.0	0.6	1.6	-0.5555555555555556	0.3333333333333333	10.831154268807737	11.475858604617361	0.0900088726777442	10	7.104166666666667	7.0	1.4	1.0	-0.4	0.2	9.556160116700399	14.087402279866772	0.10220568495639284	2022-23	6.0	7.0	7.0	7.104166666666667	0.6	1.4	2022-10-15 13:59:59.999999+00:00
SC0	2022-10-15	15:00	Ross County	Dundee United	1	1	D	1	0	H	C Napier	6	14	1	3	12	11	4	10	1	0	0	0	2.37	3.25	3.1	2.35	3.1	2.75	2.4	3.15	3.1	2.54	3.23	3.09	2.4	3.1	3.0	2.38	3.1	3.0	2.54	3.34	3.2	2.41	3.16	3.01	2.2	1.66	2.29	1.68	2.3	1.68	2.21	1.64	-0.25	2.1	1.77	2.16	1.78	2.16	1.81	2.07	1.77	2.87	3.2	2.55	2.75	3.1	2.35	2.85	3.15	2.55	2.97	3.29	2.58	2.75	3.1	2.6	2.8	3.2	2.45	2.97	3.35	2.7	2.82	3.17	2.55	2.2	1.66	2.25	1.7	2.27	1.7	2.19	1.65	0.0	2.05	1.8	2.1	1.82	2.1	1.89	2.01	1.82	scotland																																																																										2022-10-15 14:00:00+00:00	scotland:20221015T1400Z:ross-county:dundee-united:60	scotland:ross-county	scotland:dundee-united	sco.1:2022-23	sco.1:2022-23-rules-v1	10	7.0	5.0	0.4	1.6	-1.3	0.3	8.216183999308234	17.438978510825663	0.07158290849463972	10	3.8020833333333335	7.0	1.4	0.8	-1.3	0.3	10.994180085481801	16.813519007788702	0.10700385114246808	2022-23	5.0	7.0	7.0	3.8020833333333335	0.4	1.4	2022-10-15 13:59:59.999999+00:00
SC0	2022-10-15	15:00	St Mirren	Kilmarnock	0	0	D	0	0	D	C Graham	14	14	3	4	20	12	6	8	3	2	0	0	2.05	3.25	3.8	2.0	3.2	3.7	2.1	3.25	3.7	2.08	3.45	3.88	2.05	3.1	3.8	2.0	3.25	3.75	2.13	3.45	4.1	2.05	3.28	3.73	2.2	1.66	2.26	1.69	2.26	1.71	2.19	1.65	-0.5	2.05	1.8	2.08	1.84	2.12	1.89	2.03	1.8	1.9	3.3	4.5	1.9	3.25	4.1	1.9	3.35	4.4	1.9	3.43	4.74	1.91	3.2	4.33	1.83	3.4	4.33	2.0	3.45	4.74	1.89	3.31	4.37	2.2	1.66	2.28	1.68	2.3	1.68	2.24	1.63	-0.5	1.85	2.0	1.9	2.01	1.91	2.03	1.87	1.95	scotland																																																																										2022-10-15 14:00:00+00:00	scotland:20221015T1400Z:st-mirren:kilmarnock:61	scotland:st-mirren	scotland:kilmarnock	sco.1:2022-23	sco.1:2022-23-rules-v1	9	7.0	9.0	1.0	1.6	-0.3333333333333333	0.4444444444444444	10.76937548017896	13.142989261079412	0.1347876649706633	10	6.0	4.0	1.0	1.8	-1.1	0.0	11.70545724375019	12.914830531327507	0.08588581604919797	2022-23	9.0	4.0	7.0	6.0	1.0	1.0	2022-10-15 13:59:59.999999+00:00
SC0	2022-10-16	12:00	Motherwell	Rangers	1	2	A	0	0	D	D Dickinson	5	7	2	4	15	18	3	3	3	4	0	0	8.5	4.75	1.4	7.75	4.75	1.37	7.75	4.9	1.4	8.47	4.91	1.41	8.5	4.5	1.36	8.0	4.8	1.33	8.7	5.04	1.42	7.86	4.8	1.38	1.66	2.2	1.7	2.25	1.7	2.25	1.65	2.2	1.25	2.02	1.83	2.04	1.87	2.06	1.96	1.99	1.83	7.0	4.33	1.5	6.25	4.2	1.49	6.5	4.5	1.47	7.19	4.45	1.5	7.0	4.2	1.44	6.5	4.4	1.45	7.8	4.57	1.51	6.65	4.37	1.47	1.66	2.2	1.74	2.19	1.74	2.28	1.69	2.14	1.0	2.05	1.75	2.11	1.8	2.16	1.83	2.06	1.77	scotland																																																																										2022-10-16 11:00:00+00:00	scotland:20221016T1100Z:motherwell:rangers:62	scotland:motherwell	scotland:rangers	sco.1:2022-23	sco.1:2022-23-rules-v1	10	7.875	4.0	1.2	1.2	0.1	0.4	12.465783998174366	13.62980326479176	0.12421267658773459	9	7.875	12.0	2.8	1.0	1.7777777777777777	0.5555555555555556	19.04948228853648	8.048515419335482	0.1408502184312079	2022-23	4.0	12.0	7.875	7.875	1.2	2.8	2022-10-16 10:59:59.999999+00:00
SC0	2022-10-16	15:00	Aberdeen	Hearts	2	0	H	0	0	D	D Robertson	16	13	5	3	11	16	4	1	3	3	0	0	2.3	3.3	3.2	2.25	3.4	2.95	2.3	3.45	3.05	2.33	3.72	3.03	2.25	3.4	3.0	2.3	3.4	2.9	2.4	3.72	3.2	2.28	3.47	2.98	1.85	2.0	1.87	2.02	1.88	2.05	1.83	1.95	-0.25	2.0	1.85	2.03	1.88	2.05	1.9	1.98	1.84	2.1	3.4	3.5	2.1	3.4	3.3	2.15	3.45	3.4	2.15	3.55	3.56	2.05	3.3	3.6	2.05	3.5	3.3	2.18	3.71	3.7	2.09	3.46	3.43	1.85	2.0	1.87	2.03	1.9	2.03	1.83	1.95	-0.25	1.83	2.02	1.85	2.06	1.86	2.11	1.8	2.03	scotland																																																																										2022-10-16 14:00:00+00:00	scotland:20221016T1400Z:aberdeen:hearts:63	scotland:aberdeen	scotland:hearts	sco.1:2022-23	sco.1:2022-23-rules-v1	9	7.875	7.0	2.2	1.8	0.3333333333333333	0.2222222222222222	12.053167701505211	14.283206530640545	0.1109520726326309	9	7.0	7.0	1.6	1.8	0.1111111111111111	0.1111111111111111	11.579298545601192	14.98246051209793	0.12590143941472975	2022-23	7.0	7.0	7.875	7.0	2.2	1.6	2022-10-16 13:59:59.999999+00:00
SC0	2022-10-21	19:30	Hibernian	St Johnstone	1	2	A	1	0	H	K Clancy	15	7	5	5	17	10	1	1	4	1	1	0	1.65	3.8	5.75	1.63	3.75	5.25	1.65	3.8	5.25	1.64	3.95	5.95	1.65	3.6	5.25	1.6	3.9	5.25	1.66	4.0	6.0	1.63	3.82	5.43	1.98	1.88	2.02	1.87	2.05	1.91	1.97	1.83	-0.75	1.8	2.05	1.83	2.09	1.86	2.11	1.8	2.02	1.57	3.75	6.0	1.57	3.8	5.75	1.57	3.9	6.0	1.6	3.9	6.72	1.6	3.6	6.0	1.55	3.8	6.0	1.63	4.0	6.72	1.58	3.83	6.03	2.1	1.72	2.17	1.75	2.24	1.8	2.09	1.72	-1.0	2.05	1.8	2.09	1.83	2.09	1.86	2.03	1.79	scotland																																																																										2022-10-21 18:30:00+00:00	scotland:20221021T1830Z:hibernian:st-johnstone:64	scotland:hibernian	scotland:st-johnstone	sco.1:2022-23	sco.1:2022-23-rules-v1	11	6.1875	9.0	1.4	1.6	-0.2	0.3	16.58019121688048	10.340480924295756	0.0696924632052442	11	6.1875	4.0	0.8	1.2	-0.4	0.2	9.636858277300327	14.071510956254631	0.0836228331461396	2022-23	9.0	4.0	6.1875	6.1875	1.4	0.8	2022-10-21 18:29:59.999999+00:00
SC0	2022-10-22	12:30	Hearts	Celtic	3	4	A	1	1	D	N Walsh	15	11	7	6	9	15	3	6	2	1	0	0	9.5	5.5	1.3	7.75	5.5	1.33	7.75	5.5	1.35	8.8	5.71	1.34	8.5	5.0	1.33	7.5	5.25	1.33	9.5	5.75	1.37	8.04	5.4	1.33	1.5	2.62	1.5	2.71	1.5	2.71	1.48	2.6	1.5	1.9	1.95	1.96	1.94	1.96	1.99	1.9	1.92	8.5	6.0	1.28	7.75	5.5	1.32	8.25	6.0	1.3	10.47	6.01	1.29	8.0	5.25	1.32	8.0	5.5	1.3	10.47	6.06	1.36	8.35	5.65	1.31	1.44	2.75	1.44	2.85	1.45	3.0	1.42	2.8	1.75	1.85	2.0	1.87	2.02	1.88	2.23	1.76	2.08	scotland																																																																										2022-10-22 11:30:00+00:00	scotland:20221022T1130Z:hearts:celtic:65	scotland:hearts	scotland:celtic	sco.1:2022-23	sco.1:2022-23-rules-v1	10	5.895833333333333	4.0	1.0	1.8	-0.1	0.1	11.837607900946429	15.167467691716489	0.1030102686120516	10	6.895833333333333	12.0	2.8	1.0	2.9	0.5	18.357224164138586	7.130761365562455	0.17647746859642438	2022-23	4.0	12.0	5.895833333333333	6.895833333333333	1.0	2.8	2022-10-22 11:29:59.999999+00:00
SC0	2022-10-22	15:00	Kilmarnock	Ross County	1	0	H	1	0	H	C Steven	11	10	6	4	9	9	5	7	2	2	0	0	2.0	3.25	4.2	2.0	3.3	3.6	2.05	3.35	3.65	2.04	3.36	4.13	2.05	3.2	3.8	2.0	3.3	3.7	2.1	3.4	4.2	2.02	3.32	3.79	2.2	1.66	2.32	1.66	2.32	1.71	2.24	1.64	-0.5	2.0	1.85	2.04	1.87	2.07	1.88	2.01	1.81	1.9	3.3	4.5	1.9	3.25	4.2	1.95	3.3	4.2	1.95	3.33	4.61	1.88	3.3	4.2	1.91	3.3	4.0	1.97	3.4	4.61	1.93	3.28	4.22	2.3	1.61	2.37	1.63	2.4	1.68	2.29	1.6	-0.5	1.93	1.93	1.95	1.95	1.97	1.96	1.94	1.89	scotland																																																																										2022-10-22 14:00:00+00:00	scotland:20221022T1400Z:kilmarnock:ross-county:66	scotland:kilmarnock	scotland:ross-county	sco.1:2022-23	sco.1:2022-23-rules-v1	11	7.0	5.0	1.0	1.6	-1.1	0.1	12.12264683579561	13.11213407108614	0.07027021313116197	11	7.0	5.0	0.4	1.6	-1.2	0.3	7.8132414539794635	16.81370969067554	0.08887086452591735	2022-23	5.0	5.0	7.0	7.0	1.0	0.4	2022-10-22 13:59:59.999999+00:00
SC0	2022-10-22	15:00	Motherwell	Aberdeen	1	2	A	0	1	A	E Anderson	12	7	4	3	14	8	4	0	3	2	0	0	2.75	3.25	2.62	2.75	3.25	2.45	2.8	3.25	2.55	2.89	3.39	2.58	2.7	3.25	2.55	2.7	3.3	2.5	2.95	3.47	2.62	2.77	3.29	2.53	2.0	1.8	2.07	1.83	2.1	1.83	2.03	1.77	0.0	2.02	1.83	2.07	1.85	2.07	1.89	2.0	1.83	2.55	3.25	2.8	2.5	3.2	2.75	2.55	3.25	2.8	2.63	3.26	2.94	2.62	3.1	2.7	2.45	3.3	2.75	2.75	3.43	2.94	2.54	3.23	2.8	2.1	1.72	2.13	1.78	2.13	1.83	2.05	1.75	0.0	1.8	2.05	1.85	2.07	1.87	2.07	1.83	2.0	scotland																																																																										2022-10-22 14:00:00+00:00	scotland:20221022T1400Z:motherwell:aberdeen:67	scotland:motherwell	scotland:aberdeen	sco.1:2022-23	sco.1:2022-23-rules-v1	11	6.125	3.0	1.4	1.6	-0.1	0.3	11.108368725779027	12.424384489375077	0.1379921899354192	10	6.0	7.0	1.6	1.8	0.5	0.3	12.77077357395881	14.049896252342263	0.11350624124487982	2022-23	3.0	7.0	6.125	6.0	1.4	1.6	2022-10-22 13:59:59.999999+00:00
SC0	2022-10-22	15:00	Rangers	Livingston	1	1	D	0	1	A	D Munro	24	5	3	1	9	12	14	1	2	2	0	1	1.16	8.0	15.0	1.19	6.75	13.5	1.2	6.75	15.0	1.2	7.15	15.59	1.18	6.5	15.0	1.17	6.5	15.0	1.21	8.0	17.0	1.18	6.78	14.88	1.57	2.37	1.58	2.47	1.58	2.48	1.55	2.39	-2.0	2.0	1.85	2.04	1.85	2.06	1.92	1.98	1.84	1.22	7.0	11.0	1.23	6.25	11.5	1.25	6.25	12.0	1.23	6.51	13.68	1.22	5.8	12.0	1.22	6.0	11.5	1.25	7.0	15.0	1.22	6.17	12.4	1.61	2.3	1.61	2.35	1.63	2.38	1.59	2.3	-1.75	1.93	1.93	1.97	1.92	1.97	2.02	1.9	1.91	scotland																																																																										2022-10-22 14:00:00+00:00	scotland:20221022T1400Z:rangers:livingston:68	scotland:rangers	scotland:livingston	sco.1:2022-23	sco.1:2022-23-rules-v1	10	6.125	12.0	2.4	1.2	1.7	0.5	16.858667326984392	7.494239888547212	0.16718913975540386	10	7.0	9.0	0.8	0.6	-0.4	0.4	11.40730803811542	11.207520676505114	0.08663063608698551	2022-23	12.0	9.0	6.125	7.0	2.4	0.8	2022-10-22 13:59:59.999999+00:00
SC0	2022-10-22	15:00	St Mirren	Dundee United	2	1	H	1	0	H	G Irvine	15	10	2	3	19	5	6	6	1	1	0	0	2.05	3.2	3.8	2.0	3.3	3.7	2.1	3.3	3.6	2.14	3.41	3.73	2.1	3.2	3.6	2.05	3.3	3.5	2.14	3.42	3.9	2.08	3.32	3.59	2.2	1.66	2.2	1.73	2.3	1.73	2.18	1.66	-0.5	2.05	1.75	2.13	1.79	2.13	1.84	2.07	1.77	2.05	3.3	3.75	2.0	3.3	3.6	2.05	3.35	3.7	2.06	3.43	3.98	2.1	3.2	3.6	2.0	3.3	3.75	2.11	3.47	3.98	2.04	3.33	3.72	2.2	1.66	2.19	1.74	2.25	1.74	2.15	1.68	-0.5	2.0	1.85	2.06	1.85	2.1	1.89	2.03	1.81	scotland																																																																										2022-10-22 14:00:00+00:00	scotland:20221022T1400Z:st-mirren:dundee-united:69	scotland:st-mirren	scotland:dundee-united	sco.1:2022-23	sco.1:2022-23-rules-v1	10	7.0	7.0	0.8	1.6	-0.3	0.5	11.356761756510057	13.29880939542861	0.11028081679417906	11	7.0	7.0	1.6	1.0	-1.3	0.3	11.540692797212381	14.847424642736211	0.10053561846721414	2022-23	7.0	7.0	7.0	7.0	0.8	1.6	2022-10-22 13:59:59.999999+00:00
SC0	2022-10-29	15:00	Dundee United	Motherwell	0	1	A	0	1	A	J Beaton	10	9	3	2	13	14	10	5	0	1	1	0	2.62	3.2	2.8	2.6	3.25	2.65	2.65	3.2	2.75	2.72	3.29	2.81	2.62	3.2	2.62	2.6	3.2	2.63	2.72	3.39	2.85	2.62	3.21	2.7	2.1	1.72	2.15	1.76	2.2	1.76	2.12	1.69	0.0	1.88	1.98	1.93	1.98	1.93	2.01	1.88	1.95	3.0	3.2	2.5	2.9	3.1	2.45	2.95	3.15	2.5	3.03	3.26	2.56	2.9	3.1	2.5	2.88	3.2	2.45	3.03	3.39	2.65	2.92	3.17	2.49	2.1	1.72	2.2	1.72	2.25	1.74	2.14	1.69	0.0	2.1	1.77	2.13	1.8	2.17	1.83	2.07	1.77	scotland																																																																										2022-10-29 14:00:00+00:00	scotland:20221029T1400Z:dundee-united:motherwell:70	scotland:dundee-united	scotland:motherwell	sco.1:2022-23	sco.1:2022-23-rules-v1	12	7.0	7.0	1.6	1.0	-1.3	0.3	11.260566834082857	14.875165616784173	0.10043823329135702	12	7.0	3.0	1.6	1.4	-0.1	0.3	11.270483502910112	11.438132764034155	0.12805421600776723	2022-23	7.0	3.0	7.0	7.0	1.6	1.6	2022-10-29 13:59:59.999999+00:00
SC0	2022-10-29	15:00	Hibernian	St Mirren	3	0	H	1	0	H	D Robertson	16	11	4	3	12	16	6	6	2	3	0	0	1.72	3.6	5.0	1.75	3.5	4.6	1.8	3.55	4.6	1.79	3.7	4.95	1.75	3.5	4.75	1.73	3.6	4.6	1.8	3.75	5.0	1.76	3.58	4.59	2.1	1.72	2.12	1.78	2.16	1.8	2.06	1.74	-0.75	1.98	1.88	2.03	1.88	2.03	1.91	2.0	1.83	1.8	3.6	4.5	1.8	3.5	4.2	1.83	3.6	4.3	1.86	3.63	4.59	1.83	3.5	4.2	1.83	3.5	4.1	1.88	3.75	4.65	1.83	3.57	4.26	2.05	1.8	2.06	1.84	2.09	1.84	2.01	1.78	-0.5	1.85	2.0	1.86	2.05	1.88	2.07	1.84	1.98	scotland																																																																										2022-10-29 14:00:00+00:00	scotland:20221029T1400Z:hibernian:st-mirren:71	scotland:hibernian	scotland:st-mirren	sco.1:2022-23	sco.1:2022-23-rules-v1	12	7.8125	6.0	1.0	1.8	-0.3	0.3	16.29288372290221	9.733120756241982	0.06914231838004828	11	7.0	10.0	1.2	1.2	-0.1	0.5	12.019168709871863	12.699025868987043	0.11447218343766165	2022-23	6.0	10.0	7.8125	7.0	1.0	1.2	2022-10-29 13:59:59.999999+00:00
SC0	2022-10-29	15:00	Rangers	Aberdeen	4	1	H	2	1	H	N Walsh	36	5	13	1	9	12	13	4	0	3	0	0	1.36	5.5	7.0	1.34	5.25	8.0	1.35	5.25	7.75	1.36	5.44	8.67	1.35	4.75	8.5	1.33	5.0	8.0	1.38	5.7	10.0	1.35	5.07	8.12	1.61	2.3	1.68	2.29	1.68	2.38	1.6	2.28	-1.5	2.05	1.8	2.09	1.83	2.09	1.87	2.02	1.82	1.36	5.5	7.0	1.36	5.0	7.5	1.37	5.25	7.5	1.38	5.42	8.13	1.33	5.0	8.5	1.33	5.0	7.5	1.39	5.7	8.6	1.35	5.18	7.67	1.61	2.3	1.65	2.35	1.65	2.5	1.56	2.36	-1.5	2.02	1.83	2.11	1.8	2.11	1.88	2.01	1.81	scotland																																																																										2022-10-29 14:00:00+00:00	scotland:20221029T1400Z:rangers:aberdeen:72	scotland:rangers	scotland:aberdeen	sco.1:2022-23	sco.1:2022-23-rules-v1	11	7.0	13.0	2.6	0.6	1.6	0.5	18.157091449350865	7.040741726993173	0.144366871921088	11	7.0	9.0	1.8	1.8	0.8	0.3	11.721542015057208	13.677187842825488	0.1448167947847718	2022-23	13.0	9.0	7.0	7.0	2.6	1.8	2022-10-29 13:59:59.999999+00:00
SC0	2022-10-29	15:00	St Johnstone	Kilmarnock	1	0	H	1	0	H	C Napier	8	7	2	2	15	10	3	6	5	1	0	0	2.45	3.0	3.2	2.5	2.95	2.95	2.5	3.0	3.1	2.51	3.04	3.33	2.45	3.0	3.0	2.45	3.1	2.9	2.55	3.2	3.2	2.45	3.04	3.05	2.5	1.53	2.55	1.56	2.52	1.56	2.44	1.53	-0.25	2.1	1.77	2.11	1.81	2.14	1.82	2.08	1.76	2.4	2.9	3.4	2.35	2.9	3.3	2.4	2.95	3.35	2.46	2.99	3.49	2.35	3.0	3.2	2.3	3.0	3.2	2.46	3.2	3.5	2.37	2.97	3.31	2.62	1.5	2.71	1.5	2.72	1.54	2.61	1.48	-0.25	2.02	1.83	2.06	1.85	2.07	1.88	2.0	1.82	scotland																																																																										2022-10-29 14:00:00+00:00	scotland:20221029T1400Z:st-johnstone:kilmarnock:73	scotland:st-johnstone	scotland:kilmarnock	sco.1:2022-23	sco.1:2022-23-rules-v1	12	7.8125	6.0	1.2	1.4	-0.4	0.2	9.157429499609359	14.240327146026516	0.12036673361307523	12	7.0	8.0	1.2	1.4	-0.8	0.2	11.918529229287316	12.546291512706842	0.07402273636351268	2022-23	6.0	8.0	7.8125	7.0	1.2	1.2	2022-10-29 13:59:59.999999+00:00
SC0	2022-10-30	12:00	Livingston	Celtic	0	3	A	0	1	A	W Collum	4	16	2	6	15	15	0	4	2	3	0	0	11.0	6.0	1.25	9.25	5.5	1.29	11.0	5.75	1.3	11.64	5.96	1.28	12.0	5.25	1.25	10.5	5.5	1.25	12.0	6.5	1.3	10.49	5.64	1.27	1.61	2.3	1.61	2.39	1.65	2.39	1.6	2.3	1.5	2.0	1.85	2.1	1.79	2.1	1.88	2.02	1.81	11.0	6.5	1.25	11.0	6.0	1.24	12.0	6.25	1.25	14.24	6.26	1.26	15.0	5.5	1.22	11.0	6.0	1.22	15.0	6.59	1.27	12.09	6.03	1.23	1.57	2.37	1.55	2.54	1.61	2.55	1.54	2.42	1.75	1.98	1.88	1.98	1.91	2.03	1.95	1.93	1.89	scotland																																																																										2022-10-30 12:00:00+00:00	scotland:20221030T1200Z:livingston:celtic:74	scotland:livingston	scotland:celtic	sco.1:2022-23	sco.1:2022-23-rules-v1	11	7.916666666666667	7.0	0.8	0.8	-0.3	0.4	10.242342940276252	13.533426008049638	0.1072432477075336	11	8.020833333333334	12.0	2.8	1.6	2.8	0.4	17.019547043386115	8.561532026369282	0.21050635860368605	2022-23	7.0	12.0	7.916666666666667	8.020833333333334	0.8	2.8	2022-10-30 11:59:59.999999+00:00
SC0	2022-10-30	15:00	Ross County	Hearts	1	2	A	1	2	A	D Dickinson	15	12	7	3	11	4	6	1	3	2	0	0	4.0	3.5	1.95	3.6	3.3	2.0	3.7	3.4	2.05	4.04	3.56	2.0	3.6	3.3	2.05	3.6	3.4	2.0	4.04	3.6	2.1	3.69	3.42	2.0	2.02	1.83	2.04	1.85	2.04	1.86	1.98	1.8	0.5	1.88	1.98	1.91	2.0	1.91	2.05	1.82	2.01	3.2	3.3	2.2	3.1	3.3	2.2	3.2	3.35	2.25	3.42	3.4	2.26	3.2	3.2	2.25	3.1	3.4	2.2	3.6	3.54	2.26	3.26	3.34	2.2	2.0	1.85	2.03	1.86	2.13	1.9	1.97	1.82	0.25	1.9	1.95	1.96	1.94	2.02	1.99	1.91	1.91	scotland																																																																										2022-10-30 15:00:00+00:00	scotland:20221030T1500Z:ross-county:hearts:75	scotland:ross-county	scotland:hearts	sco.1:2022-23	sco.1:2022-23-rules-v1	12	8.041666666666666	4.0	0.4	1.8	-1.1	0.3	8.210833916892287	15.756671565098168	0.07271252552120509	11	8.145833333333334	4.0	1.6	2.4	-0.3	0.1	12.412588282592534	14.40974629322258	0.12064476522804221	2022-23	4.0	4.0	8.041666666666666	8.145833333333334	0.4	1.6	2022-10-30 14:59:59.999999+00:00
SC0	2022-11-04	19:30	Aberdeen	Hibernian	4	1	H	1	0	H	D Munro	7	17	6	6	10	7	5	4	2	2	0	0	2.62	3.3	2.62	2.65	3.2	2.6	2.65	3.3	2.65	2.78	3.28	2.75	2.6	3.25	2.62	2.6	3.3	2.6	2.81	3.45	2.85	2.66	3.27	2.64	2.1	1.72	2.1	1.8	2.12	1.82	2.05	1.75	0.0	1.93	1.93	1.96	1.94	1.96	1.97	1.91	1.91	2.45	3.4	2.87	2.45	3.2	2.85	2.45	3.3	2.9	2.55	3.3	3.01	2.45	3.2	2.9	2.38	3.25	2.88	2.61	3.46	3.12	2.45	3.26	2.9	2.1	1.72	2.17	1.75	2.17	1.81	2.1	1.71	-0.25	2.08	1.73	2.16	1.76	2.16	1.8	2.09	1.75	scotland																																																																										2022-11-04 19:30:00+00:00	scotland:20221104T1930Z:aberdeen:hibernian:76	scotland:aberdeen	scotland:hibernian	sco.1:2022-23	sco.1:2022-23-rules-v1	12	6.229166666666667	9.0	1.8	2.0	0.2	0.3	10.499443466864989	17.73588096231176	0.1548501048239042	13	6.229166666666667	6.0	1.2	1.8	0.1	0.4	16.23963213691999	9.963462436925258	0.09066189685640313	2022-23	9.0	6.0	6.229166666666667	6.229166666666667	1.8	1.2	2022-11-04 19:29:59.999999+00:00
SC0	2022-11-04	19:45	Kilmarnock	Livingston	2	3	A	2	1	H	C Steven	13	10	4	4	13	12	5	4	3	3	0	0	2.7	2.9	3.0	2.55	3.0	2.8	2.65	3.05	2.85	2.69	3.09	3.01	2.55	3.0	2.88	2.55	3.1	2.8	2.72	3.13	3.01	2.61	3.03	2.88	2.5	1.53	2.48	1.58	2.5	1.62	2.39	1.56	0.0	1.83	2.02	1.85	2.07	1.85	2.08	1.81	2.01	2.4	2.87	3.4	2.4	3.0	3.1	2.45	3.0	3.15	2.47	3.06	3.38	2.5	3.0	3.0	2.4	3.0	3.1	2.57	3.13	3.4	2.44	2.99	3.16	2.62	1.5	2.59	1.54	2.66	1.58	2.5	1.51	-0.25	2.05	1.8	2.08	1.84	2.13	1.85	2.06	1.78	scotland																																																																										2022-11-04 19:45:00+00:00	scotland:20221104T1945Z:kilmarnock:livingston:77	scotland:kilmarnock	scotland:livingston	sco.1:2022-23	sco.1:2022-23-rules-v1	13	6.239583333333333	8.0	1.0	0.8	-0.4	0.2	11.024251187598713	11.719693055851053	0.06056405702469219	12	5.322916666666667	4.0	0.6	1.4	-0.7	0.3	9.107371496589659	13.981894006586067	0.08774447539707295	2022-23	8.0	4.0	6.239583333333333	5.322916666666667	1.0	0.6	2022-11-04 19:44:59.999999+00:00
SC0	2022-11-05	15:00	Celtic	Dundee United	4	2	H	2	1	H	D Dickinson	24	6	12	3	9	9	11	2	3	2	0	0	1.1	10.0	23.0	1.1	10.0	23.0	1.09	10.0	23.0	1.1	10.99	27.99	1.08	9.0	26.0	1.07	10.5	22.0	1.11	11.0	30.0	1.09	9.94	23.63	1.28	3.75	1.31	3.53	1.31	3.75	1.29	3.48	-2.5	1.83	2.02	1.82	2.04	1.89	2.07	1.82	2.0	1.08	11.0	26.0	1.08	12.5	21.0	1.1	9.5	24.0	1.08	12.53	34.39	1.07	10.0	26.0	1.06	11.0	23.0	1.1	13.0	34.39	1.08	11.23	25.08	1.25	4.0	1.27	3.88	1.29	4.33	1.25	3.83	-2.75	1.88	1.98	1.88	1.99	1.93	2.03	1.88	1.94	scotland																																																																										2022-11-05 15:00:00+00:00	scotland:20221105T1500Z:celtic:dundee-united:78	scotland:celtic	scotland:dundee-united	sco.1:2022-23	sco.1:2022-23-rules-v1	12	6.125	15.0	3.4	1.2	2.9	0.5	16.83417485367955	7.732162567029412	0.20632338431210676	13	7.041666666666667	7.0	1.4	0.8	-1.1	0.3	11.03137286424961	13.806953686459778	0.08217673632929211	2022-23	15.0	7.0	6.125	7.041666666666667	3.4	1.4	2022-11-05 14:59:59.999999+00:00
SC0	2022-11-05	15:00	Ross County	St Mirren	3	2	H	1	2	A	J Beaton	10	11	4	4	9	13	7	5	2	3	0	0	3.1	3.2	2.45	2.87	3.1	2.45	3.0	3.15	2.45	3.11	3.34	2.46	3.0	3.1	2.4	2.9	3.2	2.4	3.11	3.34	2.55	3.0	3.18	2.42	2.2	1.66	2.23	1.71	2.29	1.71	2.2	1.65	0.25	1.77	2.1	1.82	2.11	1.82	2.17	1.77	2.06	3.4	3.1	2.3	3.25	3.0	2.3	3.3	3.1	2.3	3.43	3.17	2.37	3.25	3.1	2.25	3.13	3.13	2.3	3.43	3.28	2.37	3.28	3.11	2.31	2.62	1.5	2.52	1.57	2.62	1.63	2.44	1.54	0.25	1.85	2.0	1.89	2.01	1.89	2.05	1.85	1.97	scotland																																																																										2022-11-05 15:00:00+00:00	scotland:20221105T1500Z:ross-county:st-mirren:79	scotland:ross-county	scotland:st-mirren	sco.1:2022-23	sco.1:2022-23-rules-v1	13	6.0	4.0	0.6	1.8	-1.1	0.3	9.4452277501846	15.073640371443954	0.07161327845674355	12	7.041666666666667	7.0	0.8	1.8	-0.1	0.5	11.833865308076978	13.299202983716672	0.09365905917626861	2022-23	4.0	7.0	6.0	7.041666666666667	0.6	0.8	2022-11-05 14:59:59.999999+00:00
SC0	2022-11-06	12:00	St Johnstone	Rangers	2	1	H	1	0	H	S McLean	11	29	3	7	7	13	0	20	2	0	0	0	10.0	5.5	1.3	10.0	5.25	1.29	10.0	5.5	1.3	11.09	5.56	1.31	11.0	5.0	1.29	10.0	5.25	1.29	11.09	5.56	1.32	10.1	5.33	1.29	1.72	2.1	1.76	2.14	1.76	2.2	1.7	2.11	1.5	1.93	1.93	1.96	1.94	1.97	1.96	1.93	1.89	11.0	5.25	1.3	9.25	5.25	1.3	8.75	5.25	1.33	10.64	5.84	1.3	11.0	5.0	1.29	9.5	5.25	1.29	11.9	5.84	1.33	9.8	5.42	1.3	1.57	2.37	1.63	2.37	1.69	2.47	1.6	2.3	1.5	1.98	1.88	2.0	1.91	2.11	1.94	1.95	1.87	scotland																																																																										2022-11-06 12:00:00+00:00	scotland:20221106T1200Z:st-johnstone:rangers:80	scotland:st-johnstone	scotland:rangers	sco.1:2022-23	sco.1:2022-23-rules-v1	13	7.916666666666667	6.0	1.0	1.2	0.1	0.3	8.946987772407656	12.923904028567149	0.1212091456834252	12	7.916666666666667	13.0	3.0	0.6	1.7	0.4	21.40125664037798	6.669697776630778	0.13832036995563765	2022-23	6.0	13.0	7.916666666666667	7.916666666666667	1.0	3.0	2022-11-06 11:59:59.999999+00:00
SC0	2022-11-06	15:00	Hearts	Motherwell	3	2	H	1	0	H	K Clancy	15	18	7	5	8	15	6	11	2	3	1	0	1.95	3.6	3.8	1.9	3.6	3.7	1.95	3.6	3.7	1.95	3.76	3.98	1.95	3.4	3.75	1.9	3.6	3.7	1.96	3.76	4.15	1.93	3.62	3.72	1.8	2.0	1.85	2.05	1.85	2.12	1.78	2.01	-0.5	1.93	1.93	1.95	1.95	1.97	1.96	1.93	1.89	2.2	3.5	3.3	2.1	3.4	3.2	2.2	3.45	3.2	2.2	3.53	3.45	2.2	3.3	3.25	2.1	3.5	3.2	2.23	3.61	3.5	2.15	3.48	3.27	1.9	1.95	1.92	1.97	1.99	2.01	1.85	1.94	-0.25	1.88	1.98	1.9	2.01	1.92	2.03	1.86	1.96	scotland																																																																										2022-11-06 15:00:00+00:00	scotland:20221106T1500Z:hearts:motherwell:81	scotland:hearts	scotland:motherwell	sco.1:2022-23	sco.1:2022-23-rules-v1	12	7.0	4.0	1.4	2.6	-0.2	0.1	12.337572231212071	14.517065149000292	0.12901238367142848	13	8.041666666666666	6.0	1.6	1.0	-0.1	0.4	10.85766832056282	11.176654079664308	0.12497365148110248	2022-23	4.0	6.0	7.0	8.041666666666666	1.4	1.6	2022-11-06 14:59:59.999999+00:00
SC0	2022-11-08	19:45	Hibernian	Ross County	0	2	A	0	1	A	A Muir	21	6	4	3	10	19	4	3	1	3	0	0	1.53	4.2	6.0	1.51	4.1	6.25	1.53	4.2	6.25	1.55	4.18	6.75	1.52	3.9	6.5	1.5	4.1	6.0	1.55	4.3	7.0	1.52	4.11	6.23	1.95	1.9	1.99	1.9	1.99	1.93	1.92	1.86	-1.0	1.93	1.93	1.95	1.95	1.97	1.99	1.91	1.91	1.4	4.5	8.0	1.41	4.4	7.5	1.4	4.6	7.75	1.41	4.68	9.25	1.4	4.2	8.5	1.4	4.4	8.0	1.44	4.7	9.25	1.4	4.49	8.03	1.95	1.9	1.97	1.92	1.99	1.94	1.91	1.87	-1.25	1.95	1.9	1.96	1.94	1.98	1.94	1.94	1.89	scotland																																																																										2022-11-08 19:45:00+00:00	scotland:20221108T1945Z:hibernian:ross-county:82	scotland:hibernian	scotland:ross-county	sco.1:2022-23	sco.1:2022-23-rules-v1	14	4.010416666666667	3.0	1.2	2.6	-0.2	0.4	16.37788083929817	9.424651084757029	0.08487310277555978	14	3.1979166666666665	7.0	1.2	1.2	-1.1	0.2	9.546095431969217	14.332978485726871	0.11313813691915381	2022-23	3.0	7.0	4.010416666666667	3.1979166666666665	1.2	1.2	2022-11-08 19:44:59.999999+00:00
SC0	2022-11-08	19:45	Livingston	Aberdeen	2	1	H	2	0	H	N Walsh	8	24	3	10	11	9	7	8	4	3	0	0	2.75	3.25	2.62	2.7	3.2	2.55	2.8	3.25	2.55	2.88	3.25	2.69	2.8	3.1	2.55	2.7	3.2	2.55	2.9	3.35	2.69	2.78	3.18	2.59	2.2	1.66	2.23	1.71	2.38	1.72	2.2	1.65	0.0	1.98	1.88	2.02	1.88	2.02	1.91	1.97	1.84	2.45	3.3	2.87	2.5	3.2	2.75	2.5	3.35	2.8	2.54	3.3	3.03	2.55	3.1	2.8	2.45	3.25	2.8	2.7	3.4	3.03	2.5	3.26	2.84	2.1	1.72	2.16	1.75	2.24	1.78	2.11	1.7	0.0	1.77	2.1	1.79	2.14	1.89	2.14	1.8	2.04	scotland																																																																										2022-11-08 19:45:00+00:00	scotland:20221108T1945Z:livingston:aberdeen:83	scotland:livingston	scotland:aberdeen	sco.1:2022-23	sco.1:2022-23-rules-v1	13	4.0	7.0	1.0	1.4	-0.7	0.3	9.26966758811881	13.803367823570417	0.1263363889612415	13	4.010416666666667	9.0	1.8	2.0	0.6	0.3	9.863181018344081	17.60208442370962	0.23059164420657097	2022-23	7.0	9.0	4.0	4.010416666666667	1.0	1.8	2022-11-08 19:44:59.999999+00:00
SC0	2022-11-09	19:45	Dundee United	Kilmarnock	4	0	H	3	0	H	G Irvine	7	16	6	0	13	7	3	4	0	1	0	0	2.45	3.25	3.0	2.35	3.25	2.95	2.45	3.2	2.95	2.51	3.3	3.07	2.35	3.1	3.1	2.3	3.2	3.0	2.51	3.37	3.15	2.41	3.22	2.98	2.2	1.66	2.2	1.73	2.22	1.73	2.15	1.67	-0.25	2.1	1.77	2.14	1.79	2.14	1.83	2.06	1.77	2.1	3.3	3.6	2.15	3.2	3.4	2.2	3.25	3.4	2.17	3.37	3.7	2.15	3.2	3.4	2.05	3.3	3.5	2.25	3.4	3.7	2.14	3.25	3.51	2.1	1.72	2.18	1.74	2.24	1.77	2.15	1.68	-0.25	1.8	2.05	1.85	2.06	1.89	2.14	1.81	2.01	scotland																																																																										2022-11-09 19:45:00+00:00	scotland:20221109T1945Z:dundee-united:kilmarnock:84	scotland:dundee-united	scotland:kilmarnock	sco.1:2022-23	sco.1:2022-23-rules-v1	14	4.197916666666667	4.0	1.0	1.6	-1.0	0.3	10.116577798022409	15.660234834376181	0.12784157214820868	14	5.0	5.0	1.0	1.2	-0.4	0.2	11.383478244398946	11.407021591150862	0.07752443826495795	2022-23	4.0	5.0	4.197916666666667	5.0	1.0	1.0	2022-11-09 19:44:59.999999+00:00
SC0	2022-11-09	19:45	Motherwell	Celtic	1	2	A	0	1	A	W Collum	7	16	2	3	7	11	5	10	2	1	0	0	11.0	5.75	1.28	9.5	5.75	1.28	10.0	6.0	1.27	10.39	6.03	1.3	11.0	5.25	1.27	10.0	5.5	1.25	11.0	6.03	1.3	9.77	5.78	1.27	1.53	2.5	1.57	2.53	1.58	2.53	1.53	2.44	1.5	2.05	1.8	2.07	1.85	2.13	1.85	2.02	1.8	9.0	7.0	1.25	9.75	6.25	1.25	10.0	6.5	1.25	12.26	6.84	1.24	10.0	6.5	1.22	11.0	6.0	1.22	12.26	7.21	1.27	10.6	6.38	1.24	1.44	2.75	1.44	2.86	1.52	2.86	1.43	2.73	1.75	2.02	1.83	2.02	1.87	2.03	1.91	1.96	1.86	scotland																																																																										2022-11-09 19:45:00+00:00	scotland:20221109T1945Z:motherwell:celtic:85	scotland:motherwell	scotland:celtic	sco.1:2022-23	sco.1:2022-23-rules-v1	14	3.1979166666666665	3.0	1.0	1.6	-0.3	0.3	12.156274080460488	11.871807883361708	0.12245318959564949	13	4.197916666666667	15.0	3.8	1.4	2.6	0.4	18.137052153010536	7.417223918478609	0.19911307201293582	2022-23	3.0	15.0	3.1979166666666665	4.197916666666667	1.0	3.8	2022-11-09 19:44:59.999999+00:00
SC0	2022-11-09	19:45	Rangers	Hearts	1	0	H	0	0	D	J Beaton	17	7	6	0	9	7	7	5	3	1	0	0	1.25	6.5	9.5	1.24	6.0	11.0	1.25	6.25	11.0	1.26	6.46	11.55	1.24	5.5	12.0	1.22	6.0	11.0	1.27	6.5	12.0	1.24	6.22	10.89	1.5	2.62	1.5	2.65	1.53	2.7	1.49	2.54	-1.75	1.88	1.98	1.9	1.98	1.95	2.01	1.88	1.93	1.2	7.5	11.0	1.19	7.5	11.5	1.22	7.25	11.0	1.2	7.56	13.63	1.18	7.0	13.0	1.17	7.0	13.0	1.23	7.96	13.63	1.19	7.21	12.07	1.33	3.4	1.36	3.25	1.38	3.4	1.35	3.12	-2.0	1.83	2.02	1.87	2.02	2.01	2.09	1.87	1.95	scotland																																																																										2022-11-09 19:45:00+00:00	scotland:20221109T1945Z:rangers:hearts:86	scotland:rangers	scotland:hearts	sco.1:2022-23	sco.1:2022-23-rules-v1	13	3.3229166666666665	10.0	2.4	1.0	1.2	0.3	22.78284634212744	7.457025453607	0.11944080425837438	13	3.1979166666666665	7.0	2.0	2.2	-0.4	0.1	12.82165000735533	15.150326031000239	0.14191922300389603	2022-23	10.0	7.0	3.3229166666666665	3.1979166666666665	2.4	2.0	2022-11-09 19:44:59.999999+00:00
SC0	2022-11-09	19:45	St Mirren	St Johnstone	2	2	D	1	1	D	E Anderson	11	8	4	2	9	7	6	3	4	3	0	1	2.0	3.3	4.0	2.0	3.25	3.75	2.05	3.3	3.75	2.07	3.35	4.06	2.0	3.2	3.9	2.0	3.2	3.8	2.1	3.4	4.06	2.03	3.27	3.81	2.3	1.61	2.43	1.61	2.43	1.62	2.32	1.58	-0.5	2.02	1.83	2.07	1.85	2.07	1.88	2.01	1.8	2.1	3.25	3.75	2.1	3.1	3.5	2.2	3.2	3.55	2.2	3.19	3.85	2.15	3.1	3.5	2.1	3.2	3.5	2.25	3.35	4.0	2.14	3.16	3.62	2.37	1.57	2.44	1.6	2.57	1.6	2.37	1.57	-0.25	1.83	2.02	1.86	2.05	1.88	2.06	1.83	1.99	scotland																																																																										2022-11-09 19:45:00+00:00	scotland:20221109T1945Z:st-mirren:st-johnstone:87	scotland:st-mirren	scotland:st-johnstone	sco.1:2022-23	sco.1:2022-23-rules-v1	13	4.197916666666667	4.0	0.8	2.2	-0.3	0.4	11.682253433881163	12.699347895768186	0.10968799056570737	14	3.3229166666666665	9.0	1.2	1.0	0.3	0.3	9.32026272287899	15.846830568827666	0.1322289704351991	2022-23	4.0	9.0	4.197916666666667	3.3229166666666665	0.8	1.2	2022-11-09 19:44:59.999999+00:00
SC0	2022-11-12	12:30	St Mirren	Rangers	1	1	D	0	0	D	K Clancy	10	14	3	4	13	11	6	5	2	1	0	0	7.5	4.75	1.4	7.25	4.75	1.39	7.25	4.8	1.43	8.24	4.97	1.41	7.5	4.33	1.42	7.0	4.6	1.4	8.24	4.97	1.44	7.41	4.73	1.4	1.72	2.1	1.74	2.19	1.74	2.22	1.68	2.14	1.25	1.95	1.9	2.01	1.9	2.01	1.96	1.92	1.88	7.5	4.75	1.44	7.5	4.75	1.38	7.0	4.6	1.43	8.18	4.95	1.41	8.0	4.5	1.38	7.5	4.75	1.36	8.2	5.0	1.45	7.63	4.75	1.39	1.66	2.2	1.72	2.21	1.73	2.23	1.68	2.14	1.25	1.95	1.9	2.0	1.91	2.02	1.95	1.95	1.87	scotland																																																																										2022-11-12 12:30:00+00:00	scotland:20221112T1230Z:st-mirren:rangers:88	scotland:st-mirren	scotland:rangers	sco.1:2022-23	sco.1:2022-23-rules-v1	14	2.6979166666666665	5.0	1.2	1.8	-0.6	0.3	11.558207354993678	11.844921005628516	0.12280257079342999	14	2.6979166666666665	10.0	1.8	1.0	1.3	0.4	21.731419734467902	7.373929916587545	0.1084194815589908	2022-23	5.0	10.0	2.6979166666666665	2.6979166666666665	1.2	1.8	2022-11-12 12:29:59.999999+00:00
SC0	2022-11-12	15:00	Celtic	Ross County	2	1	H	0	0	D	D Munro	22	2	7	2	14	5	9	0	1	4	0	0	1.1	12.0	19.0	1.09	11.0	23.0	1.09	10.0	25.0	1.09	11.55	31.36	1.08	9.0	29.0	1.07	10.0	23.0	1.11	12.0	34.0	1.09	10.31	26.17	1.33	3.4	1.34	3.29	1.36	3.4	1.34	3.16	-2.5	1.85	2.0	1.83	2.04	1.89	2.04	1.84	1.98	1.07	15.0	21.0	1.07	12.5	26.0	1.1	10.0	20.0	1.07	14.57	38.56	1.05	12.0	26.0	1.06	11.5	26.0	1.1	15.0	41.0	1.06	12.19	29.2	1.22	4.33	1.23	4.27	1.27	4.5	1.23	3.94	-3.0	1.98	1.88	1.95	1.92	2.1	1.92	2.0	1.82	scotland																																																																										2022-11-12 15:00:00+00:00	scotland:20221112T1500Z:celtic:ross-county:89	scotland:celtic	scotland:ross-county	sco.1:2022-23	sco.1:2022-23-rules-v1	14	2.8020833333333335	15.0	3.8	1.4	2.5	0.3	17.74849721609953	7.34136502420977	0.18563796801058385	15	3.8020833333333335	7.0	1.4	1.2	-0.5	0.3	8.901350807974813	15.545164215594712	0.15317362717627736	2022-23	15.0	7.0	2.8020833333333335	3.8020833333333335	3.8	1.4	2022-11-12 14:59:59.999999+00:00
SC0	2022-11-12	15:00	Hearts	Livingston	1	1	D	0	0	D	C Napier	15	18	6	7	9	10	11	6	1	1	1	0	1.95	3.4	4.0	2.0	3.4	3.5	2.0	3.5	3.65	2.03	3.58	3.9	2.0	3.3	3.7	1.95	3.4	3.75	2.03	3.7	4.0	1.98	3.49	3.68	2.0	1.85	2.04	1.85	2.08	1.91	1.96	1.82	-0.5	1.98	1.88	2.03	1.88	2.03	1.93	1.98	1.84	1.8	3.75	4.5	1.82	3.6	4.1	1.83	3.65	4.3	1.81	3.81	4.65	1.83	3.5	4.2	1.75	3.6	4.33	1.95	3.81	4.65	1.82	3.63	4.23	2.0	1.85	2.03	1.87	2.13	1.88	1.98	1.81	-0.5	1.75	2.05	1.8	2.11	1.95	2.13	1.81	2.0	scotland																																																																										2022-11-12 15:00:00+00:00	scotland:20221112T1500Z:hearts:livingston:90	scotland:hearts	scotland:livingston	sco.1:2022-23	sco.1:2022-23-rules-v1	14	2.8020833333333335	6.0	1.6	2.0	-0.3	0.1	11.763168187836179	15.486630389000194	0.11611572791227856	14	3.8020833333333335	10.0	1.4	1.4	-0.5	0.3	9.038818935733572	15.657300946557612	0.1488206818773794	2022-23	6.0	10.0	2.8020833333333335	3.8020833333333335	1.6	1.4	2022-11-12 14:59:59.999999+00:00
SC0	2022-11-12	15:00	Kilmarnock	Hibernian	1	0	H	0	0	D	D Dickinson	6	15	1	1	12	13	0	5	2	3	0	0	3.25	3.3	2.3	3.1	3.3	2.2	3.2	3.3	2.25	3.31	3.45	2.29	3.2	3.2	2.25	3.2	3.25	2.2	3.31	3.45	2.35	3.15	3.33	2.26	2.1	1.72	2.11	1.78	2.2	1.78	2.09	1.72	0.25	1.88	1.98	1.93	1.97	1.93	2.01	1.87	1.94	3.75	3.4	2.05	3.4	3.3	2.1	3.55	3.35	2.1	3.86	3.42	2.1	3.5	3.2	2.1	3.6	3.3	2.0	3.86	3.46	2.15	3.58	3.33	2.08	2.2	1.66	2.19	1.73	2.2	1.75	2.12	1.69	0.25	2.1	1.77	2.12	1.79	2.12	1.85	2.04	1.79	scotland																																																																										2022-11-12 15:00:00+00:00	scotland:20221112T1500Z:kilmarnock:hibernian:91	scotland:kilmarnock	scotland:hibernian	sco.1:2022-23	sco.1:2022-23-rules-v1	15	2.8020833333333335	4.0	0.6	1.6	-0.9	0.2	12.22284583632641	10.605744938214341	0.06342908585314741	15	3.8020833333333335	3.0	1.2	2.8	-0.3	0.4	17.21826614124396	8.801987251164842	0.0694416295436398	2022-23	4.0	3.0	2.8020833333333335	3.8020833333333335	0.6	1.2	2022-11-12 14:59:59.999999+00:00
SC0	2022-11-12	15:00	St Johnstone	Motherwell	1	1	D	1	1	D	N Walsh	10	12	3	3	11	20	8	4	2	4	0	0	2.55	3.2	2.9	2.45	3.2	2.8	2.55	3.2	2.85	2.7	3.18	2.92	2.55	3.1	2.8	2.5	3.1	2.88	2.7	3.26	3.0	2.55	3.17	2.83	2.2	1.66	2.34	1.65	2.34	1.68	2.24	1.62	0.0	1.83	2.02	1.88	2.03	1.88	2.09	1.81	2.01	2.87	3.1	2.6	2.6	3.1	2.7	2.75	3.15	2.65	3.0	3.17	2.65	2.7	3.0	2.7	2.7	3.1	2.6	3.0	3.22	2.85	2.74	3.11	2.67	2.2	1.66	2.33	1.64	2.37	1.68	2.26	1.61	0.0	2.02	1.83	2.04	1.93	2.04	1.94	1.96	1.87	scotland																																																																										2022-11-12 15:00:00+00:00	scotland:20221112T1500Z:st-johnstone:motherwell:92	scotland:st-johnstone	scotland:motherwell	sco.1:2022-23	sco.1:2022-23-rules-v1	15	2.8020833333333335	10.0	1.4	1.0	0.4	0.3	9.080214955082809	14.965588647222635	0.15364188490152653	15	2.8020833333333335	3.0	1.2	1.8	-0.3	0.3	11.218769702194944	12.622388268205032	0.12616299927955738	2022-23	10.0	3.0	2.8020833333333335	2.8020833333333335	1.4	1.2	2022-11-12 14:59:59.999999+00:00
SC0	2022-11-12	18:00	Aberdeen	Dundee United	1	0	H	1	0	H	W Collum	9	6	2	2	11	12	3	3	1	0	0	0	1.72	3.6	5.0	1.73	3.6	4.5	1.75	3.75	4.6	1.75	3.87	4.96	1.75	3.5	4.6	1.7	3.6	4.75	1.78	3.87	5.0	1.74	3.7	4.63	2.0	1.85	1.99	1.9	2.05	1.9	1.97	1.81	-0.75	1.98	1.88	1.99	1.91	2.0	1.92	1.94	1.86	1.75	3.8	4.75	1.77	3.75	4.1	1.8	3.8	4.3	1.81	3.85	4.62	1.78	3.6	4.33	1.75	3.75	4.2	1.83	3.89	4.95	1.78	3.76	4.35	1.8	2.0	1.81	2.07	1.89	2.13	1.77	2.02	-0.75	2.02	1.83	2.06	1.85	2.07	1.87	1.99	1.83	scotland																																																																										2022-11-12 18:00:00+00:00	scotland:20221112T1800Z:aberdeen:dundee-united:93	scotland:aberdeen	scotland:dundee-united	sco.1:2022-23	sco.1:2022-23-rules-v1	14	3.9270833333333335	9.0	2.0	1.6	0.4	0.2	12.43351174228152	15.856250892126052	0.1962416482902247	15	2.9270833333333335	4.0	1.6	1.6	0.3	0.4	9.54992728929106	15.722010319035057	0.20849375383554736	2022-23	9.0	4.0	3.9270833333333335	2.9270833333333335	2.0	1.6	2022-11-12 17:59:59.999999+00:00
SC0	2022-12-15	20:00	Rangers	Hibernian	3	2	H	1	2	A	N Walsh	22	8	9	5	10	10	8	4	1	3	0	0	1.3	5.25	9.0	1.32	5.25	8.75	1.33	5.5	8.5	1.33	5.63	9.67	1.32	5.25	8.5	1.3	5.25	9.0	1.33	5.63	10.0	1.31	5.3	8.88	1.57	2.38	1.63	2.39	1.64	2.39	1.58	2.29	-1.5	1.93	1.93	1.96	1.94	1.98	1.96	1.91	1.9	1.33	5.5	8.5	1.35	5.0	8.0	1.35	5.25	7.75	1.36	5.34	9.25	1.32	5.0	9.0	1.33	5.0	8.0	1.36	6.8	10.0	1.33	5.19	8.54	1.62	2.3	1.63	2.39	1.63	2.45	1.58	2.32	-1.5	2.02	1.83	2.05	1.86	2.09	1.94	1.98	1.84	scotland																																																																										2022-12-15 20:00:00+00:00	scotland:20221215T2000Z:rangers:hibernian:94	scotland:rangers	scotland:hibernian	sco.1:2022-23	sco.1:2022-23-rules-v1	15	33.3125	8.0	1.6	1.0	0.9	0.3	20.32570705547374	7.851397204480718	0.10169386153527818	16	33.208333333333336	3.0	1.0	1.8	-0.5	0.3	16.814945024654147	8.292535023680326	0.05681587871752347	2022-23	8.0	3.0	33.3125	33.208333333333336	1.6	1.0	2022-12-15 19:59:59.999999+00:00
SC0	2022-12-17	12:30	Aberdeen	Celtic	0	1	A	0	0	D	S McLean	2	33	0	10	8	8	0	7	1	0	0	0	7.0	5.0	1.4	6.75	5.0	1.4	6.75	5.25	1.4	6.96	5.36	1.43	7.0	4.6	1.4	6.5	4.8	1.4	7.5	5.4	1.43	6.8	5.04	1.39	1.5	2.63	1.54	2.61	1.54	2.7	1.48	2.58	1.25	2.0	1.85	2.02	1.88	2.05	1.91	1.98	1.84	8.5	5.75	1.3	8.75	5.75	1.29	8.0	5.5	1.33	9.41	6.04	1.32	9.0	5.25	1.3	8.5	5.5	1.29	10.0	6.05	1.39	8.48	5.58	1.31	1.44	2.75	1.45	2.88	1.49	3.0	1.43	2.73	1.5	2.02	1.83	2.06	1.86	2.09	1.95	2.0	1.84	scotland																																																																										2022-12-17 12:30:00+00:00	scotland:20221217T1230Z:aberdeen:celtic:95	scotland:aberdeen	scotland:celtic	sco.1:2022-23	sco.1:2022-23-rules-v1	15	34.770833333333336	9.0	1.8	1.6	0.0	0.2	11.809236880048514	14.064205275375858	0.1807633688031131	15	34.895833333333336	15.0	3.0	1.4	1.7	0.2	18.52149772226325	6.37020774708072	0.1684145358103124	2022-23	9.0	15.0	34.770833333333336	34.895833333333336	1.8	3.0	2022-12-17 12:29:59.999999+00:00
SC0	2022-12-17	15:00	Hearts	Kilmarnock	3	1	H	2	0	H	W Collum	13	14	5	5	17	17	7	2	1	1	0	0	1.8	3.6	4.75	1.78	3.6	4.33	1.8	3.6	4.4	1.82	3.79	4.63	1.78	3.5	4.4	1.75	3.6	4.4	1.84	3.79	4.75	1.79	3.62	4.39	1.98	1.88	1.99	1.9	1.99	1.91	1.93	1.84	-0.75	2.05	1.8	2.08	1.84	2.12	1.85	2.03	1.79	1.62	4.0	5.5	1.68	3.75	4.8	1.65	3.9	5.0	1.66	4.08	5.47	1.67	3.7	5.0	1.65	3.9	4.8	1.74	4.08	5.5	1.67	3.87	4.96	1.85	2.0	1.86	2.03	1.91	2.05	1.83	1.95	-0.75	1.8	2.05	1.85	2.07	1.97	2.11	1.85	1.97	scotland																																																																										2022-12-17 15:00:00+00:00	scotland:20221217T1500Z:hearts:kilmarnock:96	scotland:hearts	scotland:kilmarnock	sco.1:2022-23	sco.1:2022-23-rules-v1	15	35.0	7.0	1.8	1.8	-0.4	0.1	12.351683062775056	15.94360668190925	0.10712498950398548	16	35.0	6.0	0.8	1.6	-0.7	0.3	11.091419320630699	11.404700403993552	0.08219955509196909	2022-23	7.0	6.0	35.0	35.0	1.8	0.8	2022-12-17 14:59:59.999999+00:00
SC0	2022-12-17	15:00	Ross County	St Johnstone	1	2	A	1	0	H	G Grainger	3	21	1	7	9	8	0	6	1	1	1	0	2.7	3.2	2.7	2.6	3.1	2.65	2.7	3.1	2.7	2.78	3.12	2.87	2.7	3.0	2.7	2.63	3.0	2.75	2.78	3.2	2.87	2.68	3.07	2.74	2.38	1.57	2.52	1.57	2.55	1.59	2.38	1.55	0.0	1.9	1.95	1.93	1.98	1.95	2.0	1.89	1.93	2.5	3.2	3.0	2.45	3.0	3.0	2.45	3.1	3.1	2.54	3.11	3.21	2.45	3.0	3.0	2.4	3.1	3.0	2.6	3.25	3.21	2.46	3.03	3.07	2.5	1.53	2.55	1.56	2.56	1.59	2.46	1.53	-0.25	2.1	1.77	2.14	1.79	2.16	1.82	2.09	1.76	scotland																																																																										2022-12-17 15:00:00+00:00	scotland:20221217T1500Z:ross-county:st-johnstone:97	scotland:ross-county	scotland:st-johnstone	sco.1:2022-23	sco.1:2022-23-rules-v1	16	35.0	6.0	1.4	1.4	-0.6	0.3	7.6465597519793915	16.71877072185022	0.21623296768968148	16	35.0	11.0	1.6	1.0	0.1	0.2	9.247448599613207	14.426390711363974	0.14388881491943079	2022-23	6.0	11.0	35.0	35.0	1.4	1.6	2022-12-17 14:59:59.999999+00:00
SC0	2022-12-20	20:00	Aberdeen	Rangers	2	3	A	1	1	D	W Collum	8	14	2	8	8	13	3	5	5	5	0	0	6.0	4.2	1.53	5.75	4.2	1.52	5.75	4.3	1.53	6.39	4.48	1.53	6.0	4.0	1.52	6.0	4.33	1.5	6.5	4.5	1.54	5.91	4.3	1.51	1.73	2.1	1.73	2.2	1.73	2.23	1.68	2.14	1.0	1.95	1.9	2.04	1.87	2.06	1.9	1.98	1.84	6.0	4.33	1.55	5.75	4.33	1.5	5.75	4.4	1.53	6.23	4.44	1.55	6.0	4.2	1.5	5.75	4.33	1.5	6.6	4.5	1.55	6.04	4.33	1.51	1.67	2.2	1.71	2.22	1.73	2.28	1.66	2.18	1.0	1.98	1.88	2.0	1.91	2.06	1.95	1.97	1.85	scotland																																																																										2022-12-20 20:00:00+00:00	scotland:20221220T2000Z:aberdeen:rangers:98	scotland:aberdeen	scotland:rangers	sco.1:2022-23	sco.1:2022-23-rules-v1	16	3.3125	6.0	1.4	1.6	-0.1	0.2	10.025739265494238	17.50707704348934	0.14789730174800161	16	5.0	10.0	2.0	1.2	1.4	0.3	20.630123954478513	7.878415894575133	0.10799745695861603	2022-23	6.0	10.0	3.3125	5.0	1.4	2.0	2022-12-20 19:59:59.999999+00:00
SC0	2022-12-21	19:45	Celtic	Livingston	2	1	H	2	1	H	E Anderson	23	3	10	2	10	8	10	1	2	3	0	0	1.11	10.0	21.0	1.11	9.25	21.0	1.12	9.0	21.0	1.14	9.35	20.37	1.11	8.0	23.0	1.09	9.0	21.0	1.14	10.0	26.0	1.11	8.82	20.36	1.36	3.2	1.38	3.15	1.38	3.3	1.34	3.08	-2.5	1.95	1.9	2.04	1.85	2.04	1.92	1.97	1.85	1.1	10.0	21.0	1.1	10.5	23.0	1.12	8.75	19.0	1.11	11.03	26.03	1.08	9.0	26.0	1.07	10.5	22.0	1.12	11.4	29.0	1.09	10.02	22.91	1.29	3.75	1.31	3.59	1.32	4.0	1.27	3.56	-2.5	1.83	2.02	1.86	2.04	1.9	2.07	1.83	2.01	scotland																																																																										2022-12-21 19:45:00+00:00	scotland:20221221T1945Z:celtic:livingston:99	scotland:celtic	scotland:livingston	sco.1:2022-23	sco.1:2022-23-rules-v1	16	4.302083333333333	15.0	2.4	0.8	1.4	0.2	21.15395268185175	5.57562452033877	0.14330335299080657	15	39.197916666666664	8.0	1.4	1.6	0.0	0.3	10.668124583782014	15.537791683547137	0.13186338618250235	2022-23	15.0	8.0	4.302083333333333	39.197916666666664	2.4	1.4	2022-12-21 19:44:59.999999+00:00
SC0	2022-12-23	19:30	Ross County	Rangers	0	1	A	0	1	A	D Robertson	6	17	1	6	17	6	0	4	2	1	0	0	10.0	6.5	1.25	10.5	5.75	1.27	8.75	5.5	1.33	10.09	6.18	1.29	12.0	5.5	1.24	10.0	5.75	1.25	12.0	6.5	1.33	10.04	5.84	1.27	1.5	2.63	1.49	2.69	1.52	2.7	1.48	2.58	1.75	1.85	2.0	1.88	2.01	1.9	2.05	1.85	1.97	10.0	5.75	1.25	11.0	5.5	1.26	10.0	5.5	1.3	11.1	6.19	1.27	12.0	5.5	1.24	10.5	5.5	1.25	12.29	6.51	1.3	10.84	5.8	1.26	1.62	2.3	1.54	2.57	1.65	2.57	1.56	2.37	1.75	1.85	2.0	1.89	2.0	1.9	2.07	1.84	1.98	scotland																																																																										2022-12-23 19:30:00+00:00	scotland:20221223T1930Z:ross-county:rangers:100	scotland:ross-county	scotland:rangers	sco.1:2022-23	sco.1:2022-23-rules-v1	17	6.1875	6.0	1.6	1.6	-0.7	0.2	6.801730706164957	17.497176045150177	0.23752394326125453	17	2.9791666666666665	10.0	1.8	1.4	1.4	0.3	19.424646871846058	7.900522095561472	0.12732259465445206	2022-23	6.0	10.0	6.1875	2.9791666666666665	1.6	1.8	2022-12-23 19:29:59.999999+00:00
SC0	2022-12-23	19:45	Motherwell	Kilmarnock	2	2	D	1	0	H	J Beaton	15	3	4	2	15	12	13	1	2	0	0	1	1.95	3.5	3.8	1.95	3.4	3.7	2.0	3.45	3.7	1.99	3.54	4.1	2.0	3.25	3.8	1.93	3.4	3.8	2.02	3.54	4.1	1.97	3.43	3.8	2.1	1.73	2.16	1.75	2.17	1.79	2.1	1.71	-0.5	1.98	1.88	1.99	1.92	2.02	1.92	1.96	1.85	1.95	3.5	3.8	1.93	3.3	3.9	2.0	3.45	3.8	1.99	3.53	4.11	1.95	3.3	3.9	1.93	3.4	3.8	2.07	3.6	4.3	1.96	3.41	3.87	2.2	1.67	2.19	1.74	2.29	1.75	2.14	1.69	-0.5	1.98	1.88	1.99	1.92	2.03	1.92	1.96	1.86	scotland																																																																										2022-12-23 19:45:00+00:00	scotland:20221223T1945Z:motherwell:kilmarnock:101	scotland:motherwell	scotland:kilmarnock	sco.1:2022-23	sco.1:2022-23-rules-v1	16	41.197916666666664	4.0	1.2	1.6	-0.3	0.2	11.360811574523135	12.145590401258662	0.11837578728933482	17	6.197916666666667	3.0	0.8	2.2	-0.8	0.3	11.620252171425117	11.694754875994724	0.08024119442589679	2022-23	4.0	3.0	41.197916666666664	6.197916666666667	1.2	0.8	2022-12-23 19:44:59.999999+00:00
SC0	2022-12-24	12:30	Celtic	St Johnstone	4	1	H	3	0	H	K Clancy	20	7	10	3	12	4	9	1	2	1	1	0	1.13	9.0	21.0	1.12	9.0	19.5	1.12	8.5	20.0	1.13	9.5	21.56	1.1	8.0	26.0	1.1	8.5	20.0	1.13	9.84	26.0	1.11	8.71	20.77	1.4	3.0	1.41	3.01	1.43	3.04	1.39	2.89	-2.5	2.02	1.77	2.05	1.85	2.16	1.9	2.01	1.81	1.08	12.0	23.0	1.08	11.5	26.0	1.1	11.0	18.0	1.09	11.37	32.17	1.07	10.0	26.0	1.07	10.5	22.0	1.1	13.3	32.17	1.08	10.84	24.66	1.29	3.75	1.28	3.78	1.29	4.0	1.26	3.67	-2.75	1.98	1.88	1.96	1.91	2.01	1.96	1.91	1.9	scotland																																																																										2022-12-24 12:30:00+00:00	scotland:20221224T1230Z:celtic:st-johnstone:102	scotland:celtic	scotland:st-johnstone	sco.1:2022-23	sco.1:2022-23-rules-v1	17	2.6979166666666665	15.0	2.2	1.0	1.7	0.2	21.489597648787793	5.107329153004448	0.1330584745814109	17	6.895833333333333	11.0	1.6	1.0	0.2	0.1	11.38427612695626	12.348865127479613	0.13504322952282433	2022-23	15.0	11.0	2.6979166666666665	6.895833333333333	2.2	1.6	2022-12-24 12:29:59.999999+00:00
SC0	2022-12-24	12:30	St Mirren	Aberdeen	3	1	H	1	1	D	N Walsh	16	11	4	5	16	8	8	5	4	1	0	1	2.75	3.25	2.63	2.7	3.25	2.5	2.7	3.3	2.6	2.72	3.37	2.76	2.62	3.2	2.62	2.63	3.3	2.55	2.87	3.42	2.76	2.68	3.27	2.61	2.1	1.73	2.11	1.79	2.19	1.8	2.09	1.72	0.0	1.93	1.93	1.93	1.97	2.0	1.97	1.92	1.9	2.63	3.25	2.7	2.6	3.1	2.75	2.6	3.25	2.75	2.7	3.23	2.88	2.62	3.1	2.7	2.5	3.2	2.75	2.75	3.34	2.9	2.61	3.18	2.77	2.3	1.62	2.29	1.68	2.31	1.74	2.2	1.65	0.0	1.85	2.0	1.88	2.02	1.9	2.04	1.85	1.97	scotland																																																																										2022-12-24 12:30:00+00:00	scotland:20221224T1230Z:st-mirren:aberdeen:103	scotland:st-mirren	scotland:aberdeen	sco.1:2022-23	sco.1:2022-23-rules-v1	15	42.0	5.0	1.4	2.0	-0.7	0.2	11.274896926813009	12.236753550059694	0.11865664883098817	17	3.6875	6.0	1.6	1.4	0.0	0.2	9.657423035404376	16.86942667194582	0.16646142870291042	2022-23	5.0	6.0	42.0	3.6875	1.4	1.6	2022-12-24 12:29:59.999999+00:00
SC0	2022-12-24	14:00	Dundee United	Hearts	2	2	D	1	1	D	C Steven	11	14	6	3	15	8	6	9	4	2	0	0	3.0	3.5	2.3	2.9	3.5	2.25	2.95	3.5	2.3	3.09	3.55	2.37	3.0	3.3	2.3	2.9	3.5	2.25	3.09	3.63	2.37	2.96	3.47	2.28	1.85	2.0	1.85	2.04	1.91	2.04	1.82	1.96	0.25	1.83	2.02	1.87	2.05	1.87	2.09	1.83	1.98	3.1	3.6	2.15	3.1	3.5	2.1	3.1	3.6	2.2	3.4	3.7	2.16	3.2	3.4	2.15	3.2	3.5	2.1	3.41	3.72	2.2	3.2	3.55	2.14	1.73	2.1	1.78	2.12	1.82	2.13	1.76	2.03	0.25	2.0	1.85	2.04	1.88	2.04	1.93	1.95	1.87	scotland																																																																										2022-12-24 14:00:00+00:00	scotland:20221224T1400Z:dundee-united:hearts:104	scotland:dundee-united	scotland:hearts	sco.1:2022-23	sco.1:2022-23-rules-v1	16	41.833333333333336	3.0	1.4	1.6	0.2	0.3	8.904485963965413	14.499826624665046	0.17058579859272055	16	6.958333333333333	10.0	1.8	1.2	-0.1	0.1	12.469558869543226	15.59022364883484	0.129605760643121	2022-23	3.0	10.0	41.833333333333336	6.958333333333333	1.4	1.8	2022-12-24 13:59:59.999999+00:00
SC0	2022-12-24	14:00	Hibernian	Livingston	4	0	H	3	0	H	C Napier	27	8	11	3	13	14	9	1	2	4	0	1	1.8	3.6	4.5	1.85	3.4	4.1	1.85	3.5	4.3	1.87	3.53	4.73	1.85	3.25	4.5	1.8	3.5	4.33	1.9	3.65	4.73	1.83	3.45	4.4	2.1	1.73	2.17	1.74	2.2	1.76	2.12	1.7	-0.5	1.83	2.02	1.87	2.04	1.87	2.08	1.83	1.99	1.67	4.0	4.8	1.7	3.7	4.6	1.7	3.85	4.7	1.7	3.9	5.08	1.7	3.5	5.0	1.65	3.8	4.8	1.74	4.11	5.2	1.69	3.8	4.87	1.98	1.88	1.97	1.91	1.99	1.94	1.91	1.88	-0.75	1.9	1.95	1.96	1.99	1.99	2.0	1.89	1.93	scotland																																																																										2022-12-24 14:00:00+00:00	scotland:20221224T1400Z:hibernian:livingston:105	scotland:hibernian	scotland:livingston	sco.1:2022-23	sco.1:2022-23-rules-v1	17	8.75	3.0	1.2	2.0	-0.8	0.3	15.212227747444302	10.784801383011175	0.09194026440524647	16	2.7604166666666665	7.0	1.4	1.8	-0.2	0.2	9.273920114003465	16.89455683199311	0.1684942856644716	2022-23	3.0	7.0	8.75	2.7604166666666665	1.2	1.4	2022-12-24 13:59:59.999999+00:00
SC0	2022-12-28	19:45	Dundee United	Ross County	3	0	H	1	0	H	C Graham	11	8	6	0	12	10	3	2	2	0	0	1	1.95	3.5	4.0	1.98	3.4	3.7	1.97	3.45	3.8	1.97	3.49	4.24	2.0	3.25	3.9	1.93	3.4	3.8	2.0	3.5	4.24	1.96	3.4	3.87	2.1	1.73	2.15	1.76	2.2	1.76	2.1	1.71	-0.5	1.95	1.9	1.97	1.93	2.0	1.95	1.95	1.87	1.91	3.4	4.2	1.9	3.4	3.9	1.95	3.4	4.0	1.93	3.49	4.45	1.91	3.3	4.0	1.91	3.4	3.9	1.98	3.5	4.5	1.92	3.4	4.1	2.2	1.67	2.19	1.74	2.35	1.74	2.14	1.69	-0.5	1.93	1.93	1.93	1.97	1.98	1.98	1.91	1.9	scotland																																																																										2022-12-28 19:45:00+00:00	scotland:20221228T1945Z:dundee-united:ross-county:106	scotland:dundee-united	scotland:ross-county	sco.1:2022-23	sco.1:2022-23-rules-v1	17	4.239583333333333	4.0	1.6	1.6	0.3	0.3	9.285488515971702	14.408949056544127	0.17262805008825896	18	5.010416666666667	6.0	1.4	1.4	-0.6	0.2	6.655961486862237	17.406780400577414	0.19433777175920824	2022-23	4.0	6.0	4.239583333333333	5.010416666666667	1.6	1.4	2022-12-28 19:44:59.999999+00:00
SC0	2022-12-28	19:45	Kilmarnock	Aberdeen	2	1	H	2	0	H	D Robertson	17	9	4	2	12	11	2	6	2	2	0	0	3.0	3.5	2.3	3.1	3.25	2.25	3.0	3.35	2.35	3.05	3.44	2.45	3.0	3.2	2.35	3.0	3.3	2.3	3.1	3.5	2.45	3.0	3.33	2.33	2.1	1.73	2.12	1.78	2.16	1.8	2.06	1.74	0.25	1.8	2.05	1.82	2.1	1.88	2.1	1.81	2.0	3.0	3.6	2.25	2.95	3.3	2.3	2.95	3.45	2.35	3.33	3.44	2.29	2.9	3.3	2.35	3.1	3.4	2.2	3.33	3.69	2.39	3.03	3.39	2.3	1.98	1.88	1.97	1.91	2.02	2.03	1.93	1.86	0.25	1.9	1.95	1.93	1.97	1.95	2.04	1.85	1.98	scotland																																																																										2022-12-28 19:45:00+00:00	scotland:20221228T1945Z:kilmarnock:aberdeen:107	scotland:kilmarnock	scotland:aberdeen	sco.1:2022-23	sco.1:2022-23-rules-v1	18	5.0	4.0	1.2	2.4	-0.5	0.3	10.052933594802367	12.295708534904772	0.18686400756058222	18	4.302083333333333	3.0	1.0	1.8	-0.5	0.2	9.901527938058125	16.711349095228396	0.15272464001312505	2022-23	4.0	3.0	5.0	4.302083333333333	1.2	1.0	2022-12-28 19:44:59.999999+00:00
SC0	2022-12-28	19:45	Livingston	St Mirren	1	1	D	0	0	D	S McLean	8	16	3	4	8	17	4	5	1	2	1	1	2.38	3.4	3.0	2.45	3.2	2.85	2.45	3.25	2.9	2.51	3.3	3.07	2.5	3.1	2.9	2.38	3.25	2.9	2.51	3.4	3.07	2.43	3.23	2.93	2.2	1.67	2.27	1.69	2.27	1.72	2.19	1.66	-0.25	2.1	1.77	2.14	1.79	2.14	1.84	2.06	1.77	2.8	3.2	2.63	2.65	3.2	2.6	2.8	3.2	2.6	2.95	3.23	2.64	2.62	3.1	2.7	2.7	3.2	2.55	2.95	3.27	2.94	2.74	3.18	2.62	2.2	1.67	2.23	1.71	2.35	1.71	2.19	1.66	0.0	2.02	1.83	2.07	1.85	2.07	1.98	1.97	1.85	scotland																																																																										2022-12-28 19:45:00+00:00	scotland:20221228T1945Z:livingston:st-mirren:108	scotland:livingston	scotland:st-mirren	sco.1:2022-23	sco.1:2022-23-rules-v1	17	4.239583333333333	7.0	1.4	2.0	-0.7	0.1	9.042298275093744	18.73191013526709	0.13785896099820402	16	4.302083333333333	5.0	1.6	2.0	-0.2	0.2	12.134006576483369	12.011889268230657	0.1311736217708085	2022-23	7.0	5.0	4.239583333333333	4.302083333333333	1.4	1.6	2022-12-28 19:44:59.999999+00:00
SC0	2022-12-28	19:45	Rangers	Motherwell	3	0	H	2	0	H	D Dickinson	19	6	10	2	8	14	7	7	2	3	0	0	1.22	6.5	13.0	1.23	6.25	11.5	1.25	6.25	12.0	1.23	6.91	13.16	1.22	5.8	12.0	1.2	6.5	12.0	1.25	6.91	13.16	1.22	6.39	11.92	1.53	2.5	1.53	2.59	1.54	2.6	1.51	2.48	-1.75	1.88	1.98	1.93	1.96	1.93	2.02	1.86	1.95	1.2	8.0	10.0	1.18	7.0	13.5	1.2	7.0	13.0	1.17	7.98	17.62	1.17	6.5	17.0	1.15	7.0	15.0	1.22	8.52	19.0	1.18	7.22	14.37	1.44	2.75	1.5	2.65	1.52	2.8	1.47	2.61	-2.0	2.05	1.8	1.98	1.91	2.09	1.96	1.93	1.88	scotland																																																																										2022-12-28 19:45:00+00:00	scotland:20221228T1945Z:rangers:motherwell:109	scotland:rangers	scotland:motherwell	sco.1:2022-23	sco.1:2022-23-rules-v1	18	5.010416666666667	13.0	1.8	1.0	1.1	0.3	18.983801986055862	7.554972623641204	0.11486821915578163	17	5.0	5.0	1.4	1.6	0.0	0.2	12.022482197337109	10.482755782847995	0.12109534111551636	2022-23	13.0	5.0	5.010416666666667	5.0	1.8	1.4	2022-12-28 19:44:59.999999+00:00
SC0	2022-12-28	19:45	St Johnstone	Hearts	2	3	A	0	2	A	W Collum	15	16	3	3	14	7	4	11	4	1	0	0	3.0	3.4	2.3	2.95	3.25	2.3	3.05	3.35	2.35	3.24	3.3	2.4	3.1	3.1	2.35	3.0	3.25	2.3	3.24	3.4	2.4	3.07	3.25	2.33	2.02	1.83	2.08	1.81	2.14	1.85	2.04	1.75	0.25	1.83	2.02	1.86	2.05	1.86	2.06	1.82	2.0	3.1	3.6	2.2	3.1	3.4	2.2	3.0	3.5	2.3	3.26	3.64	2.24	3.1	3.25	2.25	3.2	3.5	2.1	3.35	3.68	2.3	3.09	3.47	2.23	1.93	1.93	1.97	1.92	1.99	1.96	1.91	1.87	0.25	1.95	1.9	1.96	1.94	2.01	1.98	1.9	1.92	scotland																																																																										2022-12-28 19:45:00+00:00	scotland:20221228T1945Z:st-johnstone:hearts:110	scotland:st-johnstone	scotland:hearts	sco.1:2022-23	sco.1:2022-23-rules-v1	18	4.302083333333333	8.0	1.6	1.8	-0.2	0.1	10.587135012964213	13.739980558846955	0.13646394103815496	17	4.239583333333333	8.0	1.8	1.4	-0.4	0.0	12.747820893262638	14.755637530864869	0.13201510286385224	2022-23	8.0	8.0	4.302083333333333	4.239583333333333	1.6	1.8	2022-12-28 19:44:59.999999+00:00
SC0	2022-12-28	20:00	Hibernian	Celtic	0	4	A	0	2	A	A Muir	6	20	1	7	9	7	5	14	0	0	0	0	7.0	5.0	1.4	7.0	5.0	1.39	7.0	5.0	1.4	7.03	5.29	1.43	7.5	4.6	1.4	7.0	5.0	1.36	7.5	5.3	1.43	6.98	4.96	1.39	1.53	2.5	1.54	2.59	1.56	2.6	1.51	2.48	1.25	2.0	1.85	2.03	1.88	2.04	1.89	1.98	1.84	7.0	6.0	1.33	8.25	5.75	1.31	8.0	5.75	1.33	9.56	6.03	1.31	9.0	5.5	1.29	8.5	5.5	1.29	9.56	6.21	1.35	8.57	5.72	1.3	1.44	2.75	1.46	2.83	1.48	2.88	1.44	2.73	1.5	1.93	1.93	2.01	1.89	2.1	1.95	1.97	1.85	scotland																																																																										2022-12-28 20:00:00+00:00	scotland:20221228T2000Z:hibernian:celtic:111	scotland:hibernian	scotland:celtic	sco.1:2022-23	sco.1:2022-23-rules-v1	18	4.25	3.0	1.4	2.0	-0.6	0.3	17.35545906609079	10.278473858827324	0.10215987963122859	18	4.3125	15.0	2.2	0.8	1.9	0.2	21.218761712644557	5.451451125185457	0.14522966102115437	2022-23	3.0	15.0	4.25	4.3125	1.4	2.2	2022-12-28 19:59:59.999999+00:00
SC0	2023-01-02	12:30	Rangers	Celtic	2	2	D	0	1	A	J Beaton	15	8	5	2	11	13	5	4	1	1	0	0	3.2	3.6	2.15	3.1	3.5	2.15	3.15	3.6	2.15	3.25	3.85	2.17	3.1	3.5	2.15	3.13	3.6	2.1	3.36	3.95	2.22	3.16	3.65	2.14	1.67	2.2	1.67	2.31	1.75	2.34	1.67	2.18	0.25	2.0	1.85	2.01	1.9	2.04	1.91	1.96	1.85	2.9	3.7	2.25	2.87	3.5	2.25	2.95	3.6	2.25	3.13	3.68	2.33	3.0	3.5	2.2	2.9	3.6	2.2	3.2	3.86	2.35	2.99	3.59	2.26	1.67	2.2	1.68	2.27	1.77	2.28	1.66	2.2	0.25	1.88	1.98	1.91	2.0	1.93	2.02	1.87	1.95	scotland																																																																										2023-01-02 12:30:00+00:00	scotland:20230102T1230Z:rangers:celtic:112	scotland:rangers	scotland:celtic	sco.1:2022-23	sco.1:2022-23-rules-v1	19	4.697916666666667	13.0	2.2	1.0	1.0	0.3	18.98674707950025	7.272250328433712	0.12269122237147682	19	4.6875	15.0	2.6	0.6	2.2	0.3	20.99716867398191	5.551187284242646	0.15518790447185357	2022-23	13.0	15.0	4.697916666666667	4.6875	2.2	2.6	2023-01-02 12:29:59.999999+00:00
SC0	2023-01-02	15:00	Aberdeen	Ross County	0	0	D	0	0	D	M MacDermid	22	7	6	1	5	12	11	1	0	4	0	0	1.65	3.75	5.5	1.63	3.8	5.25	1.65	3.8	5.25	1.65	3.99	5.76	1.65	3.6	5.25	1.62	3.8	5.25	1.67	4.0	5.8	1.64	3.8	5.37	1.95	1.9	1.94	1.94	2.02	1.94	1.92	1.85	-0.75	1.8	2.05	1.83	2.09	1.85	2.11	1.8	2.02	1.53	4.33	5.75	1.55	4.1	5.5	1.55	4.2	5.75	1.54	4.3	6.62	1.57	3.9	5.5	1.53	4.0	5.75	1.62	4.44	6.8	1.55	4.1	5.87	1.83	2.02	1.84	2.06	1.9	2.08	1.81	1.98	-1.0	1.88	1.98	1.93	1.97	2.08	2.02	1.94	1.88	scotland																																																																										2023-01-02 15:00:00+00:00	scotland:20230102T1500Z:aberdeen:ross-county:113	scotland:aberdeen	scotland:ross-county	sco.1:2022-23	sco.1:2022-23-rules-v1	19	4.802083333333333	3.0	1.0	1.8	-0.2	0.2	9.737613767502102	16.76383107791414	0.1451585438491225	19	4.802083333333333	3.0	0.8	1.6	-0.4	0.2	6.9003321256145576	16.241911236836067	0.1590036314393522	2022-23	3.0	3.0	4.802083333333333	4.802083333333333	1.0	0.8	2023-01-02 14:59:59.999999+00:00
SC0	2023-01-02	15:00	Hearts	Hibernian	3	0	H	2	0	H	K Clancy	9	14	5	4	10	14	3	4	2	3	0	0	2.15	3.5	3.3	2.15	3.6	3.0	2.25	3.6	3.05	2.14	3.79	3.37	2.2	3.4	3.1	2.05	3.6	3.2	2.25	3.79	3.38	2.14	3.58	3.18	1.73	2.1	1.76	2.14	1.79	2.17	1.73	2.07	-0.25	1.83	2.02	1.86	2.05	1.93	2.06	1.84	1.97	2.25	3.6	3.0	2.2	3.6	2.95	2.3	3.6	2.9	2.29	3.57	3.21	2.25	3.4	3.0	2.15	3.6	3.0	2.3	3.75	3.27	2.24	3.55	3.02	1.67	2.2	1.7	2.24	1.72	2.34	1.66	2.19	-0.25	1.93	1.93	1.98	1.93	2.0	1.96	1.94	1.89	scotland																																																																										2023-01-02 15:00:00+00:00	scotland:20230102T1500Z:hearts:hibernian:114	scotland:hearts	scotland:hibernian	sco.1:2022-23	sco.1:2022-23-rules-v1	18	4.802083333333333	8.0	1.8	1.4	0.1	0.0	13.339126185396704	14.80006707070762	0.14210326597951545	19	4.791666666666667	3.0	1.2	2.0	-1.1	0.2	15.290830144983374	12.046024066313265	0.08358535606191429	2022-23	8.0	3.0	4.802083333333333	4.791666666666667	1.8	1.2	2023-01-02 14:59:59.999999+00:00
SC0	2023-01-02	15:00	Kilmarnock	St Mirren	0	0	D	0	0	D	G Irvine	12	6	3	0	8	11	6	4	2	3	0	1	2.63	3.4	2.63	2.7	3.25	2.55	2.7	3.25	2.65	2.76	3.33	2.75	2.7	3.1	2.62	2.63	3.2	2.63	2.8	3.4	2.75	2.68	3.23	2.63	2.2	1.67	2.2	1.72	2.21	1.8	2.16	1.67	0.0	1.93	1.93	1.95	1.95	1.97	1.98	1.92	1.9	2.63	3.25	2.7	2.7	3.1	2.6	2.65	3.2	2.7	2.8	3.14	2.84	2.62	3.1	2.7	2.63	3.2	2.63	2.8	3.34	2.95	2.68	3.14	2.71	2.3	1.62	2.35	1.65	2.36	1.69	2.27	1.62	0.0	1.9	1.95	1.93	1.97	1.94	2.0	1.91	1.92	scotland																																																																										2023-01-02 15:00:00+00:00	scotland:20230102T1500Z:kilmarnock:st-mirren:115	scotland:kilmarnock	scotland:st-mirren	sco.1:2022-23	sco.1:2022-23-rules-v1	19	4.802083333333333	7.0	1.2	2.0	-0.5	0.3	11.316036577565573	11.696488801285723	0.17427910779020897	17	4.802083333333333	6.0	1.8	1.6	-0.4	0.1	12.836914471668209	11.282454855825083	0.11868750872157058	2022-23	7.0	6.0	4.802083333333333	4.802083333333333	1.2	1.8	2023-01-02 14:59:59.999999+00:00
SC0	2023-01-02	15:00	Livingston	Motherwell	1	1	D	1	1	D	D Munro	11	16	6	5	8	15	5	4	3	2	0	0	2.63	3.4	2.63	2.55	3.25	2.7	2.6	3.3	2.7	2.74	3.34	2.75	2.6	3.2	2.7	2.55	3.25	2.7	2.74	3.4	2.75	2.61	3.26	2.68	2.1	1.73	2.14	1.76	2.2	1.76	2.1	1.71	0.0	1.9	1.95	1.95	1.95	1.95	2.01	1.89	1.93	2.9	3.3	2.4	2.85	3.2	2.4	2.85	3.3	2.5	3.0	3.32	2.54	2.8	3.2	2.5	2.8	3.25	2.45	3.0	3.41	2.56	2.86	3.25	2.48	2.1	1.73	2.15	1.76	2.24	1.78	2.11	1.72	0.0	2.13	1.75	2.13	1.8	2.16	1.82	2.06	1.78	scotland																																																																										2023-01-02 15:00:00+00:00	scotland:20230102T1500Z:livingston:motherwell:116	scotland:livingston	scotland:motherwell	sco.1:2022-23	sco.1:2022-23-rules-v1	18	4.802083333333333	5.0	1.0	1.8	-0.6	0.1	8.852789497803972	18.235199201582162	0.13552096808943964	18	4.802083333333333	2.0	1.2	2.2	-0.2	0.2	10.927485434184906	12.031345640511995	0.09907800636724065	2022-23	5.0	2.0	4.802083333333333	4.802083333333333	1.0	1.2	2023-01-02 14:59:59.999999+00:00
SC0	2023-01-02	15:00	St Johnstone	Dundee United	0	1	A	0	0	D	G Grainger	8	10	2	2	13	8	3	2	3	1	0	0	2.25	3.3	3.25	2.2	3.4	3.1	2.25	3.35	3.15	2.33	3.39	3.3	2.2	3.2	3.25	2.2	3.3	3.13	2.33	3.4	3.4	2.24	3.31	3.2	2.1	1.73	2.16	1.75	2.16	1.79	2.08	1.72	-0.25	1.95	1.9	2.0	1.91	2.0	1.95	1.93	1.89	2.4	3.2	3.0	2.37	3.2	2.95	2.4	3.25	3.0	2.52	3.28	3.07	2.3	3.2	3.1	2.3	3.25	3.0	2.52	3.34	3.29	2.36	3.24	3.05	2.3	1.62	2.31	1.67	2.31	1.74	2.22	1.64	-0.25	2.13	1.75	2.15	1.79	2.2	1.87	2.04	1.8	scotland																																																																										2023-01-02 15:00:00+00:00	scotland:20230102T1500Z:st-johnstone:dundee-united:117	scotland:st-johnstone	scotland:dundee-united	sco.1:2022-23	sco.1:2022-23-rules-v1	19	4.802083333333333	5.0	1.6	2.2	-0.2	0.1	11.389474101516175	14.150893184511144	0.13589473963727827	18	4.802083333333333	7.0	2.2	1.4	0.7	0.4	9.597217876704118	13.243685591717922	0.19082790874989783	2022-23	5.0	7.0	4.802083333333333	4.802083333333333	1.6	2.2	2023-01-02 14:59:59.999999+00:00
SC0	2023-01-07	15:00	Aberdeen	St Johnstone	2	0	H	0	0	D	E Anderson	16	10	7	1	12	11	9	2	0	3	0	0	1.67	3.6	5.25	1.72	3.7	4.6	1.73	3.7	4.8	1.74	3.84	5.15	1.73	3.5	4.8	1.7	3.6	4.8	1.75	3.84	5.25	1.72	3.7	4.82	2.02	1.83	2.02	1.87	2.09	1.87	2.0	1.8	-0.75	1.93	1.93	1.97	1.93	1.99	1.97	1.93	1.89	1.62	3.6	5.5	1.63	3.8	5.0	1.7	3.75	5.0	1.68	3.84	5.7	1.67	3.6	5.25	1.65	3.75	5.0	1.72	3.9	5.7	1.67	3.74	5.2	2.02	1.83	2.07	1.81	2.09	1.9	2.01	1.79	-0.75	1.85	2.0	1.89	2.02	1.92	2.05	1.86	1.97	scotland																																																																										2023-01-07 15:00:00+00:00	scotland:20230107T1500Z:aberdeen:st-johnstone:118	scotland:aberdeen	scotland:st-johnstone	sco.1:2022-23	sco.1:2022-23-rules-v1	20	5.0	1.0	0.8	1.8	-0.4	0.2	11.967138537047173	14.988589063747932	0.11876608133110021	20	5.0	4.0	1.2	2.0	-0.2	0.1	10.773206083058689	13.396185332781844	0.11118660515777312	2022-23	1.0	4.0	5.0	5.0	0.8	1.2	2023-01-07 14:59:59.999999+00:00
SC0	2023-01-07	15:00	Celtic	Kilmarnock	2	0	H	1	0	H	N Walsh	24	2	10	0	9	11	4	3	0	0	0	0	1.08	12.0	23.0	1.09	11.0	23.0	1.09	10.0	22.0	1.1	11.14	28.87	1.07	9.5	29.0	1.07	10.5	22.0	1.1	12.0	35.0	1.08	10.44	25.33	1.29	3.75	1.31	3.49	1.31	3.9	1.28	3.52	-2.75	2.0	1.85	2.0	1.87	2.06	1.88	1.99	1.83	1.08	12.0	23.0	1.09	11.0	23.0	1.1	9.5	21.0	1.09	11.8	31.12	1.07	9.5	29.0	1.07	10.5	22.0	1.1	13.3	40.0	1.08	10.84	25.88	1.25	4.0	1.29	3.67	1.29	4.0	1.25	3.74	-2.75	1.98	1.88	1.94	1.93	2.02	1.94	1.93	1.9	scotland																																																																										2023-01-07 15:00:00+00:00	scotland:20230107T1500Z:celtic:kilmarnock:119	scotland:celtic	scotland:kilmarnock	sco.1:2022-23	sco.1:2022-23-rules-v1	20	5.104166666666667	13.0	2.6	0.8	1.7	0.3	18.63404709689429	7.269153232562164	0.17242646729515293	20	5.0	8.0	1.2	1.2	-0.5	0.4	11.44039356346274	10.660763564688317	0.14259199728289823	2022-23	13.0	8.0	5.104166666666667	5.0	2.6	1.2	2023-01-07 14:59:59.999999+00:00
SC0	2023-01-07	15:00	Ross County	Livingston	0	2	A	0	0	D	W Collum	10	12	2	5	8	7	4	4	0	1	0	0	2.7	3.2	2.7	2.6	3.2	2.65	2.7	3.2	2.7	2.77	3.31	2.75	2.62	3.2	2.62	2.63	3.1	2.7	2.77	3.35	2.75	2.67	3.2	2.67	2.2	1.67	2.25	1.7	2.31	1.75	2.16	1.68	0.0	1.93	1.93	1.96	1.94	1.96	1.98	1.91	1.91	2.7	3.0	2.88	2.7	2.95	2.7	2.7	3.0	2.8	2.81	3.01	2.94	2.7	2.9	2.8	2.63	3.0	2.75	2.85	3.16	2.95	2.7	2.99	2.82	2.63	1.5	2.62	1.53	2.66	1.55	2.55	1.5	0.0	1.88	1.98	1.91	2.0	1.95	2.03	1.87	1.96	scotland																																																																										2023-01-07 15:00:00+00:00	scotland:20230107T1500Z:ross-county:livingston:120	scotland:ross-county	scotland:livingston	sco.1:2022-23	sco.1:2022-23-rules-v1	20	5.0	1.0	0.4	1.6	-0.5	0.2	6.918453557321001	17.288836466502236	0.1300938802685609	19	5.0	3.0	0.8	1.8	-0.5	0.1	9.243191407294159	17.82879934674904	0.1274097176930126	2022-23	1.0	3.0	5.0	5.0	0.4	0.8	2023-01-07 14:59:59.999999+00:00
SC0	2023-01-07	15:00	St Mirren	Hearts	1	1	D	1	0	H	C Graham	13	10	5	3	18	7	3	4	2	2	1	0	2.88	3.3	2.5	2.75	3.4	2.4	2.85	3.35	2.45	2.87	3.56	2.51	2.88	3.3	2.4	2.8	3.3	2.4	2.9	3.56	2.55	2.82	3.4	2.43	1.9	1.95	1.95	1.93	1.95	2.0	1.9	1.89	0.0	2.05	1.8	2.1	1.83	2.12	1.83	2.06	1.78	2.7	3.3	2.6	2.65	3.4	2.45	2.65	3.4	2.6	2.75	3.57	2.6	2.62	3.4	2.55	2.6	3.4	2.5	2.95	3.73	2.7	2.67	3.44	2.54	1.85	2.0	1.86	2.03	1.92	2.05	1.83	1.96	0.0	1.95	1.9	2.01	1.9	2.02	1.95	1.95	1.89	scotland																																																																										2023-01-07 15:00:00+00:00	scotland:20230107T1500Z:st-mirren:hearts:121	scotland:st-mirren	scotland:hearts	sco.1:2022-23	sco.1:2022-23-rules-v1	18	5.0	7.0	1.4	1.0	-0.5	0.2	11.59383911318308	11.412917609311432	0.09710796168128501	19	5.0	11.0	2.4	1.2	0.4	0.1	12.550194151688212	14.65460033057896	0.17687236913475507	2022-23	7.0	11.0	5.0	5.0	1.4	2.4	2023-01-07 14:59:59.999999+00:00
SC0	2023-01-08	13:30	Motherwell	Hibernian	2	3	A	0	1	A	D Munro	13	10	3	4	12	9	5	2	2	1	0	0	2.88	3.3	2.5	2.7	3.25	2.5	2.75	3.25	2.6	2.89	3.35	2.61	2.75	3.2	2.55	2.75	3.2	2.5	2.95	3.35	2.61	2.77	3.25	2.54	2.1	1.73	2.14	1.77	2.25	1.77	2.11	1.71	0.0	2.02	1.83	2.06	1.86	2.07	1.89	1.99	1.83	2.88	3.4	2.45	2.7	3.2	2.55	2.85	3.3	2.5	2.97	3.34	2.56	2.88	3.25	2.4	2.75	3.3	2.45	2.97	3.46	2.6	2.83	3.26	2.5	2.1	1.73	2.13	1.77	2.21	1.81	2.09	1.73	0.0	2.05	1.8	2.11	1.81	2.11	1.86	2.04	1.8	scotland																																																																										2023-01-08 13:30:00+00:00	scotland:20230108T1330Z:motherwell:hibernian:122	scotland:motherwell	scotland:hibernian	sco.1:2022-23	sco.1:2022-23-rules-v1	19	5.9375	3.0	1.0	1.8	-0.7	0.1	11.84976080978765	11.843828251327995	0.09242745975501508	20	5.9375	3.0	1.2	2.2	-1.3	0.2	15.056133754986396	11.492201508801761	0.06838801859611168	2022-23	3.0	3.0	5.9375	5.9375	1.0	1.2	2023-01-08 13:29:59.999999+00:00
SC0	2023-01-08	16:00	Dundee United	Rangers	0	2	A	0	0	D	S McLean	6	20	1	10	4	2	1	7	1	0	0	0	9.5	5.0	1.33	8.75	5.25	1.32	8.5	5.5	1.33	9.46	5.58	1.34	9.5	5.0	1.3	8.5	5.25	1.3	10.0	5.58	1.34	8.97	5.32	1.31	1.57	2.38	1.62	2.4	1.62	2.47	1.56	2.37	1.5	1.93	1.93	1.98	1.93	1.98	1.98	1.92	1.89	10.0	5.0	1.3	9.25	5.25	1.3	9.5	5.25	1.33	10.55	5.77	1.31	12.0	5.0	1.27	9.5	5.25	1.29	12.0	5.77	1.33	9.76	5.39	1.3	1.62	2.3	1.64	2.36	1.66	2.45	1.62	2.27	1.5	1.95	1.9	1.98	1.93	1.99	1.95	1.93	1.89	scotland																																																																										2023-01-08 16:00:00+00:00	scotland:20230108T1600Z:dundee-united:rangers:123	scotland:dundee-united	scotland:rangers	sco.1:2022-23	sco.1:2022-23-rules-v1	19	6.041666666666667	10.0	2.0	0.6	0.4	0.4	9.670450990030641	12.290288211405572	0.17431374352264367	20	6.145833333333333	13.0	2.4	1.2	0.9	0.3	18.26188397413657	7.404568450536672	0.12462615163726891	2022-23	10.0	13.0	6.041666666666667	6.145833333333333	2.0	2.4	2023-01-08 15:59:59.999999+00:00
SC0	2023-01-13	19:45	Hearts	St Mirren	1	0	H	1	0	H	D Munro	12	19	3	4	8	13	5	5	2	4	0	0	1.83	3.5	4.5	1.8	3.6	4.2	1.85	3.6	4.2	1.85	3.83	4.38	1.83	3.5	4.2	1.8	3.6	4.1	1.88	3.83	4.5	1.83	3.64	4.19	1.85	2.0	1.81	2.07	1.92	2.06	1.82	1.96	-0.5	1.83	2.02	1.85	2.06	1.86	2.09	1.82	1.99	1.73	3.75	4.75	1.66	3.8	4.75	1.67	3.85	5.0	1.7	3.93	5.31	1.65	3.7	5.25	1.62	3.9	5.0	1.83	4.0	5.4	1.68	3.81	4.98	1.73	2.1	1.85	2.05	1.9	2.07	1.8	2.0	-0.75	1.95	1.9	1.89	2.01	1.9	2.08	1.84	1.99	scotland																																																																										2023-01-13 19:45:00+00:00	scotland:20230113T1945Z:hearts:st-mirren:124	scotland:hearts	scotland:st-mirren	sco.1:2022-23	sco.1:2022-23-rules-v1	20	6.197916666666667	11.0	2.4	1.2	0.6	0.1	12.0865224877449	14.35376390683733	0.16289557474661778	19	6.197916666666667	7.0	1.2	0.8	-0.1	0.2	11.849504728967974	11.156023498527535	0.09343798263433807	2022-23	11.0	7.0	6.197916666666667	6.197916666666667	2.4	1.2	2023-01-13 19:44:59.999999+00:00
SC0	2023-01-14	15:00	Hibernian	Dundee United	2	2	D	1	2	A	C Steven	16	12	6	4	10	8	3	6	2	3	0	0	1.7	3.75	5.0	1.7	3.7	4.75	1.7	3.7	5.0	1.72	3.96	5.11	1.7	3.6	4.8	1.67	3.75	4.8	1.73	3.96	5.5	1.7	3.75	4.88	1.95	1.9	1.96	1.93	2.0	1.95	1.93	1.86	-0.75	1.9	1.95	1.94	1.96	1.95	2.0	1.9	1.92	1.73	3.6	4.75	1.7	3.7	4.75	1.75	3.7	4.7	1.76	3.77	5.08	1.7	3.6	4.8	1.7	3.7	4.6	1.79	3.92	5.5	1.73	3.7	4.76	1.95	1.9	1.96	1.93	2.02	1.95	1.91	1.88	-0.75	1.95	1.9	2.0	1.91	2.01	1.98	1.93	1.89	scotland																																																																										2023-01-14 15:00:00+00:00	scotland:20230114T1500Z:hibernian:dundee-united:125	scotland:hibernian	scotland:dundee-united	sco.1:2022-23	sco.1:2022-23-rules-v1	21	6.0625	6.0	1.8	2.4	-0.7	0.2	14.136836708625232	11.766346689019622	0.11049928794227318	20	5.958333333333333	7.0	1.2	1.0	0.1	0.3	9.003096264570523	13.692053991150013	0.1426203356094357	2022-23	6.0	7.0	6.0625	5.958333333333333	1.8	1.2	2023-01-14 14:59:59.999999+00:00
SC0	2023-01-14	15:00	Motherwell	Ross County	1	1	D	0	0	D	D Dickinson	11	12	3	5	15	9	7	3	2	3	0	0	1.75	3.6	4.5	1.78	3.5	4.5	1.8	3.55	4.5	1.82	3.68	4.82	1.8	3.4	4.5	1.75	3.6	4.4	1.83	3.68	5.0	1.78	3.56	4.53	2.02	1.83	2.15	1.76	2.15	1.85	2.05	1.76	-0.75	2.02	1.83	2.08	1.84	2.11	1.88	2.02	1.81	1.7	3.6	5.0	1.75	3.5	4.75	1.8	3.55	4.6	1.75	3.73	5.23	1.8	3.4	4.5	1.75	3.6	4.4	1.83	3.75	5.23	1.77	3.56	4.67	2.0	1.8	2.08	1.81	2.24	1.83	2.05	1.76	-0.75	1.95	1.9	1.98	1.93	2.05	1.94	2.0	1.84	scotland																																																																										2023-01-14 15:00:00+00:00	scotland:20230114T1500Z:motherwell:ross-county:126	scotland:motherwell	scotland:ross-county	sco.1:2022-23	sco.1:2022-23-rules-v1	20	6.0625	3.0	1.2	2.0	-0.7	0.1	12.058895208008076	11.508586751086542	0.10359449504431303	21	7.0	1.0	0.2	1.6	-0.7	0.2	7.478734728717183	16.3272298362291	0.1064404474924589	2022-23	3.0	1.0	6.0625	7.0	1.2	0.2	2023-01-14 14:59:59.999999+00:00
SC0	2023-01-14	15:00	St Johnstone	Livingston	2	4	A	0	3	A	J Beaton	15	11	5	5	13	10	5	3	1	1	0	0	2.4	3.1	3.2	2.35	3.1	3.0	2.45	3.1	3.1	2.44	3.16	3.32	2.38	3.1	3.1	2.3	3.2	3.0	2.45	3.3	3.32	2.38	3.11	3.13	2.3	1.62	2.37	1.64	2.38	1.64	2.3	1.6	-0.25	2.02	1.83	2.07	1.85	2.07	1.88	2.02	1.81	2.4	3.1	3.2	2.37	2.95	3.1	2.45	3.05	3.2	2.47	3.01	3.44	2.38	2.9	3.25	2.38	3.1	3.0	2.48	3.17	3.44	2.41	3.0	3.21	2.63	1.5	2.67	1.52	2.67	1.57	2.51	1.51	-0.25	2.05	1.8	2.07	1.85	2.13	1.85	2.03	1.8	scotland																																																																										2023-01-14 15:00:00+00:00	scotland:20230114T1500Z:st-johnstone:livingston:127	scotland:st-johnstone	scotland:livingston	sco.1:2022-23	sco.1:2022-23-rules-v1	21	7.0	3.0	1.0	2.2	-0.3	0.1	10.632623158866199	13.869606181366962	0.09097085876545073	20	7.0	5.0	1.0	1.6	-0.4	0.1	9.744429333240674	16.40538128370376	0.1345473447791315	2022-23	3.0	5.0	7.0	7.0	1.0	1.0	2023-01-14 14:59:59.999999+00:00
SC0	2023-01-18	19:45	Celtic	St Mirren	4	0	H	2	0	H	S McLean	17	9	6	3	5	5	8	2	0	0	0	0	1.11	9.0	21.0	1.11	9.25	20.0	1.12	8.75	20.0	1.13	9.82	21.29	1.11	8.0	21.0	1.09	9.0	21.0	1.13	9.82	26.0	1.11	8.97	20.27	1.36	3.2	1.39	3.09	1.39	3.3	1.36	3.02	-2.5	2.0	1.85	2.04	1.85	2.06	1.92	1.98	1.84	1.1	9.0	26.0	1.14	8.25	17.5	1.15	8.5	16.0	1.15	9.16	18.54	1.14	7.5	17.0	1.13	8.0	15.0	1.15	10.4	28.0	1.13	8.5	17.79	1.36	3.2	1.38	3.14	1.38	3.41	1.35	3.09	-2.25	1.85	2.0	1.98	1.91	2.02	2.05	1.91	1.92	scotland																																																																										2023-01-18 19:45:00+00:00	scotland:20230118T1945Z:celtic:st-mirren:128	scotland:celtic	scotland:st-mirren	sco.1:2022-23	sco.1:2022-23-rules-v1	21	11.197916666666666	13.0	2.8	0.8	1.8	0.4	19.609674897458962	6.311125372096315	0.15622771566573118	20	5.0	6.0	1.0	0.8	-0.2	0.1	13.149594778246524	11.309473771522528	0.07644925851900387	2022-23	13.0	6.0	11.197916666666666	5.0	2.8	1.0	2023-01-18 19:44:59.999999+00:00
SC0	2023-01-18	19:45	Hearts	Aberdeen	5	0	H	4	0	H	W Collum	12	9	6	2	18	15	3	8	1	1	0	0	2.15	3.4	3.4	2.15	3.4	3.1	2.2	3.5	3.2	2.15	3.63	3.47	2.1	3.5	3.2	2.1	3.4	3.3	2.22	3.65	3.5	2.13	3.51	3.26	1.85	2.0	1.85	2.05	1.92	2.05	1.83	1.96	-0.25	1.83	2.02	1.86	2.05	1.89	2.05	1.84	1.98	2.1	3.5	3.5	2.05	3.6	3.2	2.15	3.5	3.3	2.12	3.6	3.58	2.0	3.7	3.3	2.05	3.6	3.25	2.16	3.76	3.58	2.1	3.53	3.34	1.73	2.1	1.72	2.21	1.82	2.25	1.69	2.14	-0.25	1.8	2.05	1.83	2.09	1.85	2.09	1.82	2.0	scotland																																																																										2023-01-18 19:45:00+00:00	scotland:20230118T1945Z:hearts:aberdeen:129	scotland:hearts	scotland:aberdeen	sco.1:2022-23	sco.1:2022-23-rules-v1	21	5.0	11.0	2.0	1.0	0.8	0.2	12.070791126336735	15.19853410559418	0.14842971267147514	21	11.197916666666666	4.0	1.2	1.6	-0.3	0.3	12.70038607576587	14.081572870339217	0.11989952108908197	2022-23	11.0	4.0	5.0	11.197916666666666	2.0	1.2	2023-01-18 19:44:59.999999+00:00
SC0	2023-01-18	20:00	Kilmarnock	Rangers	2	3	A	1	1	D	K Clancy	10	13	5	7	12	15	3	4	1	2	1	0	8.0	5.5	1.33	8.5	5.0	1.33	8.5	5.5	1.33	8.86	5.34	1.37	9.0	5.0	1.32	8.5	5.25	1.3	9.0	5.5	1.37	8.47	5.14	1.34	1.62	2.3	1.68	2.27	1.68	2.32	1.62	2.25	1.5	1.85	2.0	1.87	2.05	1.94	2.05	1.85	1.97	9.0	5.5	1.3	9.0	5.0	1.33	9.5	5.25	1.33	10.26	5.53	1.33	9.5	4.75	1.32	9.5	5.25	1.29	10.26	5.77	1.34	9.46	5.19	1.31	1.73	2.1	1.74	2.18	1.76	2.23	1.71	2.12	1.5	1.9	1.95	1.94	1.96	1.95	2.0	1.89	1.93	scotland																																																																										2023-01-18 20:00:00+00:00	scotland:20230118T2000Z:kilmarnock:rangers:130	scotland:kilmarnock	scotland:rangers	sco.1:2022-23	sco.1:2022-23-rules-v1	21	11.208333333333334	5.0	1.0	1.6	-0.7	0.3	9.723958370105876	13.086079280199531	0.11666617959509855	21	10.166666666666666	13.0	2.2	0.8	1.1	0.4	18.577905069748102	7.149192368620913	0.12014866952140184	2022-23	5.0	13.0	11.208333333333334	10.166666666666666	1.0	2.2	2023-01-18 19:59:59.999999+00:00
SC0	2023-01-28	15:00	Hibernian	Aberdeen	6	0	H	3	0	H	C Napier	12	11	8	0	17	12	6	9	2	3	0	1	2.25	3.6	3.0	2.2	3.5	3.0	2.25	3.55	3.0	2.39	3.61	3.01	2.25	3.3	3.1	2.25	3.3	3.1	2.39	3.65	3.1	2.27	3.49	2.98	1.93	1.93	1.95	1.93	1.98	1.97	1.9	1.89	-0.25	2.0	1.85	2.07	1.85	2.07	1.92	1.97	1.86	2.25	3.6	3.0	2.25	3.5	2.87	2.3	3.55	2.95	2.39	3.47	3.11	2.35	3.25	3.0	2.3	3.4	2.88	2.4	3.69	3.11	2.31	3.46	2.95	1.93	1.93	1.94	1.94	1.99	1.97	1.89	1.89	-0.25	2.02	1.83	2.06	1.85	2.11	1.89	2.01	1.82	scotland																																																																										2023-01-28 15:00:00+00:00	scotland:20230128T1500Z:hibernian:aberdeen:131	scotland:hibernian	scotland:aberdeen	sco.1:2022-23	sco.1:2022-23-rules-v1	22	14.0	7.0	1.8	2.2	-0.6	0.2	14.475593670693371	11.808829109197871	0.11313578104367805	22	9.802083333333334	4.0	0.8	2.0	-0.5	0.3	12.027588607444802	13.703105075732086	0.09809960816379433	2022-23	7.0	4.0	14.0	9.802083333333334	1.8	0.8	2023-01-28 14:59:59.999999+00:00
SC0	2023-01-28	15:00	Rangers	St Johnstone	2	0	H	1	0	H	W Collum	20	4	11	1	16	11	9	3	3	3	0	1	1.17	7.0	19.0	1.18	7.0	15.0	1.17	7.0	17.0	1.18	7.6	18.11	1.17	6.5	17.0	1.14	7.0	17.0	1.18	7.6	19.0	1.17	6.99	16.23	1.57	2.38	1.56	2.51	1.6	2.51	1.56	2.38	-2.0	1.93	1.93	1.94	1.94	2.0	2.0	1.91	1.91	1.13	8.0	21.0	1.14	8.5	17.0	1.15	8.0	19.0	1.14	8.94	24.55	1.12	7.5	21.0	1.11	8.0	19.0	1.16	9.5	25.0	1.13	8.18	19.87	1.44	2.75	1.5	2.65	1.51	2.81	1.48	2.6	-2.25	1.9	1.95	2.0	1.89	2.04	1.95	1.95	1.88	scotland																																																																										2023-01-28 15:00:00+00:00	scotland:20230128T1500Z:rangers:st-johnstone:132	scotland:rangers	scotland:st-johnstone	sco.1:2022-23	sco.1:2022-23-rules-v1	22	9.791666666666666	13.0	2.2	0.8	0.9	0.4	17.56374051161208	7.667521028871656	0.1402614988391889	22	14.0	0.0	1.0	2.8	-0.6	0.1	11.426691675435979	13.347859602936603	0.09867312686870211	2022-23	13.0	0.0	9.791666666666666	14.0	2.2	1.0	2023-01-28 14:59:59.999999+00:00
SC0	2023-01-28	15:00	Ross County	Kilmarnock	3	0	H	1	0	H	C Graham	10	18	5	3	19	12	0	5	1	1	0	0	2.8	3.1	2.7	2.65	3.2	2.6	2.75	3.15	2.65	2.86	3.23	2.71	2.75	3.1	2.6	2.8	3.1	2.55	2.86	3.29	2.71	2.76	3.15	2.62	2.2	1.67	2.34	1.65	2.34	1.67	2.26	1.62	0.0	1.98	1.88	2.01	1.9	2.07	1.95	1.96	1.86	2.8	3.0	2.75	2.75	3.0	2.65	2.8	3.1	2.7	2.91	3.01	2.85	2.75	3.1	2.62	2.7	3.1	2.63	2.91	3.25	2.87	2.76	3.04	2.71	2.63	1.5	2.61	1.54	2.63	1.6	2.43	1.54	0.0	1.98	1.88	1.97	1.93	2.0	1.97	1.93	1.9	scotland																																																																										2023-01-28 15:00:00+00:00	scotland:20230128T1500Z:ross-county:kilmarnock:133	scotland:ross-county	scotland:kilmarnock	sco.1:2022-23	sco.1:2022-23-rules-v1	22	14.0	2.0	0.2	1.4	-0.6	0.2	8.300782959859513	15.358642593278354	0.10223915400898152	22	9.791666666666666	5.0	1.2	1.6	-0.9	0.2	9.774147757359353	13.070428501981434	0.13181778330508062	2022-23	2.0	5.0	14.0	9.791666666666666	0.2	1.2	2023-01-28 14:59:59.999999+00:00
SC0	2023-01-28	15:00	St Mirren	Motherwell	1	0	H	1	0	H	J Beaton	9	8	2	2	14	11	6	5	3	2	0	0	2.4	3.2	3.1	2.45	3.2	2.87	2.4	3.25	3.0	2.44	3.27	3.2	2.38	3.1	3.1	2.3	3.2	3.0	2.45	3.34	3.2	2.39	3.21	3.02	2.2	1.67	2.27	1.68	2.27	1.68	2.22	1.64	-0.25	2.05	1.8	2.08	1.84	2.11	1.84	2.04	1.79	2.4	3.1	3.2	2.37	3.1	3.1	2.45	3.15	3.05	2.47	3.08	3.35	2.45	3.0	3.1	2.3	3.13	3.13	2.47	3.2	3.35	2.4	3.07	3.15	2.5	1.53	2.47	1.59	2.5	1.59	2.41	1.55	-0.25	2.02	1.83	2.08	1.84	2.08	1.88	2.03	1.81	scotland																																																																										2023-01-28 15:00:00+00:00	scotland:20230128T1500Z:st-mirren:motherwell:134	scotland:st-mirren	scotland:motherwell	sco.1:2022-23	sco.1:2022-23-rules-v1	21	9.802083333333334	3.0	0.4	1.4	-0.7	0.1	12.395123000383519	12.344114903972976	0.06254939333373044	21	14.0	3.0	1.2	2.0	-0.6	0.1	11.866368806552062	11.597934614525352	0.10128805792881809	2022-23	3.0	3.0	9.802083333333334	14.0	0.4	1.2	2023-01-28 14:59:59.999999+00:00
SC0	2023-01-29	13:30	Livingston	Hearts	0	0	D	0	0	D	A Muir	5	8	4	5	16	15	1	5	0	2	0	0	3.4	3.5	2.1	3.2	3.4	2.15	3.2	3.45	2.2	3.44	3.47	2.23	3.4	3.25	2.15	3.4	3.3	2.1	3.44	3.58	2.25	3.27	3.41	2.16	1.98	1.88	2.0	1.89	2.08	1.89	1.97	1.82	0.25	2.0	1.85	1.99	1.92	2.09	1.92	1.95	1.86	2.88	3.6	2.38	2.95	3.4	2.25	2.95	3.45	2.35	3.08	3.49	2.4	2.9	3.4	2.3	2.88	3.4	2.3	3.3	3.65	2.54	2.95	3.4	2.34	1.95	1.9	1.97	1.92	1.99	1.93	1.92	1.87	0.25	1.8	2.05	1.85	2.07	1.93	2.12	1.82	2.01	scotland																																																																										2023-01-29 13:30:00+00:00	scotland:20230129T1330Z:livingston:hearts:135	scotland:livingston	scotland:hearts	sco.1:2022-23	sco.1:2022-23-rules-v1	21	14.9375	8.0	1.6	1.6	-0.2	0.1	9.972714909015096	16.14985741393944	0.1761998936622646	22	10.739583333333334	13.0	2.6	0.6	1.2	0.3	12.057920012457327	14.071527904577055	0.19720006794332814	2022-23	8.0	13.0	14.9375	10.739583333333334	1.6	2.6	2023-01-29 13:29:59.999999+00:00
SC0	2023-01-29	16:00	Dundee United	Celtic	0	2	A	0	0	D	D Robertson	4	18	2	6	7	12	1	3	2	0	0	0	13.0	6.0	1.22	11.5	6.5	1.22	11.0	6.5	1.25	12.02	6.88	1.24	12.0	5.8	1.22	11.5	6.5	1.2	13.0	6.9	1.25	11.27	6.4	1.22	1.44	2.75	1.49	2.69	1.49	2.8	1.45	2.68	1.75	2.02	1.83	2.06	1.84	2.14	1.87	2.02	1.81	12.0	6.5	1.22	12.5	6.75	1.2	12.0	6.75	1.22	14.78	7.53	1.2	13.0	6.0	1.22	13.0	6.5	1.18	14.78	7.53	1.24	12.57	6.7	1.2	1.44	2.75	1.46	2.78	1.48	2.93	1.44	2.71	2.0	1.85	2.0	1.88	2.0	1.88	2.06	1.82	2.0	scotland																																																																										2023-01-29 16:00:00+00:00	scotland:20230129T1600Z:dundee-united:celtic:136	scotland:dundee-united	scotland:celtic	sco.1:2022-23	sco.1:2022-23-rules-v1	21	15.041666666666666	8.0	1.6	1.2	0.1	0.3	9.547987852830428	14.111680538213648	0.14699239580165951	22	10.84375	13.0	3.2	0.6	1.9	0.4	19.13518855246642	6.800011668078803	0.17060342511688165	2022-23	8.0	13.0	15.041666666666666	10.84375	1.6	3.2	2023-01-29 15:59:59.999999+00:00
SC0	2023-01-31	19:45	Ross County	Hibernian	1	1	D	0	1	A	G Grainger	11	12	2	3	10	11	3	3	3	4	0	0	3.5	3.6	2.1	3.6	3.3	2.0	3.5	3.35	2.1	3.68	3.42	2.16	3.7	3.3	2.0	3.5	3.4	2.0	3.75	3.6	2.16	3.55	3.38	2.07	2.1	1.73	2.13	1.77	2.16	1.83	2.07	1.74	0.5	1.77	2.1	1.78	2.15	1.85	2.16	1.76	2.08	3.6	3.75	1.95	3.6	3.25	2.05	3.6	3.4	2.05	3.98	3.43	2.06	3.6	3.25	2.05	3.6	3.4	2.0	3.98	3.75	2.09	3.7	3.36	2.03	2.1	1.73	2.18	1.74	2.23	1.77	2.12	1.7	0.5	1.83	2.02	1.85	2.06	1.86	2.09	1.81	2.01	scotland																																																																										2023-01-31 19:45:00+00:00	scotland:20230131T1945Z:ross-county:hibernian:137	scotland:ross-county	scotland:hibernian	sco.1:2022-23	sco.1:2022-23-rules-v1	23	3.1979166666666665	5.0	0.8	1.2	-0.2	0.3	8.609731512612328	15.838889394500471	0.13819567146189396	23	3.1979166666666665	7.0	2.2	2.2	-0.3	0.2	14.025485730567302	11.661769271161894	0.1834747299448275	2022-23	5.0	7.0	3.1979166666666665	3.1979166666666665	0.8	2.2	2023-01-31 19:44:59.999999+00:00
SC0	2023-02-01	19:45	Aberdeen	St Mirren	1	3	A	0	0	D	G Irvine	6	22	2	6	11	11	2	11	4	2	1	0	2.0	3.4	3.8	1.98	3.4	3.7	2.05	3.4	3.7	2.07	3.55	3.78	2.0	3.3	3.7	2.0	3.3	3.75	2.07	3.56	3.8	2.01	3.41	3.67	2.1	1.73	2.08	1.81	2.14	1.81	2.05	1.76	-0.5	2.02	1.83	2.07	1.85	2.07	1.9	2.01	1.82	2.05	3.4	3.75	2.0	3.25	3.7	2.1	3.3	3.65	2.1	3.37	3.93	2.0	3.25	3.75	2.05	3.3	3.5	2.12	3.49	4.06	2.05	3.32	3.71	2.2	1.67	2.3	1.67	2.35	1.74	2.19	1.67	-0.5	2.1	1.77	2.1	1.83	2.13	1.85	2.05	1.79	scotland																																																																										2023-02-01 19:45:00+00:00	scotland:20230201T1945Z:aberdeen:st-mirren:138	scotland:aberdeen	scotland:st-mirren	sco.1:2022-23	sco.1:2022-23-rules-v1	23	4.197916666666667	4.0	0.6	2.6	-1.4	0.3	11.84075431518211	13.39344960741716	0.08026331577037717	22	4.197916666666667	5.0	0.4	1.2	-0.3	0.2	11.777827909404698	11.554275830523343	0.07137879656598146	2022-23	4.0	5.0	4.197916666666667	4.197916666666667	0.6	0.4	2023-02-01 19:44:59.999999+00:00
SC0	2023-02-01	19:45	Celtic	Livingston	3	0	H	3	0	H	N Walsh	15	6	5	0	11	5	8	0	1	1	0	0	1.11	10.0	21.0	1.11	10.0	21.0	1.12	9.5	20.0	1.12	10.28	25.13	1.1	8.5	23.0	1.09	9.5	20.0	1.12	11.0	26.0	1.1	9.47	21.5	1.3	3.5	1.33	3.45	1.33	3.7	1.3	3.35	-2.5	1.9	1.95	1.92	1.97	1.96	1.99	1.89	1.92	1.11	8.5	26.0	1.12	9.5	18.5	1.12	9.0	18.0	1.13	9.75	23.82	1.12	8.0	19.0	1.1	9.0	18.0	1.14	10.5	26.0	1.12	9.04	19.88	1.3	3.5	1.33	3.44	1.34	3.6	1.31	3.33	-2.5	1.98	1.88	1.97	1.92	2.05	1.92	1.96	1.86	scotland																																																																										2023-02-01 19:45:00+00:00	scotland:20230201T1945Z:celtic:livingston:139	scotland:celtic	scotland:livingston	sco.1:2022-23	sco.1:2022-23-rules-v1	23	3.15625	13.0	2.8	0.4	1.9	0.5	18.92879063383616	6.290918637519021	0.15978664075219606	22	3.2604166666666665	9.0	1.6	0.8	0.1	0.2	9.068584925557804	14.66806515685954	0.14416354936003467	2022-23	13.0	9.0	3.15625	3.2604166666666665	2.8	1.6	2023-02-01 19:44:59.999999+00:00
SC0	2023-02-01	19:45	Hearts	Rangers	0	3	A	0	2	A	J Beaton	6	20	2	9	7	11	1	7	3	3	0	0	5.75	4.33	1.55	5.0	4.2	1.58	5.25	4.4	1.6	5.57	4.63	1.57	5.25	4.2	1.57	5.25	4.2	1.55	5.75	4.66	1.61	5.25	4.33	1.57	1.62	2.3	1.68	2.29	1.68	2.32	1.61	2.26	1.0	1.93	1.93	1.99	1.92	1.99	2.05	1.88	1.95	6.0	4.5	1.5	5.75	4.4	1.49	5.75	4.5	1.5	6.19	4.71	1.52	5.8	4.2	1.52	5.75	4.5	1.45	6.19	4.71	1.56	5.8	4.46	1.5	1.57	2.38	1.61	2.43	1.62	2.44	1.58	2.34	1.0	2.05	1.8	2.1	1.83	2.1	1.89	2.02	1.81	scotland																																																																										2023-02-01 19:45:00+00:00	scotland:20230201T1945Z:hearts:rangers:140	scotland:hearts	scotland:rangers	sco.1:2022-23	sco.1:2022-23-rules-v1	23	3.2604166666666665	11.0	2.0	0.2	1.1	0.4	11.320116373828721	12.422159194653954	0.1613455101354503	23	4.197916666666667	13.0	2.4	0.8	1.2	0.5	18.006696782228065	7.000699023622264	0.13294122632297273	2022-23	11.0	13.0	3.2604166666666665	4.197916666666667	2.0	2.4	2023-02-01 19:44:59.999999+00:00
SC0	2023-02-01	19:45	Kilmarnock	Dundee United	1	0	H	1	0	H	M MacDermid	26	7	5	3	9	8	7	2	1	3	0	0	2.4	3.2	3.1	2.35	3.3	2.9	2.4	3.25	3.0	2.42	3.32	3.19	2.35	3.2	3.0	2.4	3.2	2.9	2.42	3.37	3.19	2.37	3.23	3.03	2.1	1.73	2.21	1.72	2.21	1.77	2.13	1.7	-0.25	2.05	1.8	2.07	1.85	2.13	1.86	2.03	1.79	2.25	3.1	3.5	2.3	3.1	3.2	2.3	3.15	3.25	2.27	3.21	3.63	2.3	3.0	3.3	2.2	3.13	3.3	2.33	3.3	3.63	2.25	3.15	3.35	2.3	1.62	2.38	1.63	2.44	1.63	2.33	1.59	-0.25	1.93	1.93	1.93	1.98	1.98	2.0	1.91	1.91	scotland																																																																										2023-02-01 19:45:00+00:00	scotland:20230201T1945Z:kilmarnock:dundee-united:141	scotland:kilmarnock	scotland:dundee-united	sco.1:2022-23	sco.1:2022-23-rules-v1	23	4.197916666666667	4.0	0.8	1.8	-1.1	0.2	11.269757256021288	12.512168774348446	0.10785091361324778	22	3.15625	7.0	1.2	1.2	0.0	0.3	8.53926278867944	14.818647713083893	0.12026650565590323	2022-23	4.0	7.0	4.197916666666667	3.15625	0.8	1.2	2023-02-01 19:44:59.999999+00:00
SC0	2023-02-01	19:45	Motherwell	St Johnstone	0	2	A	0	1	A	D Robertson	5	12	1	4	15	10	1	3	2	1	0	0	2.1	3.2	3.8	2.05	3.25	3.6	2.1	3.3	3.6	2.14	3.2	4.0	2.05	3.2	3.7	2.05	3.25	3.6	2.14	3.43	4.0	2.08	3.23	3.7	2.2	1.67	2.33	1.65	2.33	1.72	2.21	1.65	-0.25	1.8	2.05	1.82	2.11	1.83	2.14	1.78	2.05	1.91	3.3	4.33	1.9	3.3	4.1	1.95	3.35	4.0	1.96	3.38	4.5	1.95	3.25	4.0	1.91	3.3	4.0	2.0	3.48	4.58	1.93	3.33	4.14	2.2	1.67	2.26	1.69	2.35	1.72	2.2	1.66	-0.5	1.9	1.95	1.96	1.94	2.02	2.01	1.93	1.9	scotland																																																																										2023-02-01 19:45:00+00:00	scotland:20230201T1945Z:motherwell:st-johnstone:142	scotland:motherwell	scotland:st-johnstone	sco.1:2022-23	sco.1:2022-23-rules-v1	22	4.197916666666667	2.0	0.8	1.8	-0.6	0.1	11.163392659906233	11.125582866429832	0.0828720473963057	23	4.197916666666667	0.0	0.8	2.4	-0.9	0.0	10.076384098083981	14.557339675129947	0.0807325583471199	2022-23	2.0	0.0	4.197916666666667	4.197916666666667	0.8	0.8	2023-02-01 19:44:59.999999+00:00
SC0	2023-02-04	15:00	Aberdeen	Motherwell	3	1	H	1	0	H	K Clancy	12	4	7	1	9	18	9	2	4	3	0	0	2.0	3.3	3.6	2.0	3.5	3.4	2.1	3.4	3.5	2.11	3.55	3.66	2.05	3.4	3.5	2.0	3.5	3.5	2.11	3.55	3.8	2.05	3.44	3.52	1.95	1.9	2.02	1.88	2.02	1.95	1.92	1.87	-0.5	2.05	1.8	2.1	1.81	2.11	1.85	2.05	1.79	1.8	3.5	4.2	1.87	3.5	4.0	1.9	3.55	4.1	1.88	3.76	4.34	1.85	3.4	4.2	1.8	3.5	4.2	1.91	3.76	4.4	1.86	3.58	4.1	1.98	1.88	1.96	1.93	2.02	1.93	1.93	1.86	-0.5	1.83	2.02	1.88	2.04	1.9	2.07	1.85	1.98	scotland																																																																										2023-02-04 15:00:00+00:00	scotland:20230204T1500Z:aberdeen:motherwell:143	scotland:aberdeen	scotland:motherwell	sco.1:2022-23	sco.1:2022-23-rules-v1	24	2.8020833333333335	4.0	0.6	2.8	-1.5	0.3	10.778798985148999	14.95827695152313	0.09597301593333889	23	2.8020833333333335	2.0	0.8	1.6	-0.9	0.0	10.042775812650554	11.284567799806226	0.0678044024151592	2022-23	4.0	2.0	2.8020833333333335	2.8020833333333335	0.6	0.8	2023-02-04 14:59:59.999999+00:00
SC0	2023-02-04	15:00	Hearts	Dundee United	3	1	H	0	1	A	N Walsh	19	10	7	2	13	11	10	3	3	2	1	1	1.7	3.75	5.25	1.66	3.8	4.8	1.7	3.8	4.9	1.68	4.19	5.04	1.65	3.75	5.0	1.65	3.9	4.75	1.7	4.19	5.3	1.67	3.9	4.88	1.73	2.1	1.76	2.15	1.81	2.15	1.75	2.06	-0.75	1.85	2.0	1.88	2.03	1.9	2.07	1.84	1.98	1.7	3.75	5.0	1.66	3.9	4.75	1.7	3.8	4.8	1.7	4.02	5.18	1.67	3.75	5.0	1.65	3.9	4.75	1.74	4.05	5.3	1.68	3.88	4.84	1.73	2.1	1.76	2.14	1.82	2.14	1.74	2.08	-0.75	1.88	1.98	1.9	2.01	1.95	2.07	1.87	1.96	scotland																																																																										2023-02-04 15:00:00+00:00	scotland:20230204T1500Z:hearts:dundee-united:144	scotland:hearts	scotland:dundee-united	sco.1:2022-23	sco.1:2022-23-rules-v1	24	2.8020833333333335	8.0	1.4	0.8	0.9	0.4	10.352822487678043	13.799948431989598	0.13200996283809568	23	2.8020833333333335	4.0	0.6	1.4	0.0	0.3	8.25939682710136	16.85162085615955	0.09839986826392082	2022-23	8.0	4.0	2.8020833333333335	2.8020833333333335	1.4	0.6	2023-02-04 14:59:59.999999+00:00
SC0	2023-02-04	15:00	Livingston	Kilmarnock	3	1	H	3	0	H	C Steven	12	9	7	3	16	13	5	5	2	2	0	0	2.2	3.3	3.3	2.2	3.1	3.4	2.25	3.2	3.3	2.36	3.22	3.4	2.25	3.1	3.3	2.2	3.13	3.3	2.36	3.3	3.55	2.25	3.17	3.32	2.38	1.57	2.44	1.6	2.44	1.62	2.35	1.58	-0.25	1.95	1.9	2.01	1.9	2.01	1.97	1.92	1.9	2.38	3.2	3.1	2.37	3.0	3.1	2.35	3.1	3.2	2.37	3.19	3.42	2.35	3.0	3.2	2.25	3.1	3.2	2.46	3.28	3.42	2.34	3.1	3.23	2.38	1.57	2.47	1.59	2.48	1.59	2.41	1.55	-0.25	1.98	1.88	2.01	1.9	2.05	1.93	1.97	1.85	scotland																																																																										2023-02-04 15:00:00+00:00	scotland:20230204T1500Z:livingston:kilmarnock:145	scotland:livingston	scotland:kilmarnock	sco.1:2022-23	sco.1:2022-23-rules-v1	23	2.8020833333333335	8.0	1.4	1.2	-0.3	0.2	8.510660393638203	14.728416946521442	0.11795199493093744	24	2.8020833333333335	4.0	0.6	1.6	-0.9	0.3	13.947983209471964	11.509956269921455	0.09523466358566426	2022-23	8.0	4.0	2.8020833333333335	2.8020833333333335	1.4	0.6	2023-02-04 14:59:59.999999+00:00
SC0	2023-02-04	15:00	Rangers	Ross County	2	1	H	1	0	H	E Anderson	26	10	7	3	8	9	4	6	4	2	0	0	1.13	10.0	12.0	1.13	8.75	18.0	1.12	8.5	20.0	1.14	9.36	21.96	1.11	8.0	23.0	1.1	8.5	20.0	1.15	10.0	23.0	1.12	8.71	19.23	1.4	3.0	1.43	2.93	1.44	3.0	1.4	2.83	-2.25	1.83	2.02	1.85	2.05	1.88	2.06	1.83	1.99	1.13	9.5	17.0	1.12	9.0	20.0	1.12	8.75	20.0	1.12	9.95	25.79	1.1	8.0	26.0	1.1	8.5	20.0	1.13	10.9	26.0	1.11	9.15	21.51	1.44	2.75	1.43	2.89	1.44	3.0	1.4	2.84	-2.25	1.85	2.0	1.82	2.06	1.9	2.16	1.81	2.02	scotland																																																																										2023-02-04 15:00:00+00:00	scotland:20230204T1500Z:rangers:ross-county:146	scotland:rangers	scotland:ross-county	sco.1:2022-23	sco.1:2022-23-rules-v1	24	2.8020833333333335	13.0	2.4	0.8	1.4	0.5	18.36911554909569	6.818753746600033	0.1360428215369777	24	3.8020833333333335	6.0	1.0	0.8	-0.3	0.3	9.04432578304645	15.140909504591294	0.1295981113613843	2022-23	13.0	6.0	2.8020833333333335	3.8020833333333335	2.4	1.0	2023-02-04 14:59:59.999999+00:00
SC0	2023-02-04	15:00	St Mirren	Hibernian	0	1	A	0	0	D	M MacDermid	8	9	3	3	13	6	5	4	1	2	0	0	2.7	3.2	2.6	2.75	3.3	2.45	2.75	3.3	2.55	2.85	3.27	2.7	2.6	3.3	2.6	2.63	3.3	2.55	2.85	3.4	2.7	2.72	3.27	2.58	2.1	1.73	2.2	1.73	2.2	1.8	2.07	1.74	0.0	1.98	1.88	2.01	1.9	2.01	1.93	1.96	1.86	2.45	3.1	2.9	2.5	3.1	2.8	2.5	3.15	2.9	2.59	3.23	3.02	2.5	3.1	2.88	2.4	3.2	2.9	2.62	3.25	3.03	2.5	3.16	2.91	2.2	1.67	2.26	1.69	2.35	1.71	2.19	1.66	0.0	1.77	2.1	1.81	2.12	1.83	2.16	1.76	2.08	scotland																																																																										2023-02-04 15:00:00+00:00	scotland:20230204T1500Z:st-mirren:hibernian:147	scotland:st-mirren	scotland:hibernian	sco.1:2022-23	sco.1:2022-23-rules-v1	23	2.8020833333333335	7.0	1.0	1.4	0.0	0.2	13.636404653149297	10.544407497700917	0.0831942219837369	24	3.8020833333333335	8.0	2.4	1.6	0.0	0.2	13.657215597736883	11.541447585496094	0.16526720328819217	2022-23	7.0	8.0	2.8020833333333335	3.8020833333333335	1.0	2.4	2023-02-04 14:59:59.999999+00:00
SC0	2023-02-05	12:00	St Johnstone	Celtic	1	4	A	1	3	A	D Dickinson	6	12	2	4	5	11	3	4	2	2	1	0	15.0	7.0	1.2	12.5	7.0	1.19	13.0	7.0	1.2	15.27	7.23	1.2	15.0	6.5	1.18	13.0	7.0	1.17	15.27	7.5	1.21	13.42	6.92	1.19	1.44	2.75	1.46	2.81	1.46	2.9	1.43	2.71	2.0	1.95	1.9	1.96	1.92	1.99	1.99	1.91	1.91	13.0	8.0	1.18	15.5	7.0	1.18	14.0	6.75	1.2	18.8	7.25	1.18	15.0	7.0	1.17	15.0	6.5	1.17	19.07	8.17	1.21	15.44	7.04	1.18	1.5	2.63	1.54	2.55	1.54	2.66	1.5	2.5	2.0	1.9	1.95	1.93	1.96	1.95	2.02	1.9	1.92	scotland																																																																										2023-02-05 12:00:00+00:00	scotland:20230205T1200Z:st-johnstone:celtic:148	scotland:st-johnstone	scotland:celtic	sco.1:2022-23	sco.1:2022-23-rules-v1	24	3.6770833333333335	3.0	0.8	1.8	-0.8	0.1	10.426132443886893	12.819641552379046	0.09635694167794658	24	3.6770833333333335	13.0	2.6	0.4	2.1	0.6	18.21446506404777	6.238024339788289	0.16709816061543314	2022-23	3.0	13.0	3.6770833333333335	3.6770833333333335	0.8	2.6	2023-02-05 11:59:59.999999+00:00
SC0	2023-02-15	19:45	Motherwell	St Mirren	2	1	H	2	1	H	J Beaton	7	10	4	4	7	20	3	2	2	4	0	0	2.55	3.2	3.0	2.4	3.25	2.85	2.45	3.25	2.95	2.65	3.24	2.93	2.45	3.2	2.88	2.4	3.2	2.88	2.65	3.28	3.0	2.49	3.19	2.88	2.2	1.67	2.24	1.7	2.24	1.75	2.16	1.68	0.0	1.8	2.05	1.86	2.05	1.86	2.14	1.79	2.05	3.1	3.0	2.5	2.9	3.0	2.5	3.0	3.05	2.5	3.22	3.08	2.55	3.0	3.0	2.5	2.9	3.1	2.45	3.25	3.18	2.68	3.02	3.04	2.52	2.38	1.57	2.42	1.61	2.49	1.63	2.38	1.57	0.25	1.75	2.13	1.79	2.15	1.8	2.16	1.75	2.11	scotland																																																																										2023-02-15 19:45:00+00:00	scotland:20230215T1945Z:motherwell:st-mirren:149	scotland:motherwell	scotland:st-mirren	sco.1:2022-23	sco.1:2022-23-rules-v1	24	11.197916666666666	1.0	0.8	2.0	-1.0	0.0	8.944089301259543	11.414646381659638	0.10093087470331207	24	11.197916666666666	6.0	0.8	1.4	-0.1	0.2	12.611603807122151	10.263606134482568	0.06806799980487564	2022-23	1.0	6.0	11.197916666666666	11.197916666666666	0.8	0.8	2023-02-15 19:44:59.999999+00:00
SC0	2023-02-18	15:00	Celtic	Aberdeen	4	0	H	2	0	H	W Collum	20	5	10	0	13	6	8	0	0	0	0	0	1.17	7.5	17.0	1.15	8.25	14.0	1.15	7.75	16.0	1.16	8.44	18.65	1.14	7.0	19.0	1.13	8.0	17.0	1.17	8.6	19.0	1.15	7.9	16.26	1.4	3.0	1.39	3.07	1.4	3.1	1.38	2.95	-2.25	2.0	1.85	2.05	1.85	2.06	1.93	1.96	1.86	1.17	7.5	17.0	1.16	8.25	14.5	1.15	7.75	16.0	1.15	8.92	20.89	1.15	7.0	17.0	1.13	7.5	15.0	1.19	9.0	20.89	1.15	7.96	16.75	1.36	3.2	1.38	3.18	1.38	3.41	1.35	3.09	-2.25	1.98	1.88	1.99	1.91	2.01	1.93	1.96	1.87	scotland																																																																										2023-02-18 15:00:00+00:00	scotland:20230218T1500Z:celtic:aberdeen:150	scotland:celtic	scotland:aberdeen	sco.1:2022-23	sco.1:2022-23-rules-v1	25	13.125	15.0	3.0	0.2	2.3	0.6	17.08456232512999	6.194747187099509	0.19732273747323317	25	14.0	6.0	1.2	3.0	-1.4	0.2	11.000835533303725	12.965862960337105	0.12397792212727726	2022-23	15.0	6.0	13.125	14.0	3.0	1.2	2023-02-18 14:59:59.999999+00:00
SC0	2023-02-18	15:00	Dundee United	St Johnstone	1	2	A	0	1	A	K Clancy	19	9	4	5	7	12	11	6	2	2	0	0	2.25	3.3	3.3	2.2	3.2	3.3	2.25	3.2	3.3	2.34	3.25	3.42	2.25	3.1	3.3	2.25	3.2	3.13	2.34	3.3	3.5	2.26	3.18	3.3	2.3	1.62	2.38	1.63	2.38	1.63	2.3	1.59	-0.25	1.98	1.88	1.99	1.92	2.02	1.97	1.94	1.88	2.38	3.25	3.1	2.45	3.0	2.95	2.45	3.1	3.1	2.46	3.12	3.32	2.4	3.1	3.0	2.3	3.13	3.1	2.51	3.27	3.33	2.41	3.09	3.13	2.38	1.57	2.43	1.61	2.47	1.63	2.35	1.58	-0.25	2.05	1.8	2.08	1.84	2.13	1.86	2.03	1.8	scotland																																																																										2023-02-18 15:00:00+00:00	scotland:20230218T1500Z:dundee-united:st-johnstone:151	scotland:dundee-united	scotland:st-johnstone	sco.1:2022-23	sco.1:2022-23-rules-v1	24	14.0	1.0	0.6	2.0	0.0	0.3	8.57587013126475	17.24223524594872	0.09869080130684431	25	13.125	3.0	1.0	2.4	-1.1	0.1	9.62138109045291	12.670615815582854	0.10914052803953204	2022-23	1.0	3.0	14.0	13.125	0.6	1.0	2023-02-18 14:59:59.999999+00:00
SC0	2023-02-18	15:00	Hibernian	Kilmarnock	2	0	H	1	0	H	J Beaton	20	9	11	3	12	7	8	4	1	0	0	1	1.73	4.0	4.5	1.71	3.7	4.6	1.77	3.75	4.4	1.8	3.78	4.77	1.75	3.5	4.75	1.73	3.6	4.6	1.8	4.0	4.77	1.75	3.7	4.56	2.02	1.83	2.06	1.83	2.08	1.87	1.99	1.8	-0.75	2.0	1.85	2.04	1.88	2.05	1.91	1.98	1.85	1.91	3.6	4.0	1.9	3.4	3.9	1.95	3.45	3.9	1.96	3.46	4.34	1.88	3.5	4.0	1.9	3.4	3.9	1.97	3.73	4.5	1.9	3.48	4.07	2.2	1.67	2.22	1.71	2.25	1.85	2.1	1.72	-0.5	1.93	1.93	1.96	1.94	1.97	2.08	1.91	1.91	scotland																																																																										2023-02-18 15:00:00+00:00	scotland:20230218T1500Z:hibernian:kilmarnock:152	scotland:hibernian	scotland:kilmarnock	sco.1:2022-23	sco.1:2022-23-rules-v1	25	14.0	11.0	2.6	1.0	0.3	0.3	12.810449125421085	10.897548024496803	0.1554206410741774	25	14.0	3.0	0.8	2.2	-0.7	0.3	13.048349898658879	11.599055129935735	0.09812129040847278	2022-23	11.0	3.0	14.0	14.0	2.6	0.8	2023-02-18 14:59:59.999999+00:00
SC0	2023-02-18	15:00	Livingston	Rangers	0	3	A	0	1	A	D Dickinson	6	13	1	8	15	8	2	9	2	1	1	0	8.0	5.0	1.36	7.75	5.0	1.36	8.0	5.0	1.37	8.79	5.15	1.38	8.5	4.6	1.36	7.5	4.8	1.36	9.0	5.15	1.38	8.13	4.93	1.36	1.67	2.2	1.7	2.23	1.7	2.25	1.66	2.18	1.25	2.02	1.83	2.06	1.85	2.08	1.89	2.01	1.82	8.0	5.0	1.36	8.25	4.8	1.35	8.25	5.25	1.35	9.78	5.23	1.35	9.0	4.75	1.33	8.5	4.8	1.33	9.78	5.25	1.4	8.65	4.99	1.35	1.73	2.1	1.74	2.18	1.77	2.23	1.7	2.14	1.5	1.8	2.05	1.85	2.06	1.87	2.11	1.81	2.02	scotland																																																																										2023-02-18 15:00:00+00:00	scotland:20230218T1500Z:livingston:rangers:153	scotland:livingston	scotland:rangers	sco.1:2022-23	sco.1:2022-23-rules-v1	24	14.0	10.0	1.8	1.2	-0.2	0.2	9.145085776613074	13.686886592608452	0.14196072312531244	25	14.0	15.0	2.4	0.6	1.5	0.5	19.756549085623746	7.397162156309118	0.125293777061723	2022-23	10.0	15.0	14.0	14.0	1.8	2.4	2023-02-18 14:59:59.999999+00:00
SC0	2023-02-18	15:00	St Mirren	Ross County	1	0	H	1	0	H	G Grainger	19	10	5	2	8	9	10	8	0	1	0	1	1.95	3.3	4.2	1.9	3.3	4.0	1.97	3.35	4.0	2.03	3.41	4.11	2.0	3.25	3.9	1.93	3.4	3.8	2.03	3.42	4.2	1.98	3.33	3.92	2.0	1.8	2.22	1.71	2.23	1.8	2.14	1.69	-0.5	1.95	1.9	2.03	1.88	2.06	1.93	1.97	1.86	2.1	3.1	3.8	2.1	3.1	3.6	2.15	3.15	3.65	2.15	3.08	4.18	2.1	3.0	3.8	2.05	3.2	3.6	2.17	3.22	4.18	2.11	3.1	3.8	2.5	1.53	2.54	1.56	2.54	1.6	2.39	1.56	-0.25	1.8	2.05	1.81	2.12	1.84	2.12	1.79	2.05	scotland																																																																										2023-02-18 15:00:00+00:00	scotland:20230218T1500Z:st-mirren:ross-county:154	scotland:st-mirren	scotland:ross-county	sco.1:2022-23	sco.1:2022-23-rules-v1	25	2.8020833333333335	6.0	1.0	1.6	-0.2	0.2	12.13676675128176	9.670223200940283	0.07387381802217098	25	14.0	5.0	1.2	1.2	-0.6	0.2	9.218084731583458	17.115289594665605	0.12421663656840533	2022-23	6.0	5.0	2.8020833333333335	14.0	1.0	1.2	2023-02-18 14:59:59.999999+00:00
SC0	2023-02-19	12:00	Motherwell	Hearts	2	0	H	1	0	H	D Robertson	13	13	3	3	14	8	5	9	1	1	0	0	3.1	3.4	2.3	3.0	3.4	2.25	3.05	3.4	2.3	3.3	3.6	2.24	3.1	3.25	2.25	2.9	3.3	2.2	3.3	3.6	2.32	3.11	3.42	2.23	1.98	1.88	1.96	1.93	2.05	1.95	1.92	1.87	0.25	1.83	2.02	1.96	1.93	1.96	2.02	1.88	1.95	3.3	3.5	2.15	3.2	3.4	2.15	3.2	3.5	2.2	3.38	3.52	2.23	3.2	3.25	2.2	3.1	3.3	2.1	3.59	3.58	2.25	3.22	3.46	2.18	1.98	1.88	2.03	1.86	2.04	2.03	1.93	1.86	0.25	1.98	1.88	1.98	1.93	2.01	1.97	1.93	1.89	scotland																																																																										2023-02-19 12:00:00+00:00	scotland:20230219T1200Z:motherwell:hearts:155	scotland:motherwell	scotland:hearts	sco.1:2022-23	sco.1:2022-23-rules-v1	25	3.6770833333333335	4.0	0.8	1.6	-0.8	0.0	8.590618519212354	11.157437948630612	0.13452785852348909	25	14.875	10.0	1.8	0.8	1.1	0.4	11.92503658082749	13.109048717082398	0.13671628538427924	2022-23	4.0	10.0	3.6770833333333335	14.875	0.8	1.8	2023-02-19 11:59:59.999999+00:00
SC0	2023-02-25	15:00	Aberdeen	Livingston	1	0	H	1	0	H	D Munro	12	6	2	1	11	11	8	8	0	3	0	0	1.85	3.6	4.2	1.85	3.5	4.0	1.9	3.55	4.0	1.94	3.64	4.16	1.91	3.4	4.0	1.85	3.5	4.1	1.94	3.65	4.2	1.9	3.53	3.99	2.02	1.83	2.07	1.83	2.11	1.87	2.01	1.79	-0.5	1.9	1.95	1.94	1.96	1.94	2.02	1.9	1.92	2.0	3.25	4.0	1.98	3.2	4.0	2.05	3.2	3.9	2.03	3.39	4.15	2.0	3.2	4.0	2.0	3.2	3.8	2.06	3.4	4.35	2.0	3.26	3.99	2.38	1.57	2.32	1.66	2.47	1.73	2.31	1.6	-0.5	2.0	1.85	2.03	1.88	2.07	1.94	2.0	1.83	scotland																																																																										2023-02-25 15:00:00+00:00	scotland:20230225T1500Z:aberdeen:livingston:156	scotland:aberdeen	scotland:livingston	sco.1:2022-23	sco.1:2022-23-rules-v1	26	7.0	3.0	0.8	3.8	-1.7	0.2	9.909774527248501	14.24479696754854	0.10143648174049957	25	7.0	7.0	1.4	1.8	-0.5	0.2	8.57325199904706	13.561998121225097	0.11614968255707381	2022-23	3.0	7.0	7.0	7.0	0.8	1.4	2023-02-25 14:59:59.999999+00:00
SC0	2023-02-25	15:00	Kilmarnock	Motherwell	1	1	D	1	0	H	A Muir	8	13	3	7	17	15	4	6	3	3	0	0	2.4	3.3	2.9	2.4	3.2	2.9	2.45	3.3	2.95	2.57	3.26	3.02	2.5	3.1	2.88	2.4	3.2	2.88	2.57	3.3	3.04	2.46	3.18	2.93	2.2	1.67	2.27	1.68	2.27	1.74	2.19	1.66	0.0	1.75	2.13	1.8	2.13	1.84	2.17	1.76	2.08	2.2	3.2	3.5	2.2	3.1	3.3	2.25	3.25	3.35	2.28	3.19	3.64	2.2	3.2	3.3	2.15	3.2	3.4	2.29	3.28	3.64	2.23	3.16	3.41	2.3	1.62	2.36	1.64	2.38	1.7	2.27	1.62	-0.25	1.88	1.98	1.93	1.98	1.96	2.02	1.89	1.93	scotland																																																																										2023-02-25 15:00:00+00:00	scotland:20230225T1500Z:kilmarnock:motherwell:157	scotland:kilmarnock	scotland:motherwell	sco.1:2022-23	sco.1:2022-23-rules-v1	26	7.0	3.0	0.8	2.2	-1.0	0.2	12.312286280720901	13.1264996517656	0.08028105578875046	26	6.125	6.0	1.0	1.4	-0.6	0.1	9.392324242991926	11.492449230697773	0.13804027585488268	2022-23	3.0	6.0	7.0	6.125	0.8	1.0	2023-02-25 14:59:59.999999+00:00
SC0	2023-02-25	15:00	Ross County	Dundee United	4	0	H	2	0	H	S McLean	22	9	11	3	11	10	3	2	2	2	0	0	2.55	3.2	2.88	2.6	3.1	2.75	2.6	3.15	2.85	2.68	3.23	2.89	2.55	3.0	2.88	2.5	3.2	2.75	2.68	3.23	2.9	2.58	3.12	2.84	2.2	1.67	2.28	1.68	2.3	1.68	2.23	1.63	0.0	1.83	2.02	1.88	2.03	1.9	2.08	1.82	2.0	2.4	3.25	3.0	2.45	3.0	2.95	2.45	3.15	3.0	2.56	3.2	3.08	2.5	3.1	2.9	2.45	3.1	2.9	2.63	3.34	3.1	2.49	3.13	2.96	2.2	1.67	2.27	1.69	2.3	1.7	2.21	1.65	0.0	1.75	2.05	1.79	2.15	1.84	2.23	1.75	2.09	scotland																																																																										2023-02-25 15:00:00+00:00	scotland:20230225T1500Z:ross-county:dundee-united:158	scotland:ross-county	scotland:dundee-united	sco.1:2022-23	sco.1:2022-23-rules-v1	26	7.0	5.0	1.2	1.0	-0.6	0.2	9.360251144022829	17.457964213817313	0.10163179355596799	25	7.0	1.0	0.8	2.0	-0.5	0.2	10.471166471034795	15.743647019412588	0.09031639724148505	2022-23	5.0	1.0	7.0	7.0	1.2	0.8	2023-02-25 14:59:59.999999+00:00
SC0	2023-02-25	15:00	St Johnstone	St Mirren	1	1	D	0	0	D	C Napier	7	21	2	5	8	8	5	2	1	0	1	0	2.8	3.1	2.63	2.85	3.0	2.55	2.9	3.1	2.6	2.93	3.19	2.69	2.75	3.0	2.7	2.8	3.1	2.55	2.93	3.19	2.7	2.84	3.07	2.61	2.38	1.57	2.45	1.6	2.45	1.6	2.37	1.56	0.0	2.0	1.85	2.04	1.87	2.07	1.89	1.99	1.83	2.6	3.0	3.1	2.6	2.8	3.0	2.6	2.9	3.0	2.71	2.94	3.15	2.62	2.88	2.9	2.5	2.9	3.0	2.71	3.05	3.15	2.62	2.89	3.01	3.0	1.4	2.91	1.44	3.0	1.45	2.81	1.42	0.0	1.77	2.1	1.81	2.11	1.87	2.13	1.79	2.05	scotland																																																																										2023-02-25 15:00:00+00:00	scotland:20230225T1500Z:st-johnstone:st-mirren:159	scotland:st-johnstone	scotland:st-mirren	sco.1:2022-23	sco.1:2022-23-rules-v1	26	7.0	6.0	1.4	2.2	-1.0	0.1	9.508402710370563	13.821412940022334	0.12970083607274843	26	7.0	9.0	1.2	0.8	-0.3	0.3	13.384627341957803	9.73018261895114	0.07001159273584323	2022-23	6.0	9.0	7.0	7.0	1.4	1.2	2023-02-25 14:59:59.999999+00:00
SC0	2023-03-04	15:00	Hearts	St Johnstone	3	0	H	1	0	H	S McLean	12	15	7	5	7	8	8	7	0	0	0	0	1.7	3.75	5.0	1.68	3.8	4.6	1.73	3.75	4.7	1.79	3.77	4.86	1.73	3.6	4.6	1.7	3.75	4.5	1.79	3.85	5.0	1.74	3.72	4.63	1.93	1.93	1.98	1.91	1.98	2.0	1.89	1.9	-0.75	1.95	1.9	2.02	1.88	2.02	1.96	1.94	1.88	1.67	3.75	5.25	1.68	3.75	4.75	1.73	3.7	4.8	1.68	4.02	5.3	1.7	3.6	4.8	1.65	3.8	4.8	1.73	4.02	5.3	1.69	3.8	4.9	1.88	1.98	1.85	2.04	1.95	2.05	1.85	1.94	-0.75	1.83	2.02	1.88	2.03	1.94	2.06	1.87	1.95	scotland																																																																										2023-03-04 15:00:00+00:00	scotland:20230304T1500Z:hearts:st-johnstone:160	scotland:hearts	scotland:st-johnstone	sco.1:2022-23	sco.1:2022-23-rules-v1	26	13.125	7.0	1.6	1.2	0.7	0.4	12.12048447522249	13.089221677612871	0.11185877895077391	27	7.0	7.0	1.2	1.6	-1.1	0.1	9.052329490303187	15.126610587291	0.13209289185172923	2022-23	7.0	7.0	13.125	7.0	1.6	1.2	2023-03-04 14:59:59.999999+00:00
SC0	2023-03-04	15:00	Livingston	Hibernian	1	4	A	1	2	A	C Graham	9	12	1	7	10	15	4	3	3	3	1	0	3.0	3.2	2.45	2.87	3.25	2.4	2.95	3.3	2.45	3.09	3.26	2.52	3.0	3.1	2.4	2.9	3.25	2.38	3.09	3.3	2.52	2.98	3.2	2.43	2.2	1.67	2.23	1.71	2.23	1.78	2.15	1.69	0.25	1.8	2.05	1.79	2.14	1.85	2.14	1.78	2.06	3.2	3.0	2.45	2.95	3.1	2.45	3.1	3.1	2.45	3.19	3.12	2.54	3.1	3.0	2.45	3.0	3.1	2.38	3.25	3.12	2.54	3.09	3.05	2.46	2.5	1.53	2.47	1.59	2.5	1.59	2.42	1.55	0.25	1.77	2.1	1.79	2.15	1.81	2.15	1.76	2.08	scotland																																																																										2023-03-04 15:00:00+00:00	scotland:20230304T1500Z:livingston:hibernian:161	scotland:livingston	scotland:hibernian	sco.1:2022-23	sco.1:2022-23-rules-v1	26	7.0	4.0	0.6	1.6	-0.5	0.2	8.105387999220321	13.277998462820532	0.09503155845578766	26	14.0	11.0	2.4	0.6	0.6	0.4	14.117640193526341	10.552539292770112	0.14534416087887242	2022-23	4.0	11.0	7.0	14.0	0.6	2.4	2023-03-04 14:59:59.999999+00:00
SC0	2023-03-04	15:00	Rangers	Kilmarnock	3	1	H	3	0	H	W Collum	21	3	8	2	19	13	7	4	1	2	0	0	1.17	7.0	17.0	1.16	7.5	16.0	1.17	7.0	15.0	1.17	8.05	18.59	1.17	6.5	17.0	1.15	7.0	15.0	1.18	8.2	18.59	1.17	7.26	15.76	1.53	2.5	1.5	2.67	1.53	2.67	1.5	2.52	-2.0	1.9	1.95	1.92	1.97	1.94	2.0	1.88	1.93	1.18	7.5	13.0	1.2	6.5	13.0	1.2	6.75	13.0	1.17	7.92	17.8	1.2	6.0	15.0	1.18	6.5	13.0	1.22	7.92	17.8	1.19	6.84	14.4	1.5	2.63	1.51	2.65	1.54	2.65	1.51	2.5	-1.75	1.77	2.02	1.77	2.14	1.88	2.15	1.76	2.08	scotland																																																																										2023-03-04 15:00:00+00:00	scotland:20230304T1500Z:rangers:kilmarnock:162	scotland:rangers	scotland:kilmarnock	sco.1:2022-23	sco.1:2022-23-rules-v1	26	14.0	15.0	2.6	0.6	1.7	0.6	18.528085615510335	7.143132673343824	0.14447113228126987	27	7.0	4.0	0.6	1.8	-0.8	0.2	11.528234229680736	13.103499715080945	0.08841177291806857	2022-23	15.0	4.0	14.0	7.0	2.6	0.6	2023-03-04 14:59:59.999999+00:00
SC0	2023-03-04	15:00	Ross County	Motherwell	0	2	A	0	0	D	D Robertson	17	13	6	3	14	10	9	4	0	2	1	0	2.55	3.3	2.8	2.55	3.2	2.7	2.55	3.2	2.8	2.6	3.27	2.98	2.55	3.1	2.8	2.5	3.2	2.75	2.6	3.3	2.98	2.53	3.19	2.84	2.2	1.67	2.21	1.72	2.23	1.74	2.17	1.67	0.0	1.8	2.05	1.83	2.1	1.88	2.11	1.8	2.03	2.55	3.1	3.0	2.55	2.95	2.9	2.6	3.05	2.95	2.68	3.1	3.01	2.55	2.9	3.0	2.45	3.1	2.88	2.68	3.12	3.1	2.56	3.02	2.95	2.63	1.5	2.52	1.57	2.63	1.57	2.45	1.54	0.0	1.77	2.1	1.84	2.07	1.84	2.13	1.78	2.05	scotland																																																																										2023-03-04 15:00:00+00:00	scotland:20230304T1500Z:ross-county:motherwell:163	scotland:ross-county	scotland:motherwell	sco.1:2022-23	sco.1:2022-23-rules-v1	27	7.0	7.0	1.8	0.8	-0.1	0.3	11.658387299655042	15.9201525385778	0.1162111368763705	27	7.0	7.0	1.2	1.4	-0.6	0.1	10.048265289720666	10.857458461479995	0.12692805786728162	2022-23	7.0	7.0	7.0	7.0	1.8	1.2	2023-03-04 14:59:59.999999+00:00
SC0	2023-03-04	18:00	Dundee United	Aberdeen	1	3	A	0	0	D	J Beaton	24	9	6	4	10	5	10	5	2	3	0	0	3.2	3.5	2.2	3.1	3.3	2.2	3.15	3.45	2.25	3.24	3.51	2.3	3.2	3.3	2.2	3.1	3.3	2.25	3.24	3.51	2.3	3.13	3.4	2.23	1.98	1.88	2.03	1.86	2.03	1.92	1.96	1.83	0.25	1.88	1.98	1.92	1.99	1.92	2.02	1.88	1.94	2.9	3.25	2.5	2.87	3.2	2.4	2.9	3.2	2.5	2.96	3.32	2.57	3.0	3.1	2.45	2.88	3.2	2.4	3.04	3.33	2.62	2.93	3.22	2.45	2.2	1.67	2.26	1.69	2.35	1.73	2.2	1.66	0.0	2.1	1.77	2.16	1.83	2.19	1.86	2.1	1.76	scotland																																																																										2023-03-04 18:00:00+00:00	scotland:20230304T1800Z:dundee-united:aberdeen:164	scotland:dundee-united	scotland:aberdeen	sco.1:2022-23	sco.1:2022-23-rules-v1	26	7.125	0.0	0.4	2.4	-0.8	0.2	10.203681658119377	16.881165743155755	0.07389523410666958	27	7.125	6.0	1.0	2.8	-1.5	0.3	10.289815522294228	12.745742973448806	0.09814500021192389	2022-23	0.0	6.0	7.125	7.125	0.4	1.0	2023-03-04 17:59:59.999999+00:00
SC0	2023-03-05	12:00	St Mirren	Celtic	1	5	A	1	0	H	D Dickinson	1	16	1	8	14	7	0	6	1	0	1	0	13.0	6.0	1.22	11.5	6.0	1.24	11.0	6.0	1.25	12.46	6.38	1.25	13.0	5.5	1.24	11.0	6.0	1.22	13.0	6.5	1.26	11.52	6.03	1.23	1.57	2.38	1.6	2.42	1.6	2.45	1.55	2.36	1.75	1.93	1.93	1.97	1.91	1.98	2.0	1.9	1.91	9.5	6.5	1.25	10.5	5.75	1.26	10.0	6.25	1.25	13.07	6.53	1.24	11.0	6.0	1.24	10.0	5.75	1.25	13.08	6.83	1.27	11.03	6.07	1.24	1.53	2.5	1.56	2.53	1.59	2.56	1.54	2.41	1.75	1.9	1.95	1.94	1.94	1.96	2.01	1.89	1.94	scotland																																																																										2023-03-05 12:00:00+00:00	scotland:20230305T1200Z:st-mirren:celtic:165	scotland:st-mirren	scotland:celtic	sco.1:2022-23	sco.1:2022-23-rules-v1	27	7.875	7.0	1.2	1.0	-0.3	0.3	14.76924055251093	9.233785779141842	0.06594022089642584	26	14.875	15.0	3.4	0.2	2.6	0.6	17.614641902379084	5.977520425808689	0.19780951247809986	2022-23	7.0	15.0	7.875	14.875	1.2	3.4	2023-03-05 11:59:59.999999+00:00
SC0	2023-03-08	19:45	Celtic	Hearts	3	1	H	1	1	D	A Muir	11	5	3	3	6	9	7	3	0	2	0	0	1.18	8.0	13.0	1.18	7.25	13.0	1.2	7.25	13.0	1.21	7.26	14.48	1.2	6.5	13.0	1.17	7.0	13.0	1.22	8.0	14.48	1.19	7.02	12.99	1.33	3.4	1.39	3.08	1.4	3.4	1.35	3.1	-2.0	1.83	2.02	1.86	2.03	1.95	2.06	1.84	1.97	1.13	11.0	15.0	1.12	9.75	16.5	1.15	8.75	14.0	1.14	9.15	22.2	1.11	8.0	23.0	1.1	9.0	18.0	1.15	11.4	23.0	1.12	9.1	18.79	1.33	3.4	1.35	3.3	1.35	3.6	1.31	3.33	-2.5	2.02	1.83	2.05	1.85	2.12	1.89	1.99	1.83	scotland																																																																										2023-03-08 19:45:00+00:00	scotland:20230308T1945Z:celtic:hearts:166	scotland:celtic	scotland:hearts	sco.1:2022-23	sco.1:2022-23-rules-v1	27	3.3229166666666665	15.0	3.6	0.4	2.9	0.6	17.32107064740107	5.0725167120252905	0.2186623283911726	27	4.197916666666667	7.0	1.2	1.2	1.0	0.5	12.098578207000218	13.436635918046893	0.13697536459608772	2022-23	15.0	7.0	3.3229166666666665	4.197916666666667	3.6	1.2	2023-03-08 19:44:59.999999+00:00
SC0	2023-03-08	19:45	Hibernian	Rangers	1	4	A	1	2	A	D Robertson	4	31	1	11	15	5	3	7	2	0	0	0	6.0	4.33	1.53	5.25	4.2	1.55	5.5	4.3	1.57	5.97	4.39	1.57	5.8	4.0	1.55	5.5	4.2	1.53	6.0	4.4	1.58	5.6	4.23	1.55	1.73	2.1	1.75	2.17	1.75	2.2	1.7	2.12	1.0	1.93	1.93	1.95	1.95	1.96	1.99	1.89	1.92	5.25	4.2	1.57	5.25	4.0	1.58	5.5	4.1	1.6	5.73	4.19	1.62	5.5	3.9	1.57	5.25	4.0	1.57	6.0	4.34	1.62	5.47	4.07	1.59	1.8	2.05	1.82	2.07	1.88	2.13	1.79	2.0	1.0	1.8	2.05	1.85	2.07	1.88	2.11	1.81	2.02	scotland																																																																										2023-03-08 19:45:00+00:00	scotland:20230308T1945Z:hibernian:rangers:167	scotland:hibernian	scotland:rangers	sco.1:2022-23	sco.1:2022-23-rules-v1	27	4.197916666666667	13.0	2.8	0.4	1.0	0.4	13.732614703794278	10.270259421357364	0.17952401041604713	27	4.197916666666667	15.0	2.6	0.4	1.8	0.6	18.977524594508456	6.389835823644946	0.14417767965870132	2022-23	13.0	15.0	4.197916666666667	4.197916666666667	2.8	2.6	2023-03-08 19:44:59.999999+00:00
SC0	2023-03-08	19:45	Livingston	Dundee United	1	1	D	1	0	H	M MacDermid	17	6	4	1	10	16	4	6	1	6	0	0	2.2	3.3	3.4	2.15	3.3	3.3	2.2	3.35	3.3	2.28	3.3	3.48	2.2	3.1	3.4	2.2	3.2	3.25	2.28	3.36	3.48	2.21	3.25	3.33	2.2	1.67	2.3	1.67	2.3	1.71	2.23	1.64	-0.25	1.93	1.93	1.95	1.95	1.97	1.99	1.89	1.93	2.3	3.2	3.3	2.25	3.1	3.2	2.35	3.2	3.15	2.39	3.18	3.4	2.3	3.1	3.2	2.25	3.2	3.13	2.39	3.26	3.58	2.31	3.15	3.24	2.2	1.67	2.35	1.64	2.4	1.67	2.28	1.6	-0.25	1.98	1.88	2.02	1.88	2.03	1.96	1.96	1.86	scotland																																																																										2023-03-08 19:45:00+00:00	scotland:20230308T1945Z:livingston:dundee-united:168	scotland:livingston	scotland:dundee-united	sco.1:2022-23	sco.1:2022-23-rules-v1	27	4.197916666666667	3.0	0.8	2.4	-0.4	0.2	8.268044726634807	13.04563510594407	0.09795511348402827	27	4.072916666666667	0.0	0.6	2.6	-1.0	0.2	12.712103174824945	15.448226517127436	0.0680354945721236	2022-23	3.0	0.0	4.197916666666667	4.072916666666667	0.8	0.6	2023-03-08 19:44:59.999999+00:00
SC0	2023-03-18	12:30	Motherwell	Rangers	2	4	A	1	1	D	N Walsh	3	28	2	10	9	12	1	3	1	1	1	0	8.0	4.75	1.4	6.75	5.0	1.38	7.25	5.25	1.4	8.03	5.2	1.4	8.5	4.75	1.35	7.5	4.8	1.36	8.5	5.3	1.4	7.64	5.02	1.37	1.57	2.38	1.61	2.41	1.61	2.41	1.58	2.33	1.25	2.02	1.83	2.06	1.86	2.06	1.88	2.01	1.81	11.0	5.5	1.3	9.0	5.5	1.29	9.5	5.75	1.3	11.39	5.84	1.29	11.0	5.0	1.29	10.0	5.5	1.25	11.39	6.0	1.37	9.97	5.49	1.29	1.62	2.3	1.64	2.36	1.67	2.45	1.6	2.29	1.5	2.0	1.85	2.03	1.88	2.05	1.92	1.96	1.86	scotland																																																																										2023-03-18 12:30:00+00:00	scotland:20230318T1230Z:motherwell:rangers:169	scotland:motherwell	scotland:rangers	sco.1:2022-23	sco.1:2022-23-rules-v1	28	13.895833333333334	10.0	1.6	1.0	-0.1	0.2	10.584944327953272	11.974284195756358	0.13182225713616746	28	9.697916666666666	15.0	3.0	0.6	2.0	0.5	21.163429213688737	5.9553202193458645	0.14142396664157672	2022-23	10.0	15.0	13.895833333333334	9.697916666666666	1.6	3.0	2023-03-18 12:29:59.999999+00:00
SC0	2023-03-18	15:00	Aberdeen	Hearts	3	0	H	3	0	H	D Dickinson	22	8	6	0	12	10	7	7	3	3	0	0	2.55	3.3	2.8	2.4	3.5	2.65	2.45	3.5	2.75	2.54	3.49	2.88	2.45	3.4	2.7	2.45	3.4	2.7	2.55	3.55	2.88	2.47	3.44	2.75	1.85	2.0	1.88	2.01	1.88	2.06	1.81	1.98	0.0	1.83	2.02	1.83	2.08	1.86	2.08	1.81	2.01	2.2	3.3	3.3	2.2	3.4	3.0	2.25	3.55	3.05	2.26	3.48	3.36	2.25	3.3	3.1	2.2	3.5	3.0	2.4	3.55	3.36	2.23	3.44	3.12	1.88	1.98	1.9	1.99	1.9	2.02	1.82	1.96	-0.25	1.93	1.93	1.94	1.96	2.0	1.98	1.92	1.9	scotland																																																																										2023-03-18 15:00:00+00:00	scotland:20230318T1500Z:aberdeen:hearts:170	scotland:aberdeen	scotland:hearts	sco.1:2022-23	sco.1:2022-23-rules-v1	28	13.875	9.0	1.6	1.8	-1.1	0.3	10.055303609149822	14.79197152373084	0.14090651532490742	28	9.802083333333334	6.0	1.4	1.8	0.7	0.5	10.807927623909269	12.99361120567473	0.14843438921498087	2022-23	9.0	6.0	13.875	9.802083333333334	1.6	1.4	2023-03-18 14:59:59.999999+00:00
SC0	2023-03-18	15:00	Celtic	Hibernian	3	1	H	0	1	A	S McLean	35	3	9	1	6	7	15	0	1	3	0	1	1.18	6.5	15.0	1.19	7.25	12.5	1.2	7.25	14.0	1.17	8.36	15.87	1.17	7.0	15.0	1.15	7.5	13.0	1.2	8.5	19.0	1.17	7.52	14.46	1.36	3.2	1.4	3.03	1.4	3.2	1.37	2.97	-2.0	1.83	2.02	1.81	2.08	1.88	2.11	1.8	2.03	1.11	10.0	19.0	1.11	10.0	19.0	1.1	9.5	22.0	1.11	10.74	26.88	1.1	8.5	26.0	1.08	9.5	21.0	1.17	10.74	26.88	1.11	9.41	21.47	1.33	3.4	1.34	3.4	1.37	3.5	1.33	3.18	-2.5	1.9	1.95	1.94	1.94	1.97	2.0	1.91	1.9	scotland																																																																										2023-03-18 15:00:00+00:00	scotland:20230318T1500Z:celtic:hibernian:171	scotland:celtic	scotland:hibernian	sco.1:2022-23	sco.1:2022-23-rules-v1	28	9.802083333333334	15.0	3.8	0.6	2.8	0.6	16.171785075146328	5.0593318552934194	0.22849231827046354	28	9.802083333333334	10.0	1.8	1.2	0.3	0.3	11.963048394013498	14.039303162928752	0.19233782670403854	2022-23	15.0	10.0	9.802083333333334	9.802083333333334	3.8	1.8	2023-03-18 14:59:59.999999+00:00
SC0	2023-03-18	15:00	Dundee United	St Mirren	1	1	D	1	0	H	C Napier	11	16	2	3	11	9	1	4	1	1	0	0	2.63	3.3	2.7	2.6	3.25	2.6	2.65	3.3	2.65	2.86	3.37	2.62	2.75	3.1	2.6	2.7	3.1	2.63	2.87	3.37	2.7	2.73	3.24	2.61	2.1	1.73	2.18	1.74	2.28	1.77	2.16	1.68	0.0	1.98	1.88	2.04	1.87	2.04	1.94	1.95	1.87	2.7	3.25	2.63	2.7	3.1	2.65	2.75	3.2	2.65	2.77	3.24	2.8	2.75	3.1	2.6	2.63	3.2	2.63	2.77	3.25	2.81	2.69	3.15	2.69	2.3	1.62	2.33	1.65	2.4	1.66	2.28	1.61	0.0	1.9	1.95	1.94	1.96	1.94	1.99	1.9	1.92	scotland																																																																										2023-03-18 15:00:00+00:00	scotland:20230318T1500Z:dundee-united:st-mirren:172	scotland:dundee-united	scotland:st-mirren	sco.1:2022-23	sco.1:2022-23-rules-v1	28	9.802083333333334	1.0	0.8	2.6	-1.3	0.1	11.491720779402225	15.730367150376992	0.08596843495294962	28	13.125	4.0	0.8	1.8	-0.7	0.2	12.265742270236213	10.464006546570598	0.23576927164253025	2022-23	1.0	4.0	9.802083333333334	13.125	0.8	0.8	2023-03-18 14:59:59.999999+00:00
SC0	2023-03-18	15:00	Kilmarnock	St Johnstone	1	1	D	1	0	H	C Graham	14	9	4	2	10	21	9	5	3	5	0	0	2.15	3.3	3.5	2.15	3.25	3.4	2.2	3.3	3.35	2.22	3.2	3.76	2.15	3.1	3.5	2.15	3.1	3.5	2.22	3.35	3.76	2.17	3.19	3.51	2.3	1.62	2.47	1.59	2.47	1.62	2.34	1.58	-0.25	1.85	2.0	1.88	2.02	1.89	2.04	1.84	1.97	2.15	3.3	3.6	2.15	3.25	3.4	2.2	3.25	3.45	2.21	3.18	3.82	2.15	3.1	3.5	2.1	3.2	3.5	2.21	3.3	3.91	2.15	3.19	3.58	2.3	1.62	2.4	1.62	2.42	1.62	2.32	1.59	-0.25	1.8	2.05	1.88	2.04	1.89	2.09	1.83	2.0	scotland																																																																										2023-03-18 15:00:00+00:00	scotland:20230318T1500Z:kilmarnock:st-johnstone:173	scotland:kilmarnock	scotland:st-johnstone	sco.1:2022-23	sco.1:2022-23-rules-v1	28	14.0	4.0	0.8	1.8	-1.0	0.2	9.977646187920602	14.539227039611681	0.13294296572084396	28	14.0	7.0	1.2	1.8	-1.1	0.1	10.13372412842988	14.55813593505627	0.10807600242414209	2022-23	4.0	7.0	14.0	14.0	0.8	1.2	2023-03-18 14:59:59.999999+00:00
SC0	2023-03-18	15:00	Livingston	Ross County	2	1	H	2	0	H	W Collum	13	11	7	1	8	17	8	6	3	1	0	0	2.1	3.2	3.75	2.15	3.3	3.3	2.15	3.3	3.45	2.2	3.37	3.62	2.15	3.1	3.5	2.15	3.1	3.5	2.2	3.4	3.75	2.16	3.25	3.46	2.2	1.67	2.28	1.68	2.34	1.74	2.24	1.63	-0.25	1.85	2.0	1.88	2.02	1.91	2.04	1.85	1.97	2.1	3.1	3.75	2.05	3.2	3.6	2.15	3.25	3.5	2.13	3.27	3.94	2.15	3.1	3.5	2.1	3.25	3.4	2.2	3.32	3.94	2.13	3.19	3.59	2.3	1.62	2.33	1.65	2.35	1.7	2.28	1.61	-0.25	1.77	2.1	1.81	2.11	1.89	2.13	1.82	2.01	scotland																																																																										2023-03-18 15:00:00+00:00	scotland:20230318T1500Z:livingston:ross-county:174	scotland:livingston	scotland:ross-county	sco.1:2022-23	sco.1:2022-23-rules-v1	28	9.802083333333334	4.0	1.0	2.0	-0.4	0.2	9.85567295815575	11.764610541226965	0.09084028001634398	28	14.0	4.0	1.2	1.2	-0.2	0.3	12.629589608808669	15.389215713381835	0.09508183926248494	2022-23	4.0	4.0	9.802083333333334	14.0	1.0	1.2	2023-03-18 14:59:59.999999+00:00
SC0	2023-04-01	15:00	Hibernian	Motherwell	1	3	A	0	1	A	G Grainger	11	17	3	5	12	7	6	5	3	1	0	0	1.8	3.6	4.5	1.82	3.5	4.2	1.83	3.55	4.3	1.83	3.67	4.7	1.8	3.5	4.4	1.8	3.5	4.5	1.83	3.7	4.7	1.8	3.57	4.38	1.98	1.88	2.01	1.88	2.02	1.94	1.95	1.83	-0.5	1.77	2.02	1.83	2.09	1.83	2.09	1.79	2.01	1.85	3.5	4.5	1.83	3.5	4.2	1.83	3.55	4.3	1.86	3.57	4.69	1.83	3.5	4.2	1.85	3.5	4.33	1.88	3.63	4.69	1.84	3.49	4.32	2.1	1.73	2.13	1.78	2.17	1.82	2.04	1.76	-0.5	1.83	2.02	1.86	2.05	1.89	2.06	1.84	1.97	scotland																																																																										2023-04-01 14:00:00+00:00	scotland:20230401T1400Z:hibernian:motherwell:175	scotland:hibernian	scotland:motherwell	sco.1:2022-23	sco.1:2022-23-rules-v1	29	13.958333333333334	9.0	1.8	1.6	0.5	0.3	10.333403231465589	17.85033895148716	0.21797337336391032	29	14.0625	10.0	1.8	1.2	-0.3	0.2	9.205863541052675	14.888050705618838	0.22906669523262185	2022-23	9.0	10.0	13.958333333333334	14.0625	1.8	1.8	2023-04-01 13:59:59.999999+00:00
SC0	2023-04-01	15:00	Kilmarnock	Hearts	2	1	H	2	1	H	E Anderson	17	10	4	3	12	15	2	5	2	2	1	0	2.9	3.5	2.38	2.85	3.4	2.3	3.05	3.5	2.25	3.05	3.51	2.41	2.9	3.4	2.3	2.9	3.4	2.38	3.05	3.55	2.41	2.93	3.44	2.33	1.9	1.95	1.93	1.95	1.93	1.99	1.86	1.92	0.25	1.8	2.05	1.84	2.08	1.85	2.09	1.8	2.01	2.6	3.4	2.7	2.55	3.3	2.6	3.05	3.5	2.25	2.66	3.52	2.72	2.6	3.25	2.62	2.6	3.3	2.7	3.05	3.52	2.72	2.61	3.36	2.64	1.93	1.93	1.93	1.96	2.04	1.97	1.92	1.87	0.0	1.9	1.95	1.93	1.98	2.15	2.0	1.9	1.91	scotland																																																																										2023-04-01 14:00:00+00:00	scotland:20230401T1400Z:kilmarnock:hearts:176	scotland:kilmarnock	scotland:hearts	sco.1:2022-23	sco.1:2022-23-rules-v1	29	13.958333333333334	2.0	0.8	2.0	-1.1	0.2	10.70898324466231	13.532094850591376	0.12175853039497622	29	13.958333333333334	6.0	1.4	1.8	0.1	0.4	10.297395328653037	14.631136441006596	0.1214463184486207	2022-23	2.0	6.0	13.958333333333334	13.958333333333334	0.8	1.4	2023-04-01 13:59:59.999999+00:00
SC0	2023-04-01	15:00	Rangers	Dundee United	2	0	H	1	0	H	D Robertson	28	9	7	4	11	8	10	2	1	1	0	0	1.13	8.0	19.0	1.12	9.25	18.0	1.12	8.75	20.0	1.13	9.14	23.46	1.11	8.0	23.0	1.1	9.5	21.0	1.14	9.5	26.0	1.12	8.63	20.5	1.4	3.0	1.42	2.97	1.42	3.13	1.38	2.92	-2.5	2.05	1.75	2.11	1.78	2.12	1.83	2.03	1.77	1.11	11.0	15.0	1.11	9.5	20.0	1.12	8.75	20.0	1.11	10.4	28.0	1.1	8.5	23.0	1.1	9.5	21.0	1.12	11.0	29.0	1.1	9.46	22.62	1.33	3.4	1.37	3.2	1.4	3.4	1.34	3.15	-2.5	1.95	1.9	1.99	1.9	2.02	1.97	1.94	1.86	scotland																																																																										2023-04-01 14:00:00+00:00	scotland:20230401T1400Z:rangers:dundee-united:177	scotland:rangers	scotland:dundee-united	sco.1:2022-23	sco.1:2022-23-rules-v1	29	14.0625	15.0	3.2	1.0	1.9	0.4	22.406442083927146	5.417989270373889	0.141684544135316	29	13.958333333333334	2.0	0.8	2.2	-1.4	0.0	11.402317001329093	15.779391304853903	0.08686673603588439	2022-23	15.0	2.0	14.0625	13.958333333333334	3.2	0.8	2023-04-01 13:59:59.999999+00:00
SC0	2023-04-01	15:00	St Johnstone	Aberdeen	0	1	A	0	1	A	C Steven	14	12	6	3	6	8	7	7	3	2	1	1	2.9	3.2	2.45	2.87	3.2	2.4	2.9	3.25	2.5	3.22	3.21	2.46	3.0	3.1	2.4	3.0	3.1	2.45	3.22	3.3	2.5	3.01	3.17	2.42	2.2	1.67	2.27	1.68	2.27	1.72	2.19	1.66	0.25	1.77	2.1	1.83	2.09	1.83	2.17	1.76	2.06	3.2	3.25	2.25	3.2	3.2	2.25	2.9	3.25	2.5	3.53	3.19	2.32	3.25	3.1	2.25	3.3	3.2	2.25	3.53	3.3	2.5	3.27	3.17	2.28	2.3	1.62	2.35	1.65	2.35	1.69	2.26	1.62	0.25	1.93	1.93	1.93	1.96	1.97	2.05	1.88	1.93	scotland																																																																										2023-04-01 14:00:00+00:00	scotland:20230401T1400Z:st-johnstone:aberdeen:178	scotland:st-johnstone	scotland:aberdeen	sco.1:2022-23	sco.1:2022-23-rules-v1	29	13.958333333333334	5.0	1.0	2.0	-1.0	0.1	9.927592468715355	14.456656674136948	0.10862784036722736	29	13.958333333333334	12.0	2.0	1.2	-0.7	0.4	12.2270665893044	13.557067610325232	0.14008053733194903	2022-23	5.0	12.0	13.958333333333334	13.958333333333334	1.0	2.0	2023-04-01 13:59:59.999999+00:00
SC0	2023-04-01	15:00	St Mirren	Livingston	3	0	H	3	0	H	J Beaton	15	13	7	3	11	11	4	9	1	3	0	0	2.05	3.3	3.75	2.05	3.2	3.6	2.1	3.3	3.6	2.13	3.36	3.76	2.1	3.1	3.7	2.1	3.2	3.7	2.13	3.4	3.8	2.08	3.26	3.65	2.3	1.62	2.4	1.61	2.4	1.62	2.31	1.59	-0.25	1.75	2.05	1.83	2.09	1.84	2.13	1.78	2.04	2.05	3.2	3.8	2.05	3.1	3.75	2.1	3.3	3.6	2.16	3.11	4.12	2.05	3.0	4.0	2.05	3.2	3.9	2.16	3.4	4.12	2.1	3.1	3.83	2.63	1.5	2.69	1.51	2.69	1.6	2.54	1.5	-0.25	1.75	2.05	1.82	2.11	1.82	2.14	1.77	2.05	scotland																																																																										2023-04-01 14:00:00+00:00	scotland:20230401T1400Z:st-mirren:livingston:179	scotland:st-mirren	scotland:livingston	sco.1:2022-23	sco.1:2022-23-rules-v1	29	13.958333333333334	5.0	1.0	1.8	-0.7	0.2	12.944698221102357	10.56145990173958	0.20426576770752472	29	13.958333333333334	4.0	0.8	2.0	-0.3	0.2	10.427368783945614	11.62559044282206	0.10229589343994577	2022-23	5.0	4.0	13.958333333333334	13.958333333333334	1.0	0.8	2023-04-01 13:59:59.999999+00:00
SC0	2023-04-02	12:00	Ross County	Celtic	0	2	A	0	1	A	W Collum	8	28	2	9	7	6	2	9	0	0	0	0	17.0	7.0	1.14	14.5	8.0	1.16	14.0	7.5	1.17	16.51	8.71	1.16	17.0	7.0	1.15	15.0	8.0	1.13	19.0	9.0	1.17	15.42	7.87	1.15	1.4	3.0	1.39	3.07	1.41	3.1	1.39	2.9	2.0	2.05	1.75	2.12	1.78	2.15	1.81	2.08	1.75	17.0	8.0	1.14	14.5	8.0	1.16	14.0	7.5	1.17	18.65	9.21	1.15	17.0	7.0	1.15	15.0	8.0	1.15	19.9	9.27	1.17	16.24	8.04	1.15	1.36	3.2	1.38	3.14	1.4	3.41	1.37	3.03	2.25	1.85	2.0	1.89	2.0	1.93	2.05	1.86	1.96	scotland																																																																										2023-04-02 11:00:00+00:00	scotland:20230402T1100Z:ross-county:celtic:180	scotland:ross-county	scotland:celtic	sco.1:2022-23	sco.1:2022-23-rules-v1	29	14.833333333333334	3.0	1.2	1.4	0.0	0.3	12.333300589025274	14.954812856403318	0.09432315774368602	29	14.833333333333334	15.0	3.8	0.8	2.6	0.5	19.595096879665178	4.684907881603706	0.20253267598752211	2022-23	3.0	15.0	14.833333333333334	14.833333333333334	1.2	3.8	2023-04-02 10:59:59.999999+00:00
SC0	2023-04-08	12:30	Celtic	Rangers	3	2	H	1	1	D	K Clancy	9	8	7	3	19	12	4	3	4	2	0	0	1.7	4.0	4.75	1.7	4.0	4.33	1.73	3.95	4.4	1.73	4.23	4.63	1.73	3.75	4.5	1.7	4.0	4.5	1.74	4.23	4.75	1.71	4.01	4.43	1.67	2.2	1.64	2.36	1.67	2.36	1.63	2.24	-0.75	1.9	1.95	1.93	1.98	1.96	1.98	1.89	1.92	1.65	4.2	5.0	1.68	4.0	4.5	1.73	4.0	4.4	1.67	4.25	4.74	1.73	3.8	4.4	1.65	4.2	4.6	1.76	4.26	5.05	1.69	4.03	4.51	1.62	2.3	1.64	2.36	1.7	2.42	1.61	2.28	-0.75	1.8	2.05	1.96	1.94	1.96	2.08	1.87	1.94	scotland																																																																										2023-04-08 11:30:00+00:00	scotland:20230408T1130Z:celtic:rangers:181	scotland:celtic	scotland:rangers	sco.1:2022-23	sco.1:2022-23-rules-v1	30	6.020833333333333	15.0	3.4	0.6	2.8	0.6	21.123261083362415	5.287651903130305	0.1786955660677129	30	6.895833333333333	15.0	3.2	0.8	2.1	0.5	23.42345261412221	6.069263948487728	0.12891073091590788	2022-23	15.0	15.0	6.020833333333333	6.895833333333333	3.4	3.2	2023-04-08 11:29:59.999999+00:00
SC0	2023-04-08	15:00	Aberdeen	Kilmarnock	2	0	H	1	0	H	D Robertson	13	16	3	2	12	5	5	8	1	1	0	0	1.8	3.5	4.75	1.8	3.6	4.2	1.83	3.6	4.3	1.81	3.71	4.84	1.8	3.4	4.5	1.8	3.5	4.6	1.86	3.71	5.0	1.79	3.57	4.51	2.02	1.83	2.05	1.85	2.08	1.86	1.99	1.8	-0.5	1.75	2.05	1.8	2.11	1.87	2.14	1.78	2.04	1.85	3.3	4.5	1.87	3.4	4.1	1.95	3.4	4.1	1.88	3.55	4.61	1.95	3.25	4.0	1.9	3.4	4.2	1.99	3.55	4.95	1.91	3.4	4.21	2.1	1.73	2.14	1.76	2.24	1.78	2.11	1.72	-0.5	1.88	1.98	1.88	2.03	2.0	2.04	1.89	1.92	scotland																																																																										2023-04-08 14:00:00+00:00	scotland:20230408T1400Z:aberdeen:kilmarnock:182	scotland:aberdeen	scotland:kilmarnock	sco.1:2022-23	sco.1:2022-23-rules-v1	30	7.0	12.0	1.6	1.0	-0.6	0.4	12.185781754885417	13.63760077208428	0.12976286387765526	30	7.0	5.0	1.0	1.6	-1.0	0.1	11.852804472905525	12.88989578684749	0.12101099010925861	2022-23	12.0	5.0	7.0	7.0	1.6	1.0	2023-04-08 13:59:59.999999+00:00
SC0	2023-04-08	15:00	Hearts	St Mirren	0	2	A	0	0	D	M MacDermid	16	15	2	3	11	15	6	8	2	3	1	0	2.1	3.5	3.5	2.05	3.5	3.4	2.1	3.45	3.4	2.17	3.58	3.48	2.1	3.3	3.4	2.1	3.4	3.5	2.18	3.58	3.5	2.12	3.46	3.36	1.9	1.95	1.93	1.95	1.95	1.99	1.88	1.9	-0.25	1.85	2.0	1.88	2.04	1.88	2.09	1.83	1.99	2.2	3.4	3.3	2.15	3.3	3.25	2.25	3.35	3.25	2.25	3.37	3.41	2.2	3.25	3.25	2.2	3.5	3.13	2.25	3.55	3.5	2.19	3.36	3.28	2.0	1.8	2.1	1.79	2.12	1.91	1.99	1.81	-0.25	1.88	1.98	1.93	1.97	1.96	2.04	1.88	1.93	scotland																																																																										2023-04-08 14:00:00+00:00	scotland:20230408T1400Z:hearts:st-mirren:183	scotland:hearts	scotland:st-mirren	sco.1:2022-23	sco.1:2022-23-rules-v1	30	7.0	3.0	1.0	2.0	0.0	0.4	10.24332345071612	15.061838906278123	0.11754698782159875	30	7.0	8.0	1.4	1.4	-0.3	0.3	13.318389453629202	11.004830828696019	0.20349017357888385	2022-23	3.0	8.0	7.0	7.0	1.0	1.4	2023-04-08 13:59:59.999999+00:00
SC0	2023-04-08	15:00	Motherwell	Livingston	3	0	H	3	0	H	G Irvine	11	11	6	2	16	6	4	2	1	1	0	0	2.1	3.3	3.6	2.15	3.25	3.25	2.2	3.35	3.3	2.23	3.46	3.45	2.15	3.1	3.5	2.2	3.25	3.4	2.26	3.46	3.6	2.18	3.31	3.33	2.2	1.67	2.15	1.76	2.2	1.79	2.1	1.71	-0.25	1.8	2.05	1.92	1.99	1.94	2.05	1.87	1.94	2.25	3.1	3.4	2.15	3.1	3.4	2.25	3.2	3.35	2.36	3.21	3.42	2.1	3.2	3.6	2.25	3.25	3.3	2.36	3.35	3.6	2.22	3.18	3.39	2.3	1.62	2.36	1.64	2.38	1.65	2.3	1.6	-0.25	1.95	1.9	2.01	1.9	2.01	2.0	1.9	1.91	scotland																																																																										2023-04-08 14:00:00+00:00	scotland:20230408T1400Z:motherwell:livingston:184	scotland:motherwell	scotland:livingston	sco.1:2022-23	sco.1:2022-23-rules-v1	30	7.0	10.0	2.0	1.2	0.0	0.2	10.622979260861278	14.18113239550632	0.21950376668765315	30	7.0	4.0	0.8	2.0	-0.8	0.1	10.89511991413732	12.239119453218049	0.08369664008722835	2022-23	10.0	4.0	7.0	7.0	2.0	0.8	2023-04-08 13:59:59.999999+00:00
SC0	2023-04-08	15:00	St Johnstone	Ross County	0	2	A	0	1	A	A Muir	15	13	2	4	16	17	7	5	2	3	0	0	2.3	3.2	3.3	2.3	3.1	3.2	2.3	3.15	3.2	2.38	3.28	3.3	2.25	3.1	3.25	2.3	3.1	3.3	2.38	3.28	3.4	2.3	3.17	3.23	2.38	1.57	2.43	1.61	2.43	1.61	2.35	1.57	-0.25	2.0	1.85	2.03	1.88	2.04	1.91	1.96	1.85	2.3	3.1	3.2	2.35	3.0	3.1	2.4	3.1	3.15	2.36	3.27	3.35	2.35	3.1	3.1	2.38	3.2	3.1	2.43	3.27	3.35	2.36	3.12	3.16	2.3	1.62	2.42	1.61	2.45	1.63	2.35	1.57	-0.25	2.05	1.8	2.01	1.89	2.11	1.91	2.01	1.82	scotland																																																																										2023-04-08 14:00:00+00:00	scotland:20230408T1400Z:st-johnstone:ross-county:185	scotland:st-johnstone	scotland:ross-county	sco.1:2022-23	sco.1:2022-23-rules-v1	30	7.0	5.0	0.8	1.4	-1.0	0.1	10.6680302016762	14.009991824293865	0.08887732393682238	30	6.125	3.0	1.0	1.4	-0.2	0.2	11.545427754657043	17.326665064329987	0.07717349269937947	2022-23	5.0	3.0	7.0	6.125	0.8	1.0	2023-04-08 13:59:59.999999+00:00
SC0	2023-04-09	12:00	Dundee United	Hibernian	2	1	H	1	0	H	D Munro	10	14	3	3	10	15	0	4	0	2	0	0	3.4	3.4	2.15	3.5	3.4	2.05	3.3	3.4	2.15	3.61	3.48	2.16	3.4	3.25	2.15	3.4	3.3	2.1	3.61	3.48	2.18	3.4	3.36	2.12	2.02	1.83	2.08	1.81	2.08	1.86	2.0	1.79	0.25	2.02	1.83	2.06	1.85	2.07	1.87	1.97	1.83	3.25	3.4	2.2	3.2	3.3	2.15	3.15	3.35	2.25	3.4	3.57	2.2	3.2	3.25	2.2	3.2	3.4	2.2	3.54	3.57	2.26	3.23	3.4	2.19	2.0	1.85	2.0	1.88	2.02	1.9	1.96	1.83	0.25	1.98	1.88	2.0	1.9	2.06	1.95	1.92	1.89	scotland																																																																										2023-04-09 11:00:00+00:00	scotland:20230409T1100Z:dundee-united:hibernian:186	scotland:dundee-united	scotland:hibernian	sco.1:2022-23	sco.1:2022-23-rules-v1	30	7.875	2.0	0.6	2.2	-1.4	0.0	10.965532091996531	18.00132015851683	0.07107278402935996	30	7.875	6.0	1.8	2.2	0.6	0.3	10.45460264392639	17.695731869398585	0.19487077655394314	2022-23	2.0	6.0	7.875	7.875	0.6	1.8	2023-04-09 10:59:59.999999+00:00
SC0	2023-04-14	19:45	Ross County	Aberdeen	0	1	A	0	1	A	E Anderson	14	11	4	1	8	12	10	2	1	2	0	1	3.3	3.4	2.2	3.2	3.3	2.15	3.2	3.4	2.2	3.41	3.45	2.25	3.4	3.25	2.15	3.2	3.4	2.2	3.41	3.5	2.25	3.3	3.37	2.18	2.02	1.83	2.05	1.85	2.11	1.86	1.99	1.8	0.25	1.93	1.93	1.97	1.93	1.98	1.97	1.93	1.88	3.4	3.5	2.1	3.3	3.3	2.15	3.25	3.4	2.2	3.63	3.43	2.17	3.5	3.3	2.1	3.5	3.4	2.1	3.7	3.58	2.23	3.41	3.37	2.14	2.2	1.67	2.19	1.73	2.24	1.85	2.1	1.72	0.25	1.98	1.88	2.05	1.86	2.12	1.9	1.97	1.84	scotland																																																																										2023-04-14 18:45:00+00:00	scotland:20230414T1845Z:ross-county:aberdeen:187	scotland:ross-county	scotland:aberdeen	sco.1:2022-23	sco.1:2022-23-rules-v1	31	6.197916666666667	6.0	1.4	1.2	0.2	0.3	11.809895435628489	16.903635052633625	0.09111397654424752	31	6.197916666666667	15.0	2.0	0.2	-0.6	0.4	12.33382143581534	14.067127904432592	0.13414164387192773	2022-23	6.0	15.0	6.197916666666667	6.197916666666667	1.4	2.0	2023-04-14 18:44:59.999999+00:00
SC0	2023-04-15	12:30	Hibernian	Hearts	1	0	H	0	0	D	J Beaton	11	11	3	4	14	8	5	7	6	4	0	0	2.3	3.3	3.25	2.25	3.5	2.9	2.3	3.35	3.1	2.31	3.64	3.12	2.3	3.3	3.0	2.3	3.4	3.0	2.34	3.64	3.25	2.27	3.45	3.04	1.8	2.0	1.85	2.05	1.85	2.09	1.79	2.0	-0.25	1.98	1.88	2.01	1.9	2.02	1.92	1.95	1.85	2.2	3.4	3.1	2.3	3.3	2.95	2.3	3.4	3.05	2.31	3.53	3.2	2.3	3.3	3.0	2.3	3.4	3.0	2.36	3.69	3.2	2.3	3.42	3.03	1.88	1.98	1.93	1.96	2.0	2.08	1.85	1.93	-0.25	1.95	1.9	2.0	1.91	2.06	1.94	1.97	1.84	scotland																																																																										2023-04-15 11:30:00+00:00	scotland:20230415T1130Z:hibernian:hearts:188	scotland:hibernian	scotland:hearts	sco.1:2022-23	sco.1:2022-23-rules-v1	31	6.020833333333333	3.0	1.6	2.6	0.4	0.3	11.099220345030682	16.296507893144295	0.172426739258421	31	6.895833333333333	3.0	1.0	2.0	-0.3	0.3	11.28999191422228	15.050595468773007	0.0961748082176717	2022-23	3.0	3.0	6.020833333333333	6.895833333333333	1.6	1.0	2023-04-15 11:29:59.999999+00:00
SC0	2023-04-15	15:00	Livingston	St Johnstone	2	0	H	2	0	H	D Munro	12	11	5	2	19	16	2	3	2	1	0	0	2.2	3.3	3.4	2.2	3.2	3.2	2.25	3.3	3.25	2.27	3.29	3.52	2.2	3.1	3.4	2.25	3.1	3.4	2.27	3.35	3.52	2.23	3.22	3.37	2.3	1.62	2.4	1.62	2.4	1.62	2.32	1.59	-0.25	1.9	1.95	1.93	1.97	1.98	2.0	1.89	1.91	2.1	3.3	3.6	2.15	3.1	3.4	2.2	3.25	3.45	2.08	3.31	4.08	2.15	3.1	3.6	2.1	3.2	3.7	2.22	3.38	4.08	2.14	3.19	3.63	2.5	1.53	2.51	1.57	2.57	1.57	2.44	1.53	-0.25	1.8	2.05	1.76	2.16	1.9	2.16	1.82	1.99	scotland																																																																										2023-04-15 14:00:00+00:00	scotland:20230415T1400Z:livingston:st-johnstone:189	scotland:livingston	scotland:st-johnstone	sco.1:2022-23	sco.1:2022-23-rules-v1	31	7.0	4.0	0.8	2.4	-1.3	0.1	10.914189020657806	12.013825007178403	0.06847906916227774	31	7.0	2.0	0.4	1.6	-1.0	0.1	11.455661074098707	13.826356947149524	0.07271781049376376	2022-23	4.0	2.0	7.0	7.0	0.8	0.4	2023-04-15 13:59:59.999999+00:00
SC0	2023-04-15	15:00	Motherwell	Dundee United	1	2	A	1	0	H	N Walsh	22	10	8	6	11	9	6	6	3	4	0	0	1.95	3.3	4.2	1.93	3.4	3.8	2.0	3.4	3.85	1.98	3.48	4.22	2.0	3.2	3.9	1.95	3.3	4.0	2.0	3.5	4.22	1.96	3.39	3.94	2.1	1.73	2.13	1.78	2.15	1.8	2.06	1.74	-0.5	1.95	1.9	1.98	1.93	2.0	1.93	1.94	1.86	1.95	3.5	3.9	1.93	3.4	3.8	2.0	3.4	3.85	1.98	3.47	4.24	1.95	3.25	4.0	1.93	3.4	4.1	2.01	3.58	4.24	1.95	3.39	4.01	2.1	1.73	2.11	1.79	2.24	1.8	2.05	1.75	-0.5	1.95	1.9	1.98	1.93	2.0	1.95	1.93	1.87	scotland																																																																										2023-04-15 14:00:00+00:00	scotland:20230415T1400Z:motherwell:dundee-united:190	scotland:motherwell	scotland:dundee-united	sco.1:2022-23	sco.1:2022-23-rules-v1	31	7.0	10.0	2.2	1.2	0.3	0.3	10.691528486159227	13.602744687232443	0.2291807677857658	31	6.125	5.0	1.0	1.6	-1.3	0.0	10.789980802542615	17.27380740242286	0.09451409602402178	2022-23	10.0	5.0	7.0	6.125	2.2	1.0	2023-04-15 13:59:59.999999+00:00
SC0	2023-04-15	15:00	Rangers	St Mirren	5	2	H	1	1	D	S McLean	23	5	11	4	9	14	6	4	2	1	0	0	1.18	6.5	17.0	1.21	6.25	13.5	1.2	6.5	15.0	1.2	7.18	15.78	1.18	6.0	17.0	1.18	6.5	17.0	1.21	7.18	19.0	1.19	6.6	15.37	1.57	2.38	1.6	2.42	1.62	2.42	1.59	2.32	-2.0	2.02	1.83	2.05	1.85	2.16	1.87	2.01	1.79	1.22	7.0	11.0	1.23	6.0	12.0	1.25	6.0	12.0	1.24	6.41	13.27	1.22	5.8	13.0	1.22	6.0	13.0	1.27	7.2	15.0	1.23	6.22	12.89	1.67	2.2	1.69	2.24	1.7	2.3	1.64	2.22	-1.75	2.0	1.85	2.0	1.88	2.06	1.94	1.94	1.87	scotland																																																																										2023-04-15 14:00:00+00:00	scotland:20230415T1400Z:rangers:st-mirren:191	scotland:rangers	scotland:st-mirren	sco.1:2022-23	sco.1:2022-23-rules-v1	31	7.104166666666667	12.0	3.0	1.4	1.8	0.4	20.619188502463622	6.602125048762686	0.15092696165847008	31	7.0	8.0	1.6	1.4	0.3	0.4	13.62413682569662	11.91304340529674	0.19073438444332919	2022-23	12.0	8.0	7.104166666666667	7.0	3.0	1.6	2023-04-15 13:59:59.999999+00:00
SC0	2023-04-16	12:00	Kilmarnock	Celtic	1	4	A	1	4	A	D Dickinson	14	16	5	6	13	15	4	5	0	2	0	0	15.0	7.0	1.2	12.5	7.0	1.19	13.0	7.0	1.2	15.2	7.51	1.19	15.0	6.5	1.18	13.0	7.0	1.17	17.0	7.6	1.2	13.95	7.05	1.18	1.44	2.75	1.47	2.74	1.47	2.88	1.44	2.73	2.0	1.93	1.93	1.93	1.95	1.95	1.97	1.89	1.91	12.0	6.5	1.22	11.5	6.5	1.22	12.0	6.5	1.25	11.91	6.66	1.25	13.0	6.0	1.2	12.0	6.5	1.22	13.3	7.0	1.25	12.1	6.41	1.22	1.44	2.75	1.48	2.71	1.5	2.8	1.46	2.65	2.0	1.75	2.05	1.76	2.14	1.86	2.2	1.75	2.09	scotland																																																																										2023-04-16 11:00:00+00:00	scotland:20230416T1100Z:kilmarnock:celtic:192	scotland:kilmarnock	scotland:celtic	sco.1:2022-23	sco.1:2022-23-rules-v1	31	7.875	5.0	1.0	1.6	-1.0	0.1	12.606840023286338	12.9099147346934	0.09900899190757523	31	7.979166666666667	15.0	3.2	1.0	2.7	0.5	18.91903179547834	5.780806102561158	0.20681152375237113	2022-23	5.0	15.0	7.875	7.979166666666667	1.0	3.2	2023-04-16 10:59:59.999999+00:00
SC0	2023-04-22	12:30	Hearts	Ross County	6	1	H	4	0	H	D Robertson	30	7	12	1	7	10	8	5	1	3	0	0	1.7	3.8	5.0	1.7	3.7	4.75	1.73	3.95	4.5	1.76	4.03	4.7	1.73	3.7	4.6	1.7	3.9	4.6	1.77	4.03	5.0	1.72	3.85	4.61	1.8	2.05	1.85	2.05	1.85	2.19	1.78	2.01	-0.75	1.93	1.93	1.98	1.93	1.98	1.97	1.91	1.89	1.75	3.8	4.75	1.68	3.8	4.6	1.75	3.8	4.4	1.78	3.97	4.63	1.7	3.7	4.75	1.7	4.0	4.6	1.78	4.0	5.2	1.71	3.91	4.63	1.73	2.1	1.79	2.11	1.82	2.14	1.73	2.07	-0.75	1.98	1.88	2.01	1.9	2.02	2.04	1.9	1.92	scotland																																																																										2023-04-22 11:30:00+00:00	scotland:20230422T1130Z:hearts:ross-county:193	scotland:hearts	scotland:ross-county	sco.1:2022-23	sco.1:2022-23-rules-v1	32	7.0	0.0	0.4	2.2	-0.9	0.2	11.23726611163641	14.314123565359733	0.07868847945082229	32	7.697916666666667	3.0	0.6	1.4	0.1	0.3	12.208096265514216	15.830246861245692	0.07454779899074797	2022-23	0.0	3.0	7.0	7.697916666666667	0.4	0.6	2023-04-22 11:29:59.999999+00:00
SC0	2023-04-22	15:00	Celtic	Motherwell	1	1	D	1	0	H	J Beaton	16	6	5	3	7	7	13	3	1	3	0	0	1.09	10.0	26.0	1.09	11.0	23.0	1.1	10.0	21.0	1.1	11.06	26.75	1.1	9.0	23.0	1.08	10.5	23.0	1.11	11.06	29.0	1.09	10.19	23.64	1.29	3.75	1.29	3.74	1.29	4.0	1.26	3.71	-2.75	2.0	1.85	2.03	1.85	2.07	1.9	1.99	1.82	1.1	13.0	15.0	1.12	9.5	18.0	1.08	11.0	24.0	1.12	10.52	23.29	1.11	8.0	21.0	1.11	9.5	18.0	1.12	14.4	25.0	1.1	9.91	20.83	1.25	4.0	1.3	3.67	1.3	4.0	1.27	3.65	-2.5	1.88	1.98	1.96	1.93	2.02	2.1	1.89	1.91	scotland																																																																										2023-04-22 14:00:00+00:00	scotland:20230422T1400Z:celtic:motherwell:194	scotland:celtic	scotland:motherwell	sco.1:2022-23	sco.1:2022-23-rules-v1	32	6.125	15.0	3.0	1.0	2.6	0.4	18.388298741755005	7.275204993004584	0.21466397397921272	32	7.0	9.0	2.2	1.4	0.3	0.3	12.747614215948458	12.947700198644725	0.19577600008918025	2022-23	15.0	9.0	6.125	7.0	3.0	2.2	2023-04-22 13:59:59.999999+00:00
SC0	2023-04-22	15:00	Dundee United	Livingston	2	0	H	1	0	H	K Clancy	7	8	3	1	15	10	6	3	3	2	0	0	2.4	3.3	3.1	2.35	3.2	2.95	2.4	3.3	3.0	2.51	3.28	3.08	2.4	3.2	2.9	2.4	3.2	3.0	2.51	3.35	3.1	2.41	3.23	3.01	2.1	1.73	2.14	1.77	2.19	1.82	2.07	1.74	-0.25	2.1	1.77	2.14	1.79	2.14	1.85	2.04	1.77	2.5	3.25	3.0	2.65	3.2	2.65	2.55	3.2	2.85	2.6	3.28	2.95	2.6	3.2	2.7	2.63	3.3	2.63	2.72	3.32	3.0	2.62	3.22	2.75	2.2	1.67	2.19	1.73	2.24	1.78	2.1	1.71	0.0	1.77	2.1	1.83	2.08	2.0	2.1	1.85	1.96	scotland																																																																										2023-04-22 14:00:00+00:00	scotland:20230422T1400Z:dundee-united:livingston:195	scotland:dundee-united	scotland:livingston	sco.1:2022-23	sco.1:2022-23-rules-v1	32	7.0	8.0	1.2	1.2	-1.0	0.0	10.646347929353048	18.133115147436886	0.11369335129238145	32	7.0	7.0	1.0	1.6	-1.1	0.1	11.111609198720023	11.829493187691419	0.08633135961762117	2022-23	8.0	7.0	7.0	7.0	1.2	1.0	2023-04-22 13:59:59.999999+00:00
SC0	2023-04-22	15:00	St Johnstone	Hibernian	1	1	D	1	1	D	C Napier	14	6	7	3	11	12	8	1	2	2	0	1	3.4	3.3	2.2	3.1	3.4	2.2	3.1	3.45	2.25	3.4	3.42	2.27	3.3	3.2	2.2	3.4	3.25	2.2	3.4	3.5	2.27	3.25	3.36	2.21	2.1	1.73	2.14	1.77	2.14	1.87	2.03	1.76	0.25	1.95	1.9	1.96	1.94	2.0	1.95	1.91	1.9	3.8	3.3	2.05	3.4	3.3	2.1	3.2	3.4	2.2	3.88	3.45	2.08	3.6	3.25	2.05	3.7	3.4	2.0	3.88	3.45	2.2	3.61	3.36	2.07	2.1	1.73	2.19	1.74	2.24	1.77	2.11	1.71	0.5	1.8	2.05	1.84	2.08	1.86	2.2	1.77	2.05	scotland																																																																										2023-04-22 14:00:00+00:00	scotland:20230422T1400Z:st-johnstone:hibernian:196	scotland:st-johnstone	scotland:hibernian	sco.1:2022-23	sco.1:2022-23-rules-v1	32	7.0	1.0	0.2	1.8	-1.0	0.1	11.37281360608076	13.494292047667791	0.059496390403988526	32	7.104166666666667	3.0	1.0	2.4	0.5	0.4	11.08118028229783	15.333506458027149	0.1576053486494519	2022-23	1.0	3.0	7.0	7.104166666666667	0.2	1.0	2023-04-22 13:59:59.999999+00:00
SC0	2023-04-22	15:00	St Mirren	Kilmarnock	0	2	A	0	2	A	W Collum	6	16	1	6	12	11	5	1	1	1	1	0	2.0	3.5	3.75	2.0	3.3	3.6	2.05	3.45	3.65	2.09	3.48	3.81	2.0	3.2	3.9	2.0	3.3	3.9	2.1	3.55	4.0	2.03	3.39	3.71	2.1	1.73	2.19	1.73	2.19	1.78	2.12	1.7	-0.5	2.02	1.82	2.09	1.83	2.1	1.89	2.01	1.8	2.2	3.2	3.6	2.2	3.1	3.4	2.2	3.25	3.35	2.25	3.11	3.82	2.2	3.1	3.4	2.15	3.2	3.5	2.27	3.35	3.82	2.21	3.11	3.53	2.5	1.53	2.49	1.58	2.57	1.7	2.4	1.55	-0.25	1.88	1.98	1.9	2.01	1.95	2.01	1.88	1.93	scotland																																																																										2023-04-22 14:00:00+00:00	scotland:20230422T1400Z:st-mirren:kilmarnock:197	scotland:st-mirren	scotland:kilmarnock	sco.1:2022-23	sco.1:2022-23-rules-v1	32	7.0	7.0	1.8	2.2	-0.1	0.3	12.056111948297236	13.928853695242786	0.2287826781809057	32	6.125	4.0	1.0	2.2	-1.2	0.1	12.860141837234275	13.471748419294599	0.0939943700023018	2022-23	7.0	4.0	7.0	6.125	1.8	1.0	2023-04-22 13:59:59.999999+00:00
SC0	2023-04-23	16:30	Aberdeen	Rangers	2	0	H	0	0	D	N Walsh	11	20	4	3	17	7	3	7	2	1	0	0	6.5	4.0	1.53	5.5	4.33	1.52	5.5	4.5	1.53	5.97	4.68	1.54	5.8	4.2	1.52	5.75	4.33	1.5	6.5	4.7	1.6	5.65	4.45	1.52	1.57	2.38	1.61	2.42	1.61	2.48	1.55	2.38	1.0	2.02	1.82	2.05	1.87	2.06	1.95	1.96	1.83	6.0	4.0	1.57	5.25	4.2	1.57	6.0	4.4	1.53	5.94	4.46	1.56	5.5	4.0	1.57	5.25	4.33	1.57	6.2	4.6	1.61	5.6	4.28	1.55	1.67	2.2	1.67	2.3	1.69	2.34	1.64	2.21	1.0	1.95	1.9	1.98	1.93	2.03	2.0	1.92	1.9	scotland																																																																										2023-04-23 15:30:00+00:00	scotland:20230423T1530Z:aberdeen:rangers:198	scotland:aberdeen	scotland:rangers	sco.1:2022-23	sco.1:2022-23-rules-v1	32	8.864583333333334	15.0	2.0	0.2	0.0	0.5	12.091308447485277	14.054922830899391	0.12628117969686647	32	8.0625	12.0	3.4	1.6	2.0	0.4	21.052063320197504	6.310829585351288	0.16301138760198935	2022-23	15.0	12.0	8.864583333333334	8.0625	2.0	3.4	2023-04-23 15:29:59.999999+00:00
SC0	2023-05-06	15:00	Hibernian	St Mirren	2	1	H	2	0	H	M MacDermid	13	13	6	4	11	11	3	5	2	1	0	0	2.0	3.4	3.8	2.0	3.3	3.6	2.05	3.4	3.6	2.07	3.49	3.87	2.0	3.25	3.75	2.05	3.3	3.8	2.07	3.5	3.9	2.02	3.38	3.73	2.1	1.73	2.18	1.74	2.21	1.75	2.13	1.69	-0.5	2.02	1.82	2.07	1.85	2.07	1.88	2.0	1.81	2.0	3.4	3.8	1.98	3.3	3.7	1.95	3.4	3.7	2.07	3.38	4.02	2.0	3.25	3.75	2.0	3.4	3.75	2.1	3.5	4.02	2.03	3.34	3.76	2.2	1.67	2.22	1.72	2.23	1.74	2.16	1.67	-0.5	2.05	1.8	2.07	1.85	2.1	1.86	2.03	1.79	scotland																																																																										2023-05-06 14:00:00+00:00	scotland:20230506T1400Z:hibernian:st-mirren:199	scotland:hibernian	scotland:st-mirren	sco.1:2022-23	sco.1:2022-23-rules-v1	33	14.0	4.0	1.0	1.8	-0.1	0.3	10.157329321880042	15.091050738385848	0.1592528610162182	33	14.0	7.0	1.6	1.6	-0.5	0.3	10.955000684970464	14.305425750653189	0.1871858276025592	2022-23	4.0	7.0	14.0	14.0	1.0	1.6	2023-05-06 13:59:59.999999+00:00
SC0	2023-05-06	15:00	Motherwell	Kilmarnock	2	0	H	1	0	H	K Clancy	17	8	6	1	15	12	8	1	2	2	0	0	2.2	3.4	3.25	2.15	3.4	3.25	2.2	3.4	3.25	2.26	3.36	3.46	2.15	3.2	3.4	2.15	3.3	3.4	2.26	3.45	3.6	2.18	3.33	3.34	1.91	1.91	2.07	1.83	2.17	1.91	2.03	1.76	-0.25	1.9	1.95	1.93	1.97	1.93	2.02	1.87	1.93	2.25	3.4	3.1	2.25	3.3	3.0	2.15	3.4	3.2	2.36	3.42	3.21	2.25	3.2	3.2	2.25	3.4	3.1	2.36	3.45	3.35	2.25	3.37	3.17	2.05	1.8	2.06	1.84	2.08	1.84	2.0	1.78	-0.25	2.0	1.85	2.03	1.88	2.04	1.92	1.94	1.86	scotland																																																																										2023-05-06 14:00:00+00:00	scotland:20230506T1400Z:motherwell:kilmarnock:200	scotland:motherwell	scotland:kilmarnock	sco.1:2022-23	sco.1:2022-23-rules-v1	33	14.0	7.0	2.0	1.6	0.5	0.3	11.520775267594193	13.502663798891138	0.19048339401235959	33	14.0	7.0	1.2	1.6	-0.7	0.2	13.431025139555317	12.113248706695579	0.09963175727461057	2022-23	7.0	7.0	14.0	14.0	2.0	1.2	2023-05-06 13:59:59.999999+00:00
SC0	2023-05-06	15:00	Ross County	Livingston	2	0	H	1	0	H	D Dickinson	6	10	2	0	15	7	5	3	2	2	0	1	2.5	3.25	2.88	2.4	3.25	2.85	2.5	3.25	2.85	2.6	3.29	2.94	2.55	3.1	2.8	2.55	3.2	2.8	2.6	3.3	2.94	2.54	3.22	2.83	2.2	1.67	2.3	1.67	2.3	1.67	2.24	1.63	0.0	1.82	2.02	1.84	2.08	1.88	2.08	1.8	2.0	2.1	3.5	3.5	2.15	3.25	3.4	2.2	3.45	3.2	2.21	3.3	3.66	2.15	3.2	3.4	2.1	3.4	3.5	2.25	3.5	3.7	2.16	3.3	3.45	2.3	1.62	2.27	1.68	2.3	1.78	2.19	1.66	-0.25	1.82	2.02	1.88	2.02	1.91	2.07	1.84	1.97	scotland																																																																										2023-05-06 14:00:00+00:00	scotland:20230506T1400Z:ross-county:livingston:201	scotland:ross-county	scotland:livingston	sco.1:2022-23	sco.1:2022-23-rules-v1	33	14.104166666666666	3.0	0.8	2.2	-0.7	0.2	11.261169671784359	18.406565613746473	0.08696767969372884	33	14.0	6.0	0.8	1.8	-1.0	0.1	10.545862071680018	10.95140351720207	0.07063474877805369	2022-23	3.0	6.0	14.104166666666666	14.0	0.8	0.8	2023-05-06 13:59:59.999999+00:00
SC0	2023-05-06	15:00	St Johnstone	Dundee United	1	0	H	1	0	H	A Muir	17	12	6	2	15	16	9	2	2	3	0	1	2.4	3.2	3.0	2.3	3.25	3.0	2.4	3.2	3.05	2.52	3.26	3.09	2.38	3.1	3.1	2.38	3.2	3.1	2.52	3.3	3.15	2.4	3.21	3.03	2.2	1.67	2.27	1.69	2.3	1.69	2.22	1.64	-0.25	2.1	1.77	2.14	1.79	2.14	1.85	2.04	1.78	2.38	3.2	3.1	2.4	3.1	2.95	2.45	3.25	2.95	2.45	3.17	3.29	2.45	3.0	3.0	2.38	3.2	3.13	2.47	3.25	3.3	2.4	3.13	3.13	2.38	1.57	2.43	1.61	2.43	1.61	2.34	1.58	-0.25	2.02	1.82	2.08	1.84	2.08	1.9	2.01	1.8	scotland																																																																										2023-05-06 14:00:00+00:00	scotland:20230506T1400Z:st-johnstone:dundee-united:202	scotland:st-johnstone	scotland:dundee-united	sco.1:2022-23	sco.1:2022-23-rules-v1	33	14.0	2.0	0.4	1.4	-0.8	0.1	11.85048385952062	12.131693493546372	0.06166587786300359	33	14.0	10.0	1.4	1.0	-0.7	0.1	9.983375578561585	16.290730575175633	0.14496988482363676	2022-23	2.0	10.0	14.0	14.0	0.4	1.4	2023-05-06 13:59:59.999999+00:00
SC0	2023-05-07	14:15	Hearts	Celtic	0	2	A	0	0	D	N Walsh	7	12	0	3	9	10	6	5	0	1	1	0	8.5	5.5	1.33	7.5	5.25	1.35	7.75	5.5	1.33	8.96	5.83	1.34	8.0	5.25	1.32	8.0	5.5	1.3	9.0	5.83	1.35	8.23	5.51	1.32	1.44	2.75	1.47	2.79	1.47	2.88	1.44	2.72	1.5	1.95	1.9	2.02	1.89	2.02	1.95	1.93	1.86	9.0	5.75	1.3	8.75	6.0	1.27	9.25	5.75	1.27	9.77	6.16	1.29	9.0	5.5	1.29	9.5	6.0	1.29	10.0	6.25	1.33	9.05	5.93	1.29	1.4	3.0	1.41	3.0	1.42	3.25	1.38	2.94	1.75	1.85	2.0	1.89	2.0	1.91	2.04	1.86	1.96	scotland																																																																										2023-05-07 13:15:00+00:00	scotland:20230507T1315Z:hearts:celtic:203	scotland:hearts	scotland:celtic	sco.1:2022-23	sco.1:2022-23-rules-v1	33	15.072916666666666	3.0	1.4	1.8	-0.4	0.1	14.648672273157063	12.984282917112509	0.10074511955067278	33	14.96875	13.0	2.6	1.0	2.4	0.3	17.954062606890457	7.043349539731023	0.18699779689208312	2022-23	3.0	13.0	15.072916666666666	14.96875	1.4	2.6	2023-05-07 13:14:59.999999+00:00
SC0	2023-05-07	15:00	Rangers	Aberdeen	1	0	H	0	0	D	J Beaton	19	11	7	4	4	8	12	6	1	2	0	0	1.25	5.75	12.0	1.29	5.5	9.25	1.3	5.75	9.5	1.29	6.14	10.13	1.29	5.25	9.5	1.29	5.5	9.0	1.3	6.2	12.0	1.28	5.7	9.69	1.53	2.5	1.54	2.57	1.55	2.6	1.51	2.48	-1.5	1.73	2.08	1.81	2.07	1.89	2.08	1.8	2.0	1.36	5.75	7.0	1.34	5.25	7.75	1.35	5.25	7.25	1.37	5.54	8.21	1.32	5.25	8.0	1.33	5.5	8.0	1.37	5.85	8.5	1.34	5.37	7.96	1.5	2.63	1.53	2.61	1.56	2.69	1.51	2.51	-1.5	2.02	1.82	2.04	1.88	2.04	1.9	1.95	1.86	scotland																																																																										2023-05-07 14:00:00+00:00	scotland:20230507T1400Z:rangers:aberdeen:204	scotland:rangers	scotland:aberdeen	sco.1:2022-23	sco.1:2022-23-rules-v1	33	13.9375	9.0	2.6	1.8	1.6	0.3	20.860779080161592	7.163406024378326	0.13337295349253672	33	13.9375	15.0	1.8	0.0	0.8	0.6	11.89288872976068	15.135845952554048	0.13637881644619654	2022-23	9.0	15.0	13.9375	13.9375	2.6	1.8	2023-05-07 13:59:59.999999+00:00
SC0	2023-05-13	12:30	Rangers	Celtic	3	0	H	2	0	H	S McLean	16	8	8	1	15	4	5	5	1	1	0	0	2.8	3.6	2.3	2.8	3.4	2.35	2.85	3.55	2.35	2.99	3.56	2.43	2.88	3.4	2.35	2.75	3.6	2.38	2.99	3.6	2.45	2.86	3.5	2.38	1.73	2.1	1.75	2.16	1.76	2.19	1.7	2.12	0.25	1.8	2.05	1.83	2.1	1.85	2.16	1.78	2.05	2.55	3.75	2.45	2.5	3.5	2.55	2.6	3.65	2.55	2.66	3.81	2.57	2.6	3.4	2.55	2.6	3.6	2.5	2.85	3.81	2.6	2.6	3.62	2.53	1.57	2.38	1.63	2.38	1.7	2.4	1.6	2.3	0.0	1.93	1.93	1.99	1.92	1.99	1.96	1.93	1.87	scotland																																																																										2023-05-13 11:30:00+00:00	scotland:20230513T1130Z:rangers:celtic:205	scotland:rangers	scotland:celtic	sco.1:2022-23	sco.1:2022-23-rules-v1	34	5.895833333333333	9.0	2.0	1.4	1.4	0.3	20.5224556110413	7.860968565400448	0.11869270357523339	34	5.927083333333333	13.0	2.4	0.8	2.3	0.3	16.87150576927401	7.035467805234473	0.1833012277601892	2022-23	9.0	13.0	5.895833333333333	5.927083333333333	2.0	2.4	2023-05-13 11:29:59.999999+00:00
SC0	2023-05-13	15:00	Aberdeen	Hibernian	0	0	D	0	0	D	N Walsh	8	17	2	5	10	17	3	8	2	5	0	0	2.05	3.5	3.4	2.1	3.5	3.2	2.2	3.45	3.25	2.14	3.53	3.61	2.15	3.3	3.3	2.1	3.4	3.4	2.2	3.54	3.61	2.11	3.45	3.41	1.9	1.95	1.93	1.96	1.94	1.99	1.87	1.9	-0.25	1.82	2.02	1.85	2.07	1.9	2.08	1.81	2.0	2.05	3.5	3.4	2.05	3.4	3.3	2.15	3.5	3.3	2.17	3.49	3.57	2.1	3.3	3.4	2.1	3.4	3.5	2.17	3.62	3.8	2.1	3.45	3.43	1.93	1.93	1.97	1.92	1.99	1.97	1.9	1.88	-0.25	1.85	2.0	1.86	2.05	1.88	2.18	1.82	2.0	scotland																																																																										2023-05-13 14:00:00+00:00	scotland:20230513T1400Z:aberdeen:hibernian:206	scotland:aberdeen	scotland:hibernian	sco.1:2022-23	sco.1:2022-23-rules-v1	34	6.0	12.0	1.2	0.2	0.9	0.6	11.730545324349647	15.838419415726039	0.11158266800143352	34	7.0	7.0	1.2	1.4	0.0	0.3	10.67417853608367	14.710859695042965	0.15826982334893375	2022-23	12.0	7.0	6.0	7.0	1.2	1.2	2023-05-13 13:59:59.999999+00:00
SC0	2023-05-13	15:00	Dundee United	Ross County	1	3	A	1	1	D	J Beaton	16	10	7	8	12	16	6	5	2	5	0	0	2.3	3.2	3.1	2.25	3.3	3.0	2.3	3.3	3.1	2.43	3.37	3.13	2.15	3.3	3.25	2.38	3.2	3.1	2.43	3.4	3.25	2.33	3.29	3.07	2.1	1.73	2.14	1.77	2.17	1.8	2.07	1.74	-0.25	2.02	1.82	2.08	1.84	2.08	1.89	1.99	1.82	2.2	3.25	3.2	2.2	3.3	3.1	2.25	3.35	3.2	2.3	3.46	3.3	2.2	3.2	3.25	2.2	3.4	3.2	2.38	3.46	3.55	2.24	3.35	3.21	2.0	1.8	2.07	1.83	2.13	1.83	2.02	1.77	-0.25	1.95	1.9	1.98	1.93	2.06	1.98	1.92	1.89	scotland																																																																										2023-05-13 14:00:00+00:00	scotland:20230513T1400Z:dundee-united:ross-county:207	scotland:dundee-united	scotland:ross-county	sco.1:2022-23	sco.1:2022-23-rules-v1	34	7.0	9.0	1.2	1.0	-0.6	0.1	10.35003456427766	16.419688652416426	0.11861172394661189	34	7.0	6.0	1.0	1.8	-0.5	0.3	10.304593367823564	16.87809913851984	0.13176143490092967	2022-23	9.0	6.0	7.0	7.0	1.2	1.0	2023-05-13 13:59:59.999999+00:00
SC0	2023-05-13	15:00	Kilmarnock	Livingston	2	0	H	0	0	D	D Munro	11	7	6	2	17	17	2	5	1	3	0	0	2.0	3.5	3.6	1.98	3.4	3.6	2.05	3.45	3.55	2.07	3.6	3.75	2.05	3.2	3.7	2.05	3.3	3.8	2.07	3.6	3.8	2.03	3.44	3.64	2.1	1.73	2.15	1.76	2.17	1.8	2.08	1.73	-0.5	2.02	1.82	2.07	1.85	2.07	1.88	2.01	1.8	1.8	3.6	4.2	1.83	3.3	4.33	1.9	3.55	4.3	1.83	3.65	4.81	1.8	3.3	4.75	1.75	3.6	4.75	1.9	3.74	4.81	1.81	3.51	4.54	2.2	1.67	2.26	1.69	2.35	1.7	2.2	1.64	-0.5	1.8	2.05	1.82	2.09	1.87	2.12	1.8	2.02	scotland																																																																										2023-05-13 14:00:00+00:00	scotland:20230513T1400Z:kilmarnock:livingston:208	scotland:kilmarnock	scotland:livingston	sco.1:2022-23	sco.1:2022-23-rules-v1	34	7.0	6.0	1.0	1.8	-1.0	0.1	12.443566023272531	13.001748941841836	0.08151689231559046	34	7.0	3.0	0.4	2.0	-1.4	0.1	10.44661442228365	10.05114833225624	0.057792067182043924	2022-23	6.0	3.0	7.0	7.0	1.0	0.4	2023-05-13 13:59:59.999999+00:00
SC0	2023-05-13	15:00	St Johnstone	Motherwell	0	2	A	0	0	D	G Irvine	11	8	1	4	8	14	6	4	0	1	0	0	2.7	3.1	2.7	2.65	3.0	2.7	2.7	3.15	2.7	2.89	3.14	2.76	2.7	3.0	2.7	2.7	3.1	2.7	2.89	3.2	2.76	2.76	3.06	2.71	2.2	1.67	2.3	1.67	2.3	1.67	2.22	1.64	0.0	1.95	1.9	2.0	1.91	2.0	1.98	1.92	1.88	2.8	3.1	2.63	2.8	3.1	2.55	2.8	3.05	2.55	2.96	3.11	2.72	2.8	2.9	2.7	2.8	3.2	2.55	2.96	3.2	2.75	2.85	3.05	2.64	2.2	1.67	2.33	1.65	2.35	1.69	2.23	1.64	0.0	2.02	1.82	2.04	1.88	2.07	1.91	1.97	1.83	scotland																																																																										2023-05-13 14:00:00+00:00	scotland:20230513T1400Z:st-johnstone:motherwell:209	scotland:st-johnstone	scotland:motherwell	sco.1:2022-23	sco.1:2022-23-rules-v1	34	7.0	4.0	0.4	1.2	-0.9	0.1	12.78675952142596	12.107749221992485	0.06114908723550561	34	7.0	10.0	2.0	0.8	0.9	0.4	12.51699794621343	12.502179471820021	0.1772404239780268	2022-23	4.0	10.0	7.0	7.0	0.4	2.0	2023-05-13 13:59:59.999999+00:00
SC0	2023-05-13	15:00	St Mirren	Hearts	2	2	D	2	0	H	D Dickinson	13	11	7	6	19	13	7	4	2	4	0	1	2.63	3.25	2.7	2.5	3.3	2.65	2.6	3.35	2.7	2.75	3.46	2.67	2.7	3.2	2.6	2.7	3.25	2.63	2.75	3.46	2.75	2.65	3.34	2.62	2.0	1.85	2.02	1.87	2.11	1.89	1.97	1.81	0.0	1.95	1.9	1.98	1.93	2.0	1.98	1.91	1.89	2.8	3.3	2.55	2.7	3.2	2.5	2.8	3.3	2.5	2.91	3.33	2.61	2.8	3.2	2.5	2.8	3.25	2.55	2.91	3.37	2.75	2.79	3.27	2.55	2.0	1.8	2.11	1.79	2.13	1.83	2.04	1.76	0.0	2.02	1.82	2.07	1.85	2.09	1.95	1.98	1.82	scotland																																																																										2023-05-13 14:00:00+00:00	scotland:20230513T1400Z:st-mirren:hearts:210	scotland:st-mirren	scotland:hearts	sco.1:2022-23	sco.1:2022-23-rules-v1	34	7.0	6.0	1.6	1.8	-0.5	0.3	11.32681874224856	14.06807561417079	0.16713805475174423	34	6.03125	3.0	1.4	1.6	-0.3	0.1	13.258004587128505	12.805322386728415	0.08242782508691408	2022-23	6.0	3.0	7.0	6.03125	1.6	1.4	2023-05-13 13:59:59.999999+00:00
SC0	2023-05-20	12:30	Hearts	Aberdeen	2	1	H	1	1	D	K Clancy	30	9	8	4	6	15	5	2	1	4	0	0	2.25	3.4	3.2	2.3	3.4	2.9	2.25	3.45	3.1	2.36	3.63	3.04	2.25	3.4	3.0	2.3	3.5	2.9	2.36	3.63	3.2	2.28	3.48	3.01	1.85	2.0	1.82	2.07	1.9	2.07	1.8	1.99	-0.25	2.0	1.85	2.05	1.86	2.05	1.88	1.97	1.84	2.0	3.7	3.5	2.0	3.5	3.4	2.05	3.65	3.4	1.96	3.9	3.81	2.0	3.5	3.5	1.95	3.6	3.7	2.15	3.9	3.81	1.98	3.7	3.57	1.67	2.2	1.7	2.24	1.82	2.25	1.69	2.14	-0.5	2.05	1.8	1.96	1.94	2.05	1.97	1.95	1.85	scotland																																																																										2023-05-20 11:30:00+00:00	scotland:20230520T1130Z:hearts:aberdeen:211	scotland:hearts	scotland:aberdeen	sco.1:2022-23	sco.1:2022-23-rules-v1	35	6.895833333333333	4.0	1.6	1.6	-0.5	0.1	12.847458298559685	12.840718316414156	0.10049879903805367	35	6.895833333333333	10.0	1.0	0.2	0.7	0.7	11.052264356286075	16.04961588559403	0.09129491018299105	2022-23	4.0	10.0	6.895833333333333	6.895833333333333	1.6	1.0	2023-05-20 11:29:59.999999+00:00
SC0	2023-05-20	15:00	Celtic	St Mirren	2	2	D	1	2	A	D Munro	21	10	6	2	4	9	14	2	0	0	0	0	1.13	9.0	21.0	1.15	8.25	15.5	1.15	7.75	18.0	1.14	9.63	17.71	1.14	7.0	19.0	1.13	8.0	18.0	1.15	9.63	21.0	1.14	8.46	17.78	1.44	2.75	1.45	2.83	1.48	2.88	1.43	2.73	-2.25	1.95	1.9	1.97	1.92	2.07	1.92	1.94	1.86	1.13	9.0	19.0	1.16	8.0	14.0	1.15	7.75	17.0	1.16	9.28	16.79	1.15	7.0	17.0	1.14	8.0	17.0	1.17	9.71	21.0	1.15	8.07	16.22	1.44	2.75	1.43	2.91	1.45	3.0	1.43	2.77	-2.25	1.95	1.9	2.03	1.86	2.06	1.9	2.0	1.81	scotland																																																																										2023-05-20 14:00:00+00:00	scotland:20230520T1400Z:celtic:st-mirren:212	scotland:celtic	scotland:st-mirren	sco.1:2022-23	sco.1:2022-23-rules-v1	35	7.104166666666667	10.0	2.0	1.4	1.7	0.3	15.258504720315099	8.665382749737295	0.14997373180379114	35	7.0	4.0	1.4	2.2	-0.4	0.3	11.631033516385186	13.510243684321553	0.16472134549618234	2022-23	10.0	4.0	7.104166666666667	7.0	2.0	1.4	2023-05-20 13:59:59.999999+00:00
SC0	2023-05-20	15:00	Kilmarnock	St Johnstone	0	1	A	0	1	A	J Beaton	10	17	1	7	10	11	3	8	1	3	1	0	2.0	3.3	4.0	2.0	3.3	3.6	2.1	3.35	3.6	2.06	3.46	3.93	2.05	3.2	3.7	2.05	3.25	3.8	2.1	3.46	4.0	2.05	3.34	3.71	2.2	1.67	2.24	1.7	2.25	1.76	2.18	1.66	-0.5	2.02	1.82	2.06	1.85	2.1	1.87	2.02	1.79	1.95	3.3	4.2	1.93	3.25	4.0	1.95	3.35	3.95	1.97	3.41	4.39	2.0	3.2	4.0	1.95	3.3	4.1	2.05	3.42	4.4	1.97	3.32	4.07	2.2	1.67	2.31	1.67	2.37	1.67	2.25	1.63	-0.5	1.93	1.93	1.97	1.93	2.0	1.99	1.94	1.87	scotland																																																																										2023-05-20 14:00:00+00:00	scotland:20230520T1400Z:kilmarnock:st-johnstone:213	scotland:kilmarnock	scotland:st-johnstone	sco.1:2022-23	sco.1:2022-23-rules-v1	35	7.0	6.0	1.0	1.6	-0.6	0.2	12.181099473586615	11.910521861506956	0.09975349040697071	35	7.0	4.0	0.4	1.4	-0.8	0.1	12.461894153893967	11.36088572708476	0.05003107137450459	2022-23	6.0	4.0	7.0	7.0	1.0	0.4	2023-05-20 13:59:59.999999+00:00
SC0	2023-05-20	15:00	Livingston	Dundee United	2	1	H	1	1	D	D Robertson	14	17	7	4	16	11	1	12	2	1	0	1	2.3	3.2	3.25	2.3	3.25	3.0	2.35	3.25	3.1	2.38	3.39	3.19	2.3	3.2	3.1	2.38	3.2	3.13	2.4	3.39	3.25	2.32	3.27	3.1	2.1	1.73	2.19	1.74	2.2	1.77	2.13	1.7	-0.25	2.0	1.85	2.04	1.87	2.07	1.91	1.97	1.84	2.55	3.2	2.88	2.55	3.2	2.75	2.6	3.2	2.8	2.62	3.35	2.88	2.6	3.1	2.75	2.55	3.25	2.8	2.7	3.38	2.94	2.58	3.23	2.79	2.1	1.73	2.19	1.74	2.24	1.76	2.15	1.68	0.0	1.8	2.05	1.86	2.05	1.86	2.09	1.82	1.99	scotland																																																																										2023-05-20 14:00:00+00:00	scotland:20230520T1400Z:livingston:dundee-united:214	scotland:livingston	scotland:dundee-united	sco.1:2022-23	sco.1:2022-23-rules-v1	35	7.0	3.0	0.4	1.8	-1.3	0.1	9.819957254595714	10.22366681730056	0.04728441860349048	35	7.0	9.0	1.4	1.2	-0.7	0.1	11.377301007136268	15.252472533795256	0.10840959231995517	2022-23	3.0	9.0	7.0	7.0	0.4	1.4	2023-05-20 13:59:59.999999+00:00
SC0	2023-05-20	15:00	Motherwell	Ross County	1	0	H	0	0	D	E Anderson	16	6	6	1	15	14	4	4	3	0	0	1	2.1	3.4	3.6	2.1	3.4	3.3	2.15	3.4	3.35	2.13	3.44	3.74	2.1	3.3	3.4	2.1	3.3	3.5	2.16	3.48	3.74	2.11	3.37	3.5	2.0	1.8	2.06	1.84	2.12	1.84	2.01	1.78	-0.25	1.8	2.05	1.83	2.1	1.87	2.1	1.8	2.01	1.95	3.6	3.8	2.0	3.5	3.5	2.0	3.55	3.6	1.96	3.64	4.08	2.0	3.4	3.7	1.93	3.5	3.9	2.1	3.68	4.13	1.97	3.52	3.76	1.93	1.93	1.93	1.96	2.0	1.98	1.91	1.87	-0.5	1.95	1.9	1.96	1.94	2.0	1.98	1.94	1.86	scotland																																																																										2023-05-20 14:00:00+00:00	scotland:20230520T1400Z:motherwell:ross-county:215	scotland:motherwell	scotland:ross-county	sco.1:2022-23	sco.1:2022-23-rules-v1	35	7.0	10.0	1.8	0.6	1.0	0.5	11.695725592356442	12.229055931489107	0.19046943780020376	35	7.0	9.0	1.6	1.6	-0.2	0.3	10.249212755492007	16.71844474969805	0.16235026491894244	2022-23	10.0	9.0	7.0	7.0	1.8	1.6	2023-05-20 13:59:59.999999+00:00
SC0	2023-05-21	12:00	Hibernian	Rangers	1	3	A	0	1	A	A Muir	14	20	2	7	17	13	7	5	2	1	0	0	6.0	4.2	1.53	5.25	4.2	1.55	5.5	4.4	1.55	5.97	4.43	1.57	5.8	4.0	1.53	5.5	4.2	1.53	6.0	4.5	1.57	5.65	4.29	1.54	1.67	2.2	1.71	2.23	1.71	2.28	1.65	2.2	1.0	1.95	1.9	1.97	1.93	2.0	1.94	1.92	1.88	4.5	4.0	1.73	3.9	3.9	1.78	4.1	3.9	1.8	4.59	4.12	1.75	4.2	3.75	1.78	4.1	4.0	1.75	5.36	4.32	1.82	4.21	3.94	1.77	1.62	2.3	1.65	2.35	1.65	2.45	1.61	2.29	0.75	1.88	1.98	1.94	1.96	2.16	2.05	1.85	1.96	scotland																																																																										2023-05-21 11:00:00+00:00	scotland:20230521T1100Z:hibernian:rangers:216	scotland:hibernian	scotland:rangers	sco.1:2022-23	sco.1:2022-23-rules-v1	35	7.875	8.0	1.0	0.8	-0.1	0.3	11.824327893159364	13.490703386853335	0.12949349183094577	35	7.979166666666667	9.0	2.2	1.4	1.6	0.4	19.700190954488335	7.886247008054912	0.13120312110700913	2022-23	8.0	9.0	7.875	7.979166666666667	1.0	2.2	2023-05-21 10:59:59.999999+00:00
SC0	2023-05-24	19:45	Aberdeen	St Mirren	3	0	H	2	0	H	D Robertson	15	6	6	4	13	14	2	2	0	1	0	1	1.91	3.5	4.2	1.9	3.5	3.9	1.95	3.5	3.85	1.98	3.55	4.12	1.95	3.3	3.9	1.95	3.4	4.0	2.0	3.6	4.2	1.94	3.48	3.93	2.0	1.85	2.04	1.85	2.04	1.9	1.96	1.82	-0.5	1.95	1.9	1.98	1.93	2.0	1.96	1.93	1.87	1.8	3.6	4.5	1.78	3.5	4.33	1.83	3.55	4.3	1.88	3.58	4.54	1.75	3.4	3.9	1.8	3.6	4.4	1.89	3.78	4.61	1.83	3.55	4.32	2.05	1.8	2.06	1.84	2.09	1.9	1.98	1.81	-0.5	1.85	2.0	1.88	2.02	1.89	2.08	1.82	1.98	scotland																																																																										2023-05-24 18:45:00+00:00	scotland:20230524T1845Z:aberdeen:st-mirren:217	scotland:aberdeen	scotland:st-mirren	sco.1:2022-23	sco.1:2022-23-rules-v1	36	4.302083333333333	7.0	0.8	0.6	1.0	0.7	10.67912538241588	18.58604936094057	0.0948978558062856	36	4.197916666666667	2.0	1.4	2.6	-0.5	0.2	11.334481967951515	14.872017559899453	0.1711356463150583	2022-23	7.0	2.0	4.302083333333333	4.197916666666667	0.8	1.4	2023-05-24 18:44:59.999999+00:00
SC0	2023-05-24	19:45	Dundee United	Kilmarnock	0	3	A	0	2	A	A Muir	10	11	2	4	15	16	3	5	1	1	0	0	2.5	3.3	2.88	2.35	3.4	2.87	2.45	3.35	2.9	2.58	3.33	2.95	2.45	3.25	2.8	2.5	3.3	2.8	2.58	3.5	2.95	2.46	3.32	2.86	1.98	1.88	2.03	1.86	2.03	1.94	1.93	1.85	0.0	1.8	2.05	1.83	2.1	1.83	2.13	1.77	2.04	2.45	3.25	3.0	2.5	3.1	2.8	2.5	3.2	2.9	2.57	3.27	3.0	2.3	3.2	2.62	2.45	3.3	2.88	2.57	3.32	3.06	2.48	3.21	2.9	2.2	1.67	2.21	1.72	2.35	1.75	2.14	1.69	0.0	1.77	2.1	1.81	2.12	1.81	2.13	1.77	2.06	scotland																																																																										2023-05-24 18:45:00+00:00	scotland:20230524T1845Z:dundee-united:kilmarnock:218	scotland:dundee-united	scotland:kilmarnock	sco.1:2022-23	sco.1:2022-23-rules-v1	36	4.197916666666667	6.0	1.2	1.4	-0.4	0.1	12.399609914929673	15.02475025492339	0.09939394451846599	36	4.197916666666667	6.0	1.0	1.4	-0.5	0.2	11.784535932934503	12.835881523051146	0.08161649215115785	2022-23	6.0	6.0	4.197916666666667	4.197916666666667	1.2	1.0	2023-05-24 18:44:59.999999+00:00
SC0	2023-05-24	19:45	Hibernian	Celtic	4	2	H	0	1	A	K Clancy	15	18	8	4	10	7	8	10	2	1	0	1	6.5	5.0	1.44	6.25	4.8	1.43	6.5	5.0	1.43	6.54	5.15	1.46	7.0	4.6	1.4	7.0	5.0	1.4	7.0	5.15	1.46	6.53	4.91	1.43	1.5	2.63	1.51	2.66	1.52	2.7	1.49	2.56	1.25	1.93	1.93	1.93	1.97	1.98	1.97	1.9	1.9	5.0	4.0	1.67	4.75	4.0	1.65	4.7	4.1	1.67	5.05	4.24	1.68	4.2	3.7	1.62	4.6	4.1	1.67	5.35	4.35	1.71	4.74	4.07	1.66	1.62	2.3	1.67	2.3	1.67	2.33	1.62	2.25	1.0	1.73	2.08	1.79	2.13	1.86	2.2	1.73	2.11	scotland																																																																										2023-05-24 18:45:00+00:00	scotland:20230524T1845Z:hibernian:celtic:219	scotland:hibernian	scotland:celtic	sco.1:2022-23	sco.1:2022-23-rules-v1	36	3.3229166666666665	8.0	1.0	1.0	-0.5	0.2	12.21990463985766	14.67421186197091	0.11893623357596862	36	4.197916666666667	8.0	1.8	1.4	1.3	0.2	16.30241295298508	8.908040431603242	0.1400217978827555	2022-23	8.0	8.0	3.3229166666666665	4.197916666666667	1.0	1.8	2023-05-24 18:44:59.999999+00:00
SC0	2023-05-24	19:45	Livingston	Motherwell	1	1	D	0	1	A	C Graham	8	6	2	1	7	12	1	11	2	1	1	0	3.1	3.1	2.45	2.8	3.25	2.45	3.0	3.2	2.45	3.15	3.19	2.52	2.88	3.1	2.5	2.9	3.2	2.5	3.15	3.28	2.52	2.99	3.17	2.46	2.2	1.67	2.27	1.68	2.27	1.75	2.17	1.67	0.0	2.1	1.7	2.19	1.75	2.19	1.83	2.1	1.73	3.3	3.3	2.2	3.2	3.2	2.25	3.2	3.25	2.3	3.32	3.41	2.31	3.0	3.0	2.2	3.25	3.3	2.25	3.4	3.41	2.4	3.22	3.25	2.27	2.2	1.67	2.2	1.72	2.26	1.77	2.16	1.68	0.25	1.9	1.95	1.93	1.98	1.97	1.99	1.89	1.93	scotland																																																																										2023-05-24 18:45:00+00:00	scotland:20230524T1845Z:livingston:motherwell:220	scotland:livingston	scotland:motherwell	sco.1:2022-23	sco.1:2022-23-rules-v1	36	4.197916666666667	6.0	0.8	1.4	-1.1	0.1	10.5799650264874	11.455727395973184	0.0646612775587	36	4.197916666666667	10.0	1.4	0.6	0.9	0.5	12.478320939200724	11.096500307581994	0.1672022672910758	2022-23	6.0	10.0	4.197916666666667	4.197916666666667	0.8	1.4	2023-05-24 18:44:59.999999+00:00
SC0	2023-05-24	19:45	Rangers	Hearts	2	2	D	1	1	D	J Beaton	19	8	8	3	10	13	9	2	3	4	0	0	1.33	5.25	8.5	1.33	5.25	7.75	1.33	5.75	7.75	1.36	5.67	8.21	1.32	5.25	8.5	1.33	5.5	8.0	1.36	5.75	9.0	1.34	5.44	7.97	1.44	2.75	1.47	2.81	1.47	2.88	1.43	2.73	-1.5	1.93	1.93	1.96	1.94	1.98	1.97	1.9	1.9	1.33	5.5	8.5	1.38	5.0	7.0	1.4	5.0	7.5	1.36	5.64	8.5	1.33	4.75	6.0	1.36	5.25	7.5	1.41	5.64	8.5	1.37	5.19	7.54	1.44	2.75	1.47	2.79	1.48	2.84	1.44	2.7	-1.5	1.95	1.9	1.98	1.93	2.08	1.97	1.97	1.84	scotland																																																																										2023-05-24 18:45:00+00:00	scotland:20230524T1845Z:rangers:hearts:221	scotland:rangers	scotland:hearts	sco.1:2022-23	sco.1:2022-23-rules-v1	36	3.3229166666666665	12.0	2.4	1.0	1.5	0.3	19.75470169003591	8.997838461135837	0.13462073545118927	36	4.302083333333333	7.0	2.0	1.4	-0.2	0.1	15.966102244276106	12.142405895247945	0.09434750224325603	2022-23	12.0	7.0	3.3229166666666665	4.302083333333333	2.4	2.0	2023-05-24 18:44:59.999999+00:00
SC0	2023-05-24	19:45	Ross County	St Johnstone	3	3	D	0	1	A	N Walsh	14	11	8	5	15	15	6	4	2	0	0	0	2.15	3.4	3.4	2.15	3.25	3.25	2.2	3.3	3.35	2.18	3.44	3.58	2.2	3.2	3.3	2.2	3.25	3.4	2.25	3.44	3.58	2.17	3.32	3.4	2.1	1.73	2.17	1.75	2.17	1.8	2.09	1.72	-0.25	1.88	1.98	1.88	2.04	1.96	2.04	1.86	1.95	1.95	3.4	4.0	1.95	3.3	3.8	1.97	3.4	3.85	1.96	3.47	4.34	1.85	3.2	3.7	1.95	3.3	4.1	2.0	3.49	4.34	1.95	3.38	4.02	2.2	1.67	2.22	1.72	2.35	1.75	2.15	1.68	-0.5	1.93	1.93	1.96	1.94	2.0	1.98	1.93	1.87	scotland																																																																										2023-05-24 18:45:00+00:00	scotland:20230524T1845Z:ross-county:st-johnstone:222	scotland:ross-county	scotland:st-johnstone	sco.1:2022-23	sco.1:2022-23-rules-v1	36	4.197916666666667	6.0	1.2	1.8	-0.2	0.3	9.476628618129823	16.587818431571133	0.13283203493368018	36	4.197916666666667	7.0	0.6	1.0	-0.8	0.2	13.287004307731426	11.113451958523894	0.05162970010855188	2022-23	6.0	7.0	4.197916666666667	4.197916666666667	1.2	0.6	2023-05-24 18:44:59.999999+00:00
SC0	2023-05-27	12:30	Celtic	Aberdeen	5	0	H	2	0	H	A Muir	20	0	8	0	9	8	10	2	1	2	0	0	1.2	6.5	13.0	1.18	7.25	13.5	1.22	6.75	11.0	1.21	7.9	11.91	1.12	6.5	12.0	1.18	7.5	12.0	1.22	8.2	14.0	1.19	7.23	11.87	1.33	3.4	1.33	3.4	1.36	3.5	1.33	3.23	-2.0	1.9	1.95	1.93	1.95	1.95	2.01	1.88	1.93	1.18	8.0	13.0	1.16	8.0	13.0	1.22	6.75	11.0	1.17	9.05	14.1	1.11	7.0	12.0	1.15	8.5	13.0	1.22	9.05	15.0	1.17	7.95	12.97	1.25	4.0	1.25	4.19	1.36	4.33	1.26	3.77	-2.25	1.9	1.95	1.91	1.98	2.17	2.04	1.95	1.86	scotland																																																																										2023-05-27 11:30:00+00:00	scotland:20230527T1130Z:celtic:aberdeen:223	scotland:celtic	scotland:aberdeen	sco.1:2022-23	sco.1:2022-23-rules-v1	37	2.6979166666666665	5.0	1.4	2.0	0.7	0.2	16.61106514335143	10.015669444039016	0.13476530937882014	37	2.6979166666666665	7.0	1.2	0.6	1.2	0.7	11.464738949249355	16.297676749860464	0.11400733656877912	2022-23	5.0	7.0	2.6979166666666665	2.6979166666666665	1.4	1.2	2023-05-27 11:29:59.999999+00:00
SC0	2023-05-27	12:30	Hearts	Hibernian	1	1	D	1	1	D	D Robertson	3	17	1	6	12	15	4	9	3	5	1	0	2.1	3.5	3.4	2.1	3.5	3.2	2.15	3.5	3.3	2.16	3.67	3.4	1.95	3.4	3.1	2.1	3.6	3.25	2.16	3.7	3.5	2.1	3.56	3.32	1.73	2.1	1.74	2.18	1.78	2.2	1.7	2.12	-0.25	1.82	2.02	1.88	2.03	1.89	2.08	1.82	1.99	2.15	3.5	3.3	2.15	3.5	3.1	2.25	3.5	3.1	2.22	3.7	3.26	2.05	3.4	2.9	2.2	3.6	3.1	2.25	3.7	3.43	2.17	3.56	3.18	1.67	2.2	1.72	2.21	1.82	2.25	1.69	2.15	-0.25	1.9	1.95	1.93	1.98	1.97	2.03	1.88	1.93	scotland																																																																										2023-05-27 11:30:00+00:00	scotland:20230527T1130Z:hearts:hibernian:224	scotland:hearts	scotland:hibernian	sco.1:2022-23	sco.1:2022-23-rules-v1	37	2.6979166666666665	8.0	2.4	1.6	-0.5	0.0	14.517720018044086	13.389241187021046	0.12264795638084583	37	2.6979166666666665	8.0	1.6	1.4	-0.6	0.2	12.725376523519902	15.278900614339836	0.1457963123197319	2022-23	8.0	8.0	2.6979166666666665	2.6979166666666665	2.4	1.6	2023-05-27 11:29:59.999999+00:00
SC0	2023-05-27	12:30	St Mirren	Rangers	0	3	A	0	1	A	M MacDermid	8	9	1	3	10	11	5	3	2	1	0	0	7.0	4.5	1.44	7.0	4.4	1.44	6.75	4.2	1.5	7.6	4.87	1.44	6.5	4.33	1.35	7.0	4.75	1.4	7.7	4.87	1.5	7.06	4.6	1.43	1.67	2.2	1.67	2.31	1.67	2.33	1.64	2.23	1.25	1.9	1.95	1.93	1.98	1.95	2.04	1.87	1.93	8.5	5.0	1.33	8.0	5.0	1.34	7.5	4.7	1.4	8.76	5.48	1.36	7.0	4.5	1.3	8.5	5.25	1.33	9.0	5.48	1.45	7.86	5.0	1.37	1.5	2.63	1.53	2.64	1.68	2.64	1.55	2.43	1.5	1.88	1.98	1.91	2.0	1.94	2.22	1.79	2.04	scotland																																																																										2023-05-27 11:30:00+00:00	scotland:20230527T1130Z:st-mirren:rangers:225	scotland:st-mirren	scotland:rangers	sco.1:2022-23	sco.1:2022-23-rules-v1	37	2.6979166666666665	2.0	1.0	2.2	-0.8	0.2	10.364576155596694	14.895287094463189	0.14002007425777496	37	2.6979166666666665	10.0	1.8	1.0	1.3	0.3	19.61748320093847	8.816413286383867	0.12928299407728883	2022-23	2.0	10.0	2.6979166666666665	2.6979166666666665	1.0	1.8	2023-05-27 11:29:59.999999+00:00
SC0	2023-05-28	15:00	Kilmarnock	Ross County	3	1	H	1	0	H	K Clancy	10	7	4	1	8	15	5	3	4	1	0	0	2.05	3.5	3.5	2.0	3.3	3.6	2.1	3.4	3.5	2.13	3.41	3.76	1.91	3.1	3.6	2.0	3.3	3.6	2.14	3.5	3.8	2.06	3.34	3.61	2.1	1.73	2.12	1.78	2.13	1.79	2.06	1.74	-0.5	2.1	1.77	2.12	1.79	2.14	1.85	2.04	1.77	1.91	3.6	3.8	1.9	3.4	3.9	1.95	3.55	3.85	1.93	3.61	4.26	1.83	3.3	3.6	1.91	3.5	4.0	1.97	3.72	4.26	1.92	3.5	3.97	1.98	1.88	1.98	1.91	2.05	1.92	1.95	1.84	-0.5	1.9	1.95	1.93	1.97	1.96	1.99	1.9	1.9	scotland																																																																										2023-05-28 14:00:00+00:00	scotland:20230528T1400Z:kilmarnock:ross-county:226	scotland:kilmarnock	scotland:ross-county	sco.1:2022-23	sco.1:2022-23-rules-v1	37	3.8020833333333335	9.0	1.4	0.6	-0.2	0.3	11.64189303603732	12.320266700678209	0.11636390680136055	37	3.8020833333333335	7.0	1.8	2.2	-0.6	0.2	10.299059778469854	15.571851444012744	0.1476417948158682	2022-23	9.0	7.0	3.8020833333333335	3.8020833333333335	1.4	1.8	2023-05-28 13:59:59.999999+00:00
SC0	2023-05-28	15:00	Motherwell	Dundee United	3	2	H	1	1	D	S McLean	23	10	6	7	17	6	9	0	2	0	0	0	1.91	3.75	3.8	1.88	3.5	3.8	2.0	3.45	3.75	1.93	3.71	4.11	1.85	3.4	3.5	1.87	3.6	3.8	2.0	3.79	4.11	1.9	3.63	3.83	1.82	2.02	1.87	2.02	1.87	2.11	1.79	1.99	-0.5	1.88	1.98	1.93	1.97	2.0	2.02	1.88	1.91	1.75	4.0	4.33	1.75	3.8	4.2	1.77	3.7	4.4	1.78	4.08	4.5	1.73	3.5	3.8	1.75	3.8	4.4	1.81	4.1	4.5	1.77	3.9	4.28	1.67	2.2	1.68	2.28	1.7	2.31	1.65	2.21	-0.75	1.98	1.88	2.0	1.91	2.06	1.92	1.96	1.84	scotland																																																																										2023-05-28 14:00:00+00:00	scotland:20230528T1400Z:motherwell:dundee-united:227	scotland:motherwell	scotland:dundee-united	sco.1:2022-23	sco.1:2022-23-rules-v1	37	3.8020833333333335	11.0	1.4	0.4	0.9	0.5	11.30044440480059	10.533500251657996	0.16710488535936502	37	3.8020833333333335	3.0	0.8	1.8	-0.5	0.1	11.963317203124278	14.292977481300955	0.08132231824238126	2022-23	11.0	3.0	3.8020833333333335	3.8020833333333335	1.4	0.8	2023-05-28 13:59:59.999999+00:00
SC0	2023-05-28	15:00	St Johnstone	Livingston	2	0	H	1	0	H	G Grainger	9	9	3	4	9	11	4	2	0	3	0	0	2.2	3.25	3.4	2.25	3.1	3.3	2.25	3.15	3.4	2.26	3.18	3.68	2.15	2.9	3.1	2.2	3.1	3.4	2.26	3.25	3.68	2.22	3.13	3.45	2.38	1.57	2.46	1.6	2.46	1.63	2.35	1.58	-0.25	1.88	1.98	1.92	1.99	1.94	1.99	1.86	1.93	1.95	3.4	4.0	1.95	3.25	3.9	2.0	3.35	3.8	2.01	3.41	4.19	1.95	3.0	3.6	1.95	3.3	4.1	2.1	3.49	4.19	2.0	3.29	3.94	2.2	1.67	2.29	1.68	2.35	1.7	2.23	1.63	-0.5	1.95	1.9	2.01	1.89	2.04	1.94	1.97	1.83	scotland																																																																										2023-05-28 14:00:00+00:00	scotland:20230528T1400Z:st-johnstone:livingston:228	scotland:st-johnstone	scotland:livingston	sco.1:2022-23	sco.1:2022-23-rules-v1	37	3.8020833333333335	8.0	1.2	1.2	-0.8	0.2	12.871185342689348	11.638278875155912	0.09182925876650111	37	3.8020833333333335	4.0	0.6	1.6	-0.8	0.1	10.110880476216964	10.463776960341697	0.07563195436620909	2022-23	8.0	4.0	3.8020833333333335	3.8020833333333335	1.2	0.6	2023-05-28 13:59:59.999999+00:00
SC0	2023-08-05	12:30	Celtic	Ross County	4	2	H	3	0	H	N Walsh	18	7	12	2	6	14	4	8	0	4	0	0	1.1	10.0	21.0	1.12	10.0	16.5	1.12	9.5	18.0	1.12	11.1	20.81	1.06	8.0	17.0	1.11	9.5	18.0	1.12	11.1	23.0	1.11	9.64	19.29	1.29	3.75	1.28	3.82	1.3	4.0	1.27	3.6	-2.5	1.95	1.9	1.94	1.94	2.02	1.96	1.91	1.89	1.06	15.0	21.0	1.07	13.5	26.0	1.08	11.0	24.0	1.09	15.85	26.14	1.03	10.0	19.0	1.06	12.0	26.0	1.09	17.1	36.0	1.07	12.96	25.73	1.22	4.33	1.2	4.69	1.25	4.72	1.22	4.18	-3.0	1.93	1.93	1.96	1.91	2.19	1.95	1.97	1.84	scotland																																																																										2023-08-05 11:30:00+00:00	scotland:20230805T1130Z:celtic:ross-county:229	scotland:celtic	scotland:ross-county	sco.1:2023-24	sco.1:2023-24-rules-v1	38	70.0	7.0	2.2	1.8	1.0	0.3	17.22723511728753	8.194638636031922	0.15571707130994375	38	68.89583333333333	7.0	1.8	1.6	-0.6	0.2	9.699230727838971	14.558787545101335	0.14677185809609994	2023-24	7.0	7.0	70.0	68.89583333333333	2.2	1.8	2023-08-05 11:29:59.999999+00:00
SC0	2023-08-05	15:00	Dundee	Motherwell	1	1	D	0	1	A	D Dickinson	17	13	2	3	12	12	7	12	0	2	0	0	2.55	3.3	2.75	2.55	3.3	2.65	2.6	3.35	2.7	2.65	3.38	2.82	2.45	3.1	2.6	2.6	3.3	2.7	2.65	3.4	2.82	2.57	3.3	2.72	1.98	1.88	2.06	1.84	2.07	1.9	1.97	1.82	0.0	1.85	2.0	1.89	2.02	1.92	2.07	1.84	1.97	2.3	3.3	3.2	2.3	3.1	3.1	2.35	3.25	3.15	2.39	3.29	3.28	2.2	3.1	2.9	2.38	3.25	3.0	2.4	3.36	3.38	2.31	3.22	3.18	2.2	1.67	2.26	1.69	2.35	1.75	2.19	1.66	-0.25	1.98	1.88	2.04	1.88	2.07	1.93	1.97	1.85	scotland																																																																										2023-08-05 14:00:00+00:00	scotland:20230805T1400Z:dundee:motherwell:230	scotland:dundee	scotland:motherwell	sco.1:2023-24	sco.1:2023-24-rules-v1	0										38	69.0	13.0	1.8	0.6	0.8	0.4	13.427636331200482	10.436500205901996	0.1604375939501524	2023-24		13.0		69.0		1.8	2023-08-05 13:59:59.999999+00:00
SC0	2023-08-05	15:00	Livingston	Aberdeen	0	0	D	0	0	D	J Beaton	12	11	2	0	22	13	7	7	3	4	0	0	2.8	3.25	2.55	2.85	3.3	2.37	2.85	3.25	2.5	2.99	3.32	2.55	2.8	3.2	2.2	2.88	3.25	2.5	2.99	3.35	2.6	2.87	3.26	2.47	2.0	1.8	2.11	1.79	2.13	1.83	2.03	1.77	0.0	2.05	1.8	2.12	1.81	2.12	1.85	2.04	1.77	2.75	3.25	2.63	2.7	3.1	2.6	2.75	3.2	2.6	2.89	3.23	2.69	2.7	3.0	2.38	2.75	3.2	2.6	3.0	3.32	2.77	2.8	3.18	2.59	2.1	1.73	2.24	1.7	2.24	1.81	2.13	1.69	0.0	1.95	1.9	2.03	1.88	2.04	1.95	1.97	1.85	scotland																																																																										2023-08-05 14:00:00+00:00	scotland:20230805T1400Z:livingston:aberdeen:231	scotland:livingston	scotland:aberdeen	sco.1:2023-24	sco.1:2023-24-rules-v1	38	69.0	4.0	0.6	1.6	-1.0	0.1	9.90890220781388	10.197635694825024	0.061880689935989254	38	70.10416666666667	4.0	0.8	1.6	0.5	0.7	9.380240958476744	16.970826431704015	0.11400733656877912	2023-24	4.0	4.0	69.0	70.10416666666667	0.6	0.8	2023-08-05 13:59:59.999999+00:00
SC0	2023-08-05	15:00	St Johnstone	Hearts	0	2	A	0	0	D	S McLean	9	16	3	9	14	13	6	9	2	3	0	0	3.25	3.5	2.2	2.95	3.5	2.25	3.1	3.5	2.25	3.27	3.68	2.22	2.8	3.2	2.2	3.13	3.4	2.25	3.35	3.68	2.27	3.13	3.5	2.2	1.85	2.0	1.84	2.06	1.88	2.06	1.82	1.97	0.25	1.95	1.9	1.98	1.93	2.0	1.97	1.91	1.88	3.5	3.5	2.1	3.5	3.25	2.1	3.4	3.4	2.15	3.54	3.48	2.19	3.0	3.25	2.05	3.5	3.4	2.1	3.74	3.56	2.19	3.48	3.35	2.11	2.1	1.78	2.07	1.83	2.25	1.83	2.09	1.73	0.25	2.03	1.83	2.03	1.88	2.11	1.88	2.01	1.8	scotland																																																																										2023-08-05 14:00:00+00:00	scotland:20230805T1400Z:st-johnstone:hearts:232	scotland:st-johnstone	scotland:hearts	sco.1:2023-24	sco.1:2023-24-rules-v1	38	69.0	10.0	1.4	1.0	-0.3	0.3	12.167333462200375	11.158591806945745	0.11553707030390493	38	70.10416666666667	6.0	1.4	1.6	-0.3	0.0	12.423589105672432	14.045742789380856	0.16095438855402538	2023-24	10.0	6.0	69.0	70.10416666666667	1.4	1.4	2023-08-05 13:59:59.999999+00:00
SC0	2023-08-05	17:15	Kilmarnock	Rangers	1	0	H	0	0	D	W Collum	10	18	3	4	7	10	2	8	0	0	0	0	7.0	5.0	1.4	6.25	4.75	1.43	6.5	4.9	1.43	7.25	4.98	1.44	6.5	4.4	1.35	7.0	4.8	1.4	7.25	5.0	1.45	6.81	4.85	1.41	1.57	2.38	1.57	2.51	1.57	2.55	1.53	2.44	1.25	1.93	1.93	1.95	1.95	1.97	1.97	1.91	1.89	7.0	5.25	1.4	7.5	4.8	1.38	7.5	4.8	1.4	9.01	5.06	1.38	6.5	4.4	1.35	8.0	5.0	1.36	9.08	5.33	1.42	7.82	4.88	1.38	1.67	2.2	1.7	2.25	1.7	2.4	1.64	2.21	1.25	2.03	1.83	2.04	1.87	2.09	1.9	1.97	1.84	scotland																																																																										2023-08-05 16:15:00+00:00	scotland:20230805T1615Z:kilmarnock:rangers:233	scotland:kilmarnock	scotland:rangers	sco.1:2023-24	sco.1:2023-24-rules-v1	38	69.09375	9.0	1.6	0.8	0.2	0.3	11.34336702948508	11.35294548237308	0.14975228738293134	38	70.19791666666667	13.0	2.4	0.6	1.3	0.4	17.687031709858747	8.667974507041345	0.166383055760206	2023-24	9.0	13.0	69.09375	70.19791666666667	1.6	2.4	2023-08-05 16:14:59.999999+00:00
SC0	2023-08-06	15:00	Hibernian	St Mirren	2	3	A	0	2	A	E Anderson	14	8	7	4	14	7	2	7	2	2	0	0	1.91	3.4	4.2	1.88	3.5	3.8	1.95	3.6	3.85	1.93	3.65	4.17	1.8	3.3	3.7	1.83	3.5	4.1	1.95	3.65	4.2	1.89	3.52	3.98	2.0	1.85	1.98	1.91	2.04	1.91	1.94	1.84	-0.5	1.9	1.95	1.93	1.97	1.95	2.02	1.88	1.92	2.0	3.4	3.8	2.0	3.3	3.6	2.05	3.4	3.65	2.04	3.44	4.01	1.91	3.2	3.5	2.0	3.3	3.9	2.1	3.5	4.25	2.02	3.37	3.76	2.1	1.73	2.11	1.78	2.24	1.81	2.06	1.74	-0.5	2.0	1.85	2.04	1.87	2.1	1.9	1.99	1.82	scotland																																																																										2023-08-06 14:00:00+00:00	scotland:20230806T1400Z:hibernian:st-mirren:234	scotland:hibernian	scotland:st-mirren	sco.1:2023-24	sco.1:2023-24-rules-v1	38	71.10416666666667	8.0	1.6	1.4	-0.3	0.2	13.502580791970828	13.04637322991441	0.12998307906373785	38	71.10416666666667	2.0	1.0	2.4	-0.7	0.2	9.934653218215477	13.8234167136517	0.11456187893817951	2023-24	8.0	2.0	71.10416666666667	71.10416666666667	1.6	1.0	2023-08-06 13:59:59.999999+00:00
SC0	2023-08-12	15:00	Rangers	Livingston	4	0	H	1	0	H	D Robertson	21	6	9	2	9	9	5	4	1	1	0	0	1.3	6.0	8.0	1.29	5.5	9.75	1.3	5.75	9.0	1.28	6.16	10.41	1.22	5.5	8.5	1.29	5.75	9.0	1.3	6.2	11.0	1.28	5.75	9.66	1.5	2.63	1.5	2.66	1.52	2.66	1.49	2.55	-1.5	1.83	2.03	1.8	2.09	1.89	2.09	1.8	2.0	1.17	8.5	13.0	1.17	7.25	15.5	1.2	7.25	14.0	1.17	8.36	15.52	1.11	7.0	13.0	1.15	7.5	17.0	1.2	8.64	19.0	1.16	7.67	14.85	1.4	3.0	1.43	2.89	1.46	3.04	1.4	2.87	-2.0	1.78	2.03	1.86	2.03	1.97	2.12	1.8	2.02	scotland																																																																										2023-08-12 14:00:00+00:00	scotland:20230812T1400Z:rangers:livingston:235	scotland:rangers	scotland:livingston	sco.1:2023-24	sco.1:2023-24-rules-v1	39	6.90625	10.0	2.2	0.8	1.0	0.4	17.743935035338975	8.910160960306555	0.1361315910765322	39	7.0	5.0	0.6	1.2	-1.1	0.2	10.289101806393173	10.343520113947747	0.05062965540217302	2023-24	10.0	5.0	6.90625	7.0	2.2	0.6	2023-08-12 13:59:59.999999+00:00
SC0	2023-08-12	15:00	Ross County	St Johnstone	2	0	H	1	0	H	W Collum	19	12	8	3	11	14	6	7	2	2	0	0	2.05	3.3	3.8	2.05	3.2	3.6	2.15	3.25	3.6	2.2	3.34	3.64	1.95	3.1	3.5	2.15	3.25	3.5	2.2	3.34	3.8	2.12	3.23	3.61	2.2	1.67	2.3	1.67	2.31	1.67	2.23	1.63	-0.25	1.83	2.03	1.88	2.03	1.88	2.07	1.81	2.0	1.85	3.5	4.2	1.87	3.4	4.2	1.9	3.45	4.1	1.91	3.59	4.41	1.85	3.1	3.8	1.87	3.4	4.33	1.96	3.61	4.45	1.89	3.43	4.21	2.1	1.73	2.17	1.75	2.25	1.81	2.11	1.71	-0.5	1.85	2.0	1.91	2.0	1.91	2.05	1.87	1.94	scotland																																																																										2023-08-12 14:00:00+00:00	scotland:20230812T1400Z:ross-county:st-johnstone:236	scotland:ross-county	scotland:st-johnstone	sco.1:2023-24	sco.1:2023-24-rules-v1	39	7.104166666666667	4.0	1.8	2.4	-0.7	0.2	9.208461504595522	15.184462536901092	0.1720341176630428	39	7.0	7.0	1.2	1.4	-0.5	0.3	11.591454650891215	12.038847842046518	0.09453033024864949	2023-24	4.0	7.0	7.104166666666667	7.0	1.8	1.2	2023-08-12 13:59:59.999999+00:00
SC0	2023-08-12	15:00	St Mirren	Dundee	2	1	H	2	0	H	C Steven	15	7	2	4	8	8	4	3	2	3	0	0	2.0	3.4	3.8	2.05	3.3	3.5	2.1	3.35	3.6	2.09	3.45	3.83	1.95	3.2	3.4	2.1	3.3	3.6	2.14	3.58	3.83	2.07	3.37	3.58	2.1	1.73	2.16	1.76	2.19	1.81	2.06	1.74	-0.25	1.75	2.05	1.79	2.12	1.83	2.12	1.78	2.03	2.25	3.3	3.2	2.25	3.1	3.2	2.3	3.2	3.25	2.34	3.3	3.37	2.05	3.0	3.25	2.3	3.2	3.2	2.34	3.39	3.41	2.26	3.21	3.27	2.2	1.67	2.25	1.69	2.35	1.73	2.16	1.67	-0.25	1.95	1.9	1.99	1.91	1.99	1.98	1.92	1.89	scotland																																																																										2023-08-12 14:00:00+00:00	scotland:20230812T1400Z:st-mirren:dundee:237	scotland:st-mirren	scotland:dundee	sco.1:2023-24	sco.1:2023-24-rules-v1	39	6.0	5.0	1.4	2.4	-0.6	0.2	9.582898087630845	13.855522765715026	0.16191426458578323	1	7.0	1.0	1.0	1.0	0.0	0.0	17.0	13.0	0.058823529411764705	2023-24	5.0	1.0	6.0	7.0	1.4	1.0	2023-08-12 13:59:59.999999+00:00
SC0	2023-08-13	12:00	Aberdeen	Celtic	1	3	A	1	2	A	K Clancy	11	15	2	10	12	11	9	9	0	2	0	0	7.5	5.5	1.33	8.0	5.25	1.34	7.5	5.5	1.35	8.1	5.6	1.37	7.0	4.75	1.3	8.0	5.25	1.33	9.0	5.7	1.37	7.89	5.39	1.34	1.44	2.75	1.47	2.79	1.47	2.8	1.44	2.7	1.5	1.95	1.9	1.95	1.95	2.0	1.97	1.9	1.9	9.5	6.5	1.25	9.5	5.75	1.27	9.0	5.75	1.3	10.56	6.21	1.28	8.5	5.0	1.22	9.5	5.75	1.29	10.62	6.83	1.3	9.76	5.89	1.27	1.44	2.75	1.45	2.84	1.47	2.93	1.44	2.74	1.75	1.85	2.0	1.89	2.0	1.93	2.07	1.84	1.97	scotland																																																																										2023-08-13 11:00:00+00:00	scotland:20230813T1100Z:aberdeen:celtic:238	scotland:aberdeen	scotland:celtic	sco.1:2023-24	sco.1:2023-24-rules-v1	39	7.875	5.0	0.8	1.4	0.2	0.7	9.674742602390062	16.06703980775783	0.08965625497156415	39	7.979166666666667	7.0	2.6	2.2	1.0	0.3	17.367737823235252	7.977431611298845	0.167808916930358	2023-24	5.0	7.0	7.875	7.979166666666667	0.8	2.6	2023-08-13 10:59:59.999999+00:00
SC0	2023-08-13	15:00	Hearts	Kilmarnock	0	0	D	0	0	D	D Dickinson	8	15	1	5	12	15	6	5	3	4	0	0	1.83	3.5	4.5	1.82	3.5	4.2	1.85	3.55	4.2	1.89	3.73	4.31	1.73	3.4	4.0	1.8	3.6	4.1	1.93	3.85	4.5	1.85	3.61	4.11	1.88	1.98	1.91	1.97	1.93	2.02	1.85	1.93	-0.5	1.83	2.03	1.89	2.02	1.89	2.05	1.83	1.98	1.8	3.5	4.5	1.85	3.5	4.0	1.9	3.45	4.2	1.88	3.75	4.3	1.85	3.3	3.6	1.87	3.6	4.0	1.96	3.75	4.5	1.88	3.55	4.06	1.88	1.98	1.89	1.99	1.99	2.0	1.86	1.92	-0.5	1.85	2.0	1.88	2.02	1.92	2.07	1.87	1.94	scotland																																																																										2023-08-13 14:00:00+00:00	scotland:20230813T1400Z:hearts:kilmarnock:239	scotland:hearts	scotland:kilmarnock	sco.1:2023-24	sco.1:2023-24-rules-v1	39	8.0	9.0	1.8	1.2	0.2	0.1	13.073845631913809	13.128335009493428	0.15441722699874805	39	7.90625	12.0	1.8	0.4	0.3	0.4	11.09911847866961	12.561500849214339	0.1407064169496711	2023-24	9.0	12.0	8.0	7.90625	1.8	1.8	2023-08-13 13:59:59.999999+00:00
SC0	2023-08-13	15:00	Motherwell	Hibernian	2	1	H	0	0	D	M MacDermid	10	4	3	1	14	16	5	2	1	4	0	0	2.63	3.4	2.63	2.5	3.3	2.7	2.6	3.35	2.7	2.69	3.32	2.82	2.4	3.1	2.6	2.45	3.3	2.75	2.69	3.57	2.82	2.56	3.32	2.71	2.05	1.8	2.08	1.83	2.14	1.85	2.0	1.78	0.0	1.93	1.93	1.91	2.0	1.93	2.05	1.85	1.96	2.7	3.2	2.63	2.65	3.2	2.6	2.7	3.25	2.65	2.83	3.28	2.71	2.6	3.1	2.4	2.6	3.4	2.6	2.83	3.4	2.88	2.71	3.24	2.63	2.1	1.73	2.12	1.78	2.19	1.82	2.05	1.76	0.0	1.95	1.9	1.99	1.92	2.0	1.98	1.93	1.88	scotland																																																																										2023-08-13 14:00:00+00:00	scotland:20230813T1400Z:motherwell:hibernian:240	scotland:motherwell	scotland:hibernian	sco.1:2023-24	sco.1:2023-24-rules-v1	39	8.0	11.0	1.6	0.8	1.0	0.4	13.349884270982212	11.629863804828904	0.14525313630886594	39	7.0	5.0	1.6	1.8	-0.2	0.2	13.59302064797613	12.128850824475427	0.132323817935266	2023-24	11.0	5.0	8.0	7.0	1.6	1.6	2023-08-13 13:59:59.999999+00:00
SC0	2023-08-26	12:30	Ross County	Rangers	0	2	A	0	2	A	D Munro	8	24	2	9	10	11	4	8	3	1	0	0	7.5	5.5	1.36				7.5	5.25	1.37	8.67	5.53	1.36	8.5	4.8	1.25	9.5	5.5	1.3	9.5	5.53	1.37	8.36	5.24	1.34	1.57	2.38	1.62	2.4	1.62	2.4	1.59	2.34	1.5	1.85	2.0	1.89	2.01	1.9	2.06	1.85	1.95	9.5	6.0	1.29				8.5	6.0	1.3	10.41	6.29	1.28	8.5	5.0	1.22	10.5	5.5	1.29	11.0	6.3	1.32	9.9	5.87	1.27	1.5	2.63	1.49	2.69	1.53	2.79	1.49	2.58	1.75	1.88	1.98	1.9	1.99	1.93	2.18	1.83	1.98	scotland																																																																										2023-08-26 11:30:00+00:00	scotland:20230826T1130Z:ross-county:rangers:241	scotland:ross-county	scotland:rangers	sco.1:2023-24	sco.1:2023-24-rules-v1	40	13.895833333333334	4.0	1.6	2.2	-0.3	0.3	10.9887412310327	14.605469348373619	0.15989394315971442	40	13.895833333333334	10.0	2.4	0.8	1.2	0.4	18.335946847095524	8.381040785705363	0.14601242733101552	2023-24	4.0	10.0	13.895833333333334	13.895833333333334	1.6	2.4	2023-08-26 11:29:59.999999+00:00
SC0	2023-08-26	15:00	Celtic	St Johnstone	0	0	D	0	0	D	M MacDermid	19	5	5	2	9	12	19	1	1	3	0	0	1.05	15.0	29.0				1.05	12.0	33.0	1.05	19.42	39.84	1.02	12.0	21.0	1.06	12.0	31.0	1.07	19.42	56.0	1.04	14.52	35.46	1.29	3.75	1.27	3.82	1.3	3.82	1.28	3.58	-3.0	1.95	1.9	1.99	1.88	1.99	1.93	1.92	1.86	1.07	13.0	21.0				1.07	13.0	21.0	1.07	14.9	31.91	1.02	10.0	23.0	1.06	12.0	31.0	1.09	16.0	34.0	1.06	12.87	28.03	1.29	3.75	1.26	3.95	1.3	3.95	1.27	3.66	-2.75	1.9	1.95	1.88	1.99	1.97	1.99	1.87	1.94	scotland																																																																										2023-08-26 14:00:00+00:00	scotland:20230826T1400Z:celtic:st-johnstone:242	scotland:celtic	scotland:st-johnstone	sco.1:2023-24	sco.1:2023-24-rules-v1	40	13.125	10.0	3.2	1.8	1.0	0.2	16.937240037192478	8.5269895001536	0.17366184112483835	40	14.0	7.0	1.2	1.4	-0.6	0.3	11.665735623456449	13.304511870765333	0.07734299747616775	2023-24	10.0	7.0	13.125	14.0	3.2	1.2	2023-08-26 13:59:59.999999+00:00
SC0	2023-08-26	15:00	Hibernian	Livingston	2	3	A	0	1	A	C Napier	13	8	3	4	12	10	9	3	2	4	0	0	1.83	3.75	4.2				1.83	3.7	4.2	1.88	3.82	4.25	1.67	3.3	4.5	1.8	3.6	4.4	1.88	4.0	4.6	1.81	3.68	4.26	1.95	1.9	1.99	1.9	2.0	1.93	1.93	1.85	-0.75	2.05	1.75	2.13	1.79	2.13	1.87	2.03	1.78	1.8	3.75	4.5				1.8	3.65	4.4	1.83	3.73	4.65	1.67	3.3	4.5	1.75	3.75	4.5	1.88	3.79	4.65	1.8	3.63	4.41	2.03	1.83	2.03	1.86	2.13	1.9	1.98	1.82	-0.75	2.05	1.8	2.08	1.84	2.13	1.86	2.03	1.79	scotland																																																																										2023-08-26 14:00:00+00:00	scotland:20230826T1400Z:hibernian:livingston:243	scotland:hibernian	scotland:livingston	sco.1:2023-24	sco.1:2023-24-rules-v1	40	13.0	4.0	1.8	2.2	-0.1	0.2	11.848835075616833	11.741787038207166	0.15371948740158128	40	14.0	5.0	0.6	1.6	-1.2	0.2	9.509265114321686	12.281061911411793	0.04142426351086883	2023-24	4.0	5.0	13.0	14.0	1.8	0.6	2023-08-26 13:59:59.999999+00:00
SC0	2023-08-26	15:00	Motherwell	Kilmarnock	2	1	H	0	1	A	C Graham	13	12	7	3	15	19	1	6	6	3	0	0	2.45	3.2	3.0				2.4	3.3	3.0	2.52	3.28	3.07	2.15	3.0	3.1	2.3	3.2	3.1	2.52	3.4	3.1	2.42	3.24	2.98	2.1	1.73	2.21	1.72	2.21	1.77	2.11	1.72	-0.25	2.13	1.75	2.15	1.79	2.16	1.83	2.05	1.77	2.7	3.1	2.75				2.65	3.15	2.8	2.78	3.2	2.82	2.45	2.9	2.7	2.25	3.2	3.1	2.78	3.25	3.1	2.63	3.14	2.79	2.2	1.67	2.31	1.66	2.37	1.7	2.23	1.65	0.0	1.88	1.98	1.93	1.96	1.96	2.14	1.86	1.96	scotland																																																																										2023-08-26 14:00:00+00:00	scotland:20230826T1400Z:motherwell:kilmarnock:244	scotland:motherwell	scotland:kilmarnock	sco.1:2023-24	sco.1:2023-24-rules-v1	40	13.0	11.0	1.6	1.0	0.9	0.4	12.7408144035309	10.242615840314556	0.15520711152543576	40	13.0	10.0	1.4	0.4	0.2	0.5	11.808369664366044	11.732137058448094	0.11512343204973088	2023-24	11.0	10.0	13.0	13.0	1.6	1.4	2023-08-26 13:59:59.999999+00:00
SC0	2023-08-27	15:00	Dundee	Hearts	1	0	H	0	0	D	A Muir	12	10	4	5	16	10	3	8	1	1	0	0	2.9	3.4	2.4				2.95	3.4	2.35	2.93	3.49	2.47	3.0	3.2	2.1	2.9	3.3	2.38	3.05	3.5	2.47	2.89	3.42	2.37	1.93	1.93	1.96	1.93	2.0	1.95	1.91	1.88	0.25	1.75	2.13	1.78	2.12	1.83	2.16	1.77	2.04	2.9	3.4	2.4				2.8	3.4	2.45	2.93	3.48	2.51	2.8	3.1	2.25	2.8	3.4	2.45	2.99	3.5	2.51	2.84	3.39	2.43	1.9	1.95	1.95	1.93	1.99	1.99	1.91	1.89	0.0	2.1	1.78	2.12	1.81	2.16	1.83	2.06	1.78	scotland																																																																										2023-08-27 14:00:00+00:00	scotland:20230827T1400Z:dundee:hearts:245	scotland:dundee	scotland:hearts	sco.1:2023-24	sco.1:2023-24-rules-v1	2	15.0	1.0	1.0	1.5	-0.5	0.0	15.181818181818182	13.363636363636363	0.07410236822001527	40	14.0	9.0	1.4	0.8	0.3	0.2	12.151328244293117	13.468637735040076	0.1263413675444302	2023-24	1.0	9.0	15.0	14.0	1.0	1.4	2023-08-27 13:59:59.999999+00:00
SC0	2023-08-27	15:00	St Mirren	Aberdeen	2	2	D	0	1	A	J Beaton	13	4	6	2	9	14	4	3	2	2	0	0	2.3	3.2	3.25				2.3	3.3	3.15	2.35	3.33	3.32	2.3	3.0	2.8	2.38	3.3	2.88	2.38	3.45	3.32	2.3	3.28	3.11	2.05	1.8	2.12	1.78	2.12	1.85	2.03	1.77	-0.25	1.98	1.88	2.01	1.9	2.08	1.91	1.98	1.83	2.45	3.0	3.2				2.5	3.1	3.0	2.52	3.19	3.15	2.3	3.1	2.75	2.4	3.25	3.0	2.52	3.25	3.48	2.44	3.11	3.06	2.3	1.62	2.33	1.65	2.4	1.67	2.27	1.62	-0.25	2.1	1.78	2.14	1.79	2.16	1.88	2.06	1.77	scotland																																																																										2023-08-27 14:00:00+00:00	scotland:20230827T1400Z:st-mirren:aberdeen:246	scotland:st-mirren	scotland:aberdeen	sco.1:2023-24	sco.1:2023-24-rules-v1	40	15.0	7.0	1.4	2.2	-0.8	0.1	10.567825708061601	12.609064081039566	0.1567177316307923	40	14.125	4.0	1.0	2.0	-0.1	0.6	9.915698492864596	15.873032569983678	0.08988404332384174	2023-24	7.0	4.0	15.0	14.125	1.4	1.0	2023-08-27 13:59:59.999999+00:00
SC0	2023-09-02	15:00	Kilmarnock	Ross County	0	1	A	0	0	D	K Clancy	15	9	4	4	9	17	14	2	0	5	0	0	1.85	3.6	4.2	1.82	3.6	4.1	1.83	3.6	4.2	1.93	3.6	4.33	1.75	3.3	3.9	1.83	3.6	4.2	1.93	3.65	4.33	1.86	3.54	4.13	2.0	1.8	2.08	1.83	2.12	1.83	2.02	1.78	-0.5	1.88	1.98	1.93	1.98	1.93	2.04	1.85	1.95	1.83	3.6	4.33	1.85	3.5	4.1	1.85	3.55	4.2	1.88	3.45	4.76	1.75	3.25	4.0	1.85	3.6	4.2	1.93	3.64	4.76	1.84	3.47	4.38	2.1	1.73	2.15	1.76	2.16	1.8	2.06	1.74	-0.5	1.88	1.98	1.88	2.02	1.94	2.14	1.84	1.97	scotland																																																																										2023-09-02 14:00:00+00:00	scotland:20230902T1400Z:kilmarnock:ross-county:247	scotland:kilmarnock	scotland:ross-county	sco.1:2023-24	sco.1:2023-24-rules-v1	41	7.0	10.0	1.6	0.6	0.3	0.5	11.843211543572217	11.962657593275713	0.10934341410129496	41	7.104166666666667	4.0	1.6	2.4	-0.7	0.2	10.4453337344813	16.313565830487505	0.13082231713067544	2023-24	10.0	4.0	7.0	7.104166666666667	1.6	1.6	2023-09-02 13:59:59.999999+00:00
SC0	2023-09-02	15:00	Livingston	St Mirren	1	1	D	0	0	D	N Walsh	13	8	2	4	17	13	6	2	3	1	0	0	2.7	3.2	2.7	2.7	3.1	2.65	2.8	3.15	2.65	2.97	3.06	2.75	2.62	3.0	2.45	2.8	3.1	2.6	2.97	3.2	2.75	2.83	3.06	2.63	2.38	1.57	2.44	1.6	2.46	1.61	2.34	1.58	0.0	2.0	1.85	2.03	1.88	2.03	1.9	1.97	1.83	3.0	3.1	2.6	2.9	2.95	2.55	3.0	3.05	2.55	3.12	3.06	2.64	2.8	2.88	2.4	2.9	3.0	2.55	3.12	3.13	2.65	2.96	3.01	2.56	2.5	1.53	2.56	1.56	2.56	1.57	2.44	1.54	0.0	2.1	1.78	2.13	1.8	2.14	1.85	2.06	1.77	scotland																																																																										2023-09-02 14:00:00+00:00	scotland:20230902T1400Z:livingston:st-mirren:248	scotland:livingston	scotland:st-mirren	sco.1:2023-24	sco.1:2023-24-rules-v1	41	7.0	5.0	0.8	1.8	-0.8	0.2	9.234853275354105	12.411777927518738	0.10207439741798358	41	6.0	7.0	1.4	2.2	-1.0	0.0	11.010039215686763	11.043779702668735	0.15619562657903985	2023-24	5.0	7.0	7.0	6.0	0.8	1.4	2023-09-02 13:59:59.999999+00:00
SC0	2023-09-02	15:00	St Johnstone	Dundee	2	2	D	0	1	A	W Collum	8	12	3	4	13	11	4	6	3	0	0	0	2.7	3.25	2.7	2.6	3.2	2.65	2.7	3.25	2.65	2.72	3.34	2.77	2.5	3.0	2.6	2.7	3.1	2.7	2.72	3.35	2.77	2.66	3.23	2.67	2.2	1.67	2.18	1.74	2.2	1.74	2.13	1.69	0.0	1.93	1.93	1.93	1.97	1.96	1.98	1.9	1.9	3.1	3.25	2.4	2.87	3.1	2.45	2.95	3.2	2.45	3.25	3.21	2.45	2.88	2.9	2.3	3.0	3.2	2.4	3.25	3.3	2.45	3.03	3.16	2.41	2.2	1.67	2.23	1.71	2.35	1.73	2.17	1.68	0.25	1.83	2.03	1.84	2.08	1.87	2.11	1.79	2.03	scotland																																																																										2023-09-02 14:00:00+00:00	scotland:20230902T1400Z:st-johnstone:dundee:249	scotland:st-johnstone	scotland:dundee	sco.1:2023-24	sco.1:2023-24-rules-v1	41	7.0	5.0	1.0	1.4	-0.4	0.4	10.453783691918911	14.340055166989817	0.0632806342986827	3	6.0	4.0	1.0	1.0	0.0	0.3333333333333333	14.603305785123966	12.752066115702478	0.07578072551334583	2023-24	5.0	4.0	7.0	6.0	1.0	1.0	2023-09-02 13:59:59.999999+00:00
SC0	2023-09-03	12:00	Rangers	Celtic	0	1	A	0	1	A	D Robertson	17	7	3	5	15	15	6	2	1	1	0	0	2.4	3.75	2.7	2.35	3.5	2.75	2.4	3.6	2.75	2.43	3.78	2.84	2.25	3.25	2.7	2.38	3.6	2.63	2.43	3.78	2.84	2.38	3.61	2.74	1.62	2.3	1.62	2.4	1.62	2.43	1.59	2.32	-0.25	2.13	1.75	2.11	1.8	2.13	1.84	2.06	1.76	2.15	3.8	3.0	2.2	3.6	2.87	2.25	3.75	2.95	2.26	3.87	3.05	2.1	3.4	2.8	2.15	3.75	3.0	2.31	3.91	3.1	2.2	3.75	2.96	1.57	2.38	1.62	2.41	1.62	2.63	1.55	2.42	-0.25	1.93	1.93	1.98	1.93	2.01	2.0	1.92	1.89	scotland																																																																										2023-09-03 11:00:00+00:00	scotland:20230903T1100Z:rangers:celtic:250	scotland:rangers	scotland:celtic	sco.1:2023-24	sco.1:2023-24-rules-v1	41	7.979166666666667	10.0	2.2	0.6	1.5	0.5	19.365774693078155	8.311760642849842	0.13461622842234602	41	7.875	10.0	2.8	1.4	0.9	0.3	17.31228730315748	7.885718681943855	0.14208696092032227	2023-24	10.0	10.0	7.979166666666667	7.875	2.2	2.8	2023-09-03 10:59:59.999999+00:00
SC0	2023-09-03	15:00	Aberdeen	Hibernian	0	2	A	0	0	D	D Munro	10	15	3	7	15	11	7	5	2	4	0	0	2.3	3.4	3.1	2.25	3.4	3.0	2.3	3.4	3.05	2.34	3.47	3.19	2.2	3.0	3.0	2.25	3.3	3.1	2.34	3.47	3.3	2.27	3.36	3.1	1.98	1.88	1.95	1.93	2.05	1.93	1.94	1.85	-0.25	2.0	1.85	2.02	1.89	2.02	1.91	1.94	1.86	2.3	3.4	3.1	2.3	3.3	2.9	2.35	3.4	3.0	2.43	3.5	3.03	2.25	3.1	2.8	2.38	3.4	3.0	2.43	3.5	3.2	2.34	3.39	2.98	1.9	1.95	1.92	1.97	1.96	1.99	1.88	1.9	-0.25	2.05	1.8	2.09	1.83	2.09	1.91	2.0	1.81	scotland																																																																										2023-09-03 14:00:00+00:00	scotland:20230903T1400Z:aberdeen:hibernian:251	scotland:aberdeen	scotland:hibernian	sco.1:2023-24	sco.1:2023-24-rules-v1	41	7.0	5.0	1.2	2.0	-0.3	0.5	8.840116948707395	15.350663011804826	0.16445058090132506	41	8.0	4.0	2.0	2.2	-0.1	0.2	12.058137789141044	11.0614621221695	0.15374251766423083	2023-24	5.0	4.0	7.0	8.0	1.2	2.0	2023-09-03 13:59:59.999999+00:00
SC0	2023-09-03	15:00	Hearts	Motherwell	0	1	A	0	1	A	G Irvine	18	8	1	4	10	16	16	5	1	2	0	1	2.0	3.5	3.75	2.0	3.5	3.5	2.05	3.5	3.6	2.01	3.69	3.8	2.0	3.2	3.2	2.0	3.4	3.6	2.05	3.69	3.8	2.0	3.53	3.59	1.9	1.95	1.88	2.01	1.98	2.01	1.86	1.92	-0.5	2.0	1.85	2.02	1.89	2.05	1.89	1.98	1.83	1.75	3.75	4.75	1.73	3.7	4.5	1.75	3.75	4.5	1.75	3.93	4.86	1.67	3.4	4.33	1.75	3.75	4.5	1.8	3.93	4.86	1.75	3.76	4.55	1.85	2.0	1.88	2.02	1.9	2.04	1.84	1.95	-0.75	1.95	1.9	1.98	1.93	2.08	1.96	1.95	1.86	scotland																																																																										2023-09-03 14:00:00+00:00	scotland:20230903T1400Z:hearts:motherwell:252	scotland:hearts	scotland:motherwell	sco.1:2023-24	sco.1:2023-24-rules-v1	41	7.0	6.0	1.0	0.8	0.4	0.2	11.760177654421641	13.201612692305515	0.10337020980907925	41	8.0	11.0	1.8	1.2	0.7	0.3	12.787939057434372	10.562140232984635	0.15495966467465722	2023-24	6.0	11.0	7.0	8.0	1.0	1.8	2023-09-03 13:59:59.999999+00:00
SC0	2023-09-16	12:30	St Johnstone	Rangers	0	2	A	0	1	A	N Walsh	3	20	0	6	13	13	3	5	5	2	0	0	12.0	6.5	1.22	11.0	5.75	1.25	11.0	6.0	1.25	12.28	6.42	1.25	9.5	5.5	1.2	13.0	6.0	1.22	13.0	6.5	1.25	11.47	6.11	1.23	1.53	2.5	1.55	2.56	1.57	2.56	1.53	2.44	1.75	1.93	1.93	1.97	1.92	1.97	1.99	1.91	1.89	11.0	6.5	1.25	11.5	6.0	1.24	11.0	6.25	1.25	12.71	6.39	1.25	11.0	5.8	1.17	12.0	6.0	1.22	13.0	6.5	1.27	11.73	6.1	1.23	1.53	2.5	1.55	2.54	1.6	2.54	1.54	2.4	1.75	1.93	1.93	1.95	1.93	1.98	2.0	1.9	1.9	scotland																																																																										2023-09-16 11:30:00+00:00	scotland:20230916T1130Z:st-johnstone:rangers:253	scotland:st-johnstone	scotland:rangers	sco.1:2023-24	sco.1:2023-24-rules-v1	42	13.895833333333334	5.0	0.8	1.2	-0.2	0.4	10.007641202479109	13.914590591173486	0.09722960988074039	42	13.020833333333334	9.0	1.8	0.4	1.1	0.5	18.935633839791215	8.073258707786234	0.11014055052737401	2023-24	5.0	9.0	13.895833333333334	13.020833333333334	0.8	1.8	2023-09-16 11:29:59.999999+00:00
SC0	2023-09-16	15:00	Celtic	Dundee	3	0	H	0	0	D	G Irvine	19	4	7	1	6	7	9	1	0	0	0	0	1.11	9.0	21.0	1.13	9.0	17.5	1.12	8.75	18.0	1.13	10.55	19.28	1.07	8.0	15.0	1.12	9.0	19.0	1.14	11.0	21.0	1.12	9.16	18.29	1.33	3.4	1.36	3.23	1.37	3.5	1.34	3.16	-2.5	2.03	1.83	2.08	1.81	2.09	1.85	2.02	1.79	1.2	7.5	11.0	1.21	7.0	11.5	1.2	7.0	12.0	1.2	7.91	12.91	1.12	6.5	12.0	1.2	7.0	12.0	1.22	8.0	14.0	1.19	7.2	12.17	1.36	3.2	1.38	3.12	1.39	3.3	1.36	3.07	-2.0	1.98	1.88	1.94	1.94	2.04	1.96	1.92	1.89	scotland																																																																										2023-09-16 14:00:00+00:00	scotland:20230916T1400Z:celtic:dundee:254	scotland:celtic	scotland:dundee	sco.1:2023-24	sco.1:2023-24-rules-v1	42	13.125	13.0	2.6	0.6	0.7	0.4	15.437325975310664	9.542860739772244	0.1422269939997442	4	14.0	5.0	1.25	1.25	0.0	0.25	14.129977460555972	11.888054094665664	0.09230544208667689	2023-24	13.0	5.0	13.125	14.0	2.6	1.25	2023-09-16 13:59:59.999999+00:00
SC0	2023-09-16	15:00	Hearts	Aberdeen	2	0	H	1	0	H	K Clancy	12	11	4	5	11	12	9	3	4	2	0	0	2.1	3.5	3.4	2.1	3.5	3.2	2.1	3.55	3.3	2.15	3.65	3.45	1.91	3.5	3.2	2.1	3.5	3.4	2.15	3.65	3.45	2.1	3.53	3.32	1.8	2.0	1.81	2.09	1.81	2.14	1.76	2.05	-0.25	1.85	2.0	1.87	2.04	1.91	2.08	1.82	1.99	2.1	3.5	3.4	2.05	3.6	3.2	2.15	3.6	3.25	2.13	3.7	3.46	2.0	3.25	3.2	2.05	3.6	3.4	2.15	3.7	3.5	2.08	3.58	3.35	1.73	2.1	1.76	2.15	1.82	2.17	1.74	2.07	-0.25	1.8	2.05	1.85	2.06	1.86	2.09	1.8	2.02	scotland																																																																										2023-09-16 14:00:00+00:00	scotland:20230916T1400Z:hearts:aberdeen:255	scotland:hearts	scotland:aberdeen	sco.1:2023-24	sco.1:2023-24-rules-v1	42	13.0	5.0	0.6	0.6	0.4	0.2	12.89469080816316	12.255864930068148	0.08457562620742848	42	13.0	2.0	0.6	2.4	-0.6	0.4	9.05100477621514	15.286906100567585	0.13455047528290232	2023-24	5.0	2.0	13.0	13.0	0.6	0.6	2023-09-16 13:59:59.999999+00:00
SC0	2023-09-16	15:00	Kilmarnock	Hibernian	2	2	D	0	1	A	D Dickinson	16	11	5	4	16	8	4	4	5	4	0	0	2.55	3.3	2.75	2.45	3.3	2.7	2.55	3.3	2.75	2.65	3.27	2.91	2.4	3.1	2.6	2.55	3.25	2.75	2.65	3.45	2.91	2.54	3.29	2.75	2.0	1.85	2.09	1.8	2.09	1.86	2.0	1.79	0.0	1.85	2.0	1.86	2.05	1.89	2.05	1.83	1.98	2.55	3.2	2.8	2.55	3.1	2.8	2.6	3.15	2.8	2.72	3.21	2.86	2.3	3.0	2.8	2.55	3.25	2.75	2.72	3.3	2.95	2.56	3.16	2.84	2.2	1.67	2.31	1.67	2.37	1.72	2.23	1.64	0.0	1.88	1.98	1.9	2.0	1.93	2.1	1.83	1.99	scotland																																																																										2023-09-16 14:00:00+00:00	scotland:20230916T1400Z:kilmarnock:hibernian:256	scotland:kilmarnock	scotland:hibernian	sco.1:2023-24	sco.1:2023-24-rules-v1	42	14.0	7.0	1.0	0.8	0.5	0.5	12.41717308110454	11.423992576316492	0.08946279335560496	42	13.0	4.0	1.6	1.8	0.0	0.2	12.593021827479035	10.868469009047772	0.1500317568767949	2023-24	7.0	4.0	14.0	13.0	1.0	1.6	2023-09-16 13:59:59.999999+00:00
SC0	2023-09-16	15:00	Motherwell	St Mirren	0	1	A	0	0	D	M MacDermid	20	9	7	3	6	18	8	3	0	5	0	0	2.25	3.25	3.3	2.25	3.2	3.1	2.3	3.25	3.2	2.41	3.19	3.34	2.2	3.0	3.0	2.38	3.1	3.2	2.41	3.3	3.34	2.3	3.18	3.21	2.3	1.62	2.37	1.63	2.38	1.64	2.29	1.6	-0.25	1.98	1.88	2.05	1.87	2.05	1.9	1.97	1.84	2.75	3.25	2.63	2.7	3.0	2.65	2.75	3.15	2.7	2.84	3.17	2.78	2.45	2.9	2.7	2.75	3.1	2.7	2.84	3.32	2.9	2.72	3.1	2.72	2.3	1.62	2.41	1.62	2.41	1.64	2.32	1.59	0.0	1.98	1.88	1.97	1.93	2.01	2.02	1.92	1.89	scotland																																																																										2023-09-16 14:00:00+00:00	scotland:20230916T1400Z:motherwell:st-mirren:257	scotland:motherwell	scotland:st-mirren	sco.1:2023-24	sco.1:2023-24-rules-v1	42	13.0	13.0	1.8	1.0	0.9	0.4	11.917404683355395	11.914478372441975	0.14951245291562862	42	14.0	8.0	1.6	1.8	-0.7	0.0	10.46275935828917	11.399456120365327	0.15052369447375988	2023-24	13.0	8.0	13.0	14.0	1.8	1.6	2023-09-16 13:59:59.999999+00:00
SC0	2023-09-16	15:00	Ross County	Livingston	1	1	D	0	0	D	E Anderson	16	5	5	2	14	13	6	2	0	3	0	0	2.38	3.2	3.1	2.37	3.4	2.8	2.4	3.25	3.0	2.44	3.34	3.14	2.3	3.0	2.8	2.4	3.2	3.0	2.44	3.4	3.14	2.39	3.27	2.97	2.1	1.73	2.11	1.79	2.11	1.8	2.04	1.76	-0.25	2.05	1.8	2.09	1.83	2.12	1.85	2.03	1.79	2.2	3.2	3.5	2.2	3.2	3.3	2.2	3.2	3.4	2.25	3.24	3.64	2.15	3.0	3.1	2.15	3.2	3.5	2.4	3.32	3.64	2.2	3.2	3.42	2.3	1.62	2.33	1.65	2.37	1.73	2.23	1.64	-0.25	1.88	1.98	1.91	1.99	2.06	2.09	1.87	1.95	scotland																																																																										2023-09-16 14:00:00+00:00	scotland:20230916T1400Z:ross-county:livingston:258	scotland:ross-county	scotland:livingston	sco.1:2023-24	sco.1:2023-24-rules-v1	42	14.0	6.0	1.2	1.8	-0.5	0.3	10.182545782757428	16.074735679489777	0.12723846149075463	42	14.0	5.0	0.8	1.8	-1.0	0.1	9.919425407107903	11.609636486151695	0.09750143005527327	2023-24	6.0	5.0	14.0	14.0	1.2	0.8	2023-09-16 13:59:59.999999+00:00
SC0	2023-09-23	12:30	Livingston	Celtic	0	3	A	0	1	A	J Beaton	15	14	4	7	17	6	2	4	5	2	0	1	9.5	6.5	1.25	10.0	5.75	1.27	10.0	6.0	1.27	10.91	6.27	1.27	8.0	5.5	1.22	10.5	6.0	1.25	11.0	6.5	1.3	10.28	5.96	1.26	1.53	2.5	1.54	2.57	1.54	2.6	1.51	2.5	1.75	1.9	1.95	1.89	1.99	1.94	2.08	1.85	1.95	9.5	6.0	1.29	10.0	5.75	1.27	9.0	5.75	1.3	11.53	6.12	1.28	9.5	5.5	1.2	10.0	5.5	1.29	11.53	6.2	1.3	10.13	5.74	1.27	1.62	2.3	1.62	2.41	1.65	2.5	1.58	2.35	1.5	2.0	1.85	2.04	1.88	2.09	1.92	1.98	1.83	scotland																																																																										2023-09-23 11:30:00+00:00	scotland:20230923T1130Z:livingston:celtic:259	scotland:livingston	scotland:celtic	sco.1:2023-24	sco.1:2023-24-rules-v1	43	6.895833333333333	6.0	1.0	1.6	-0.8	0.1	9.024984423997374	12.407884397760476	0.11613753368158722	43	6.895833333333333	13.0	2.2	0.6	1.0	0.5	16.085084888890542	8.535067877995472	0.1450756745165371	2023-24	6.0	13.0	6.895833333333333	6.895833333333333	1.0	2.2	2023-09-23 11:29:59.999999+00:00
SC0	2023-09-23	15:00	Dundee	Kilmarnock	2	2	D	1	1	D	D Munro	10	23	3	3	8	12	4	7	1	3	1	0	2.55	3.3	2.8	2.45	3.25	2.75	2.5	3.3	2.8	2.56	3.29	3.01	2.4	3.0	2.7	2.5	3.2	2.88	2.6	3.35	3.01	2.51	3.24	2.84	2.1	1.73	2.19	1.74	2.19	1.79	2.11	1.71	0.0	1.78	2.1	1.81	2.13	1.87	2.13	1.79	2.04	2.4	3.3	3.0	2.45	3.25	2.75	2.45	3.25	2.95	2.46	3.3	3.15	2.4	3.0	2.7	2.45	3.25	2.9	2.6	3.3	3.15	2.44	3.22	2.94	2.2	1.67	2.19	1.73	2.21	1.74	2.14	1.7	-0.25	2.05	1.8	2.1	1.83	2.25	1.85	2.07	1.76	scotland																																																																										2023-09-23 14:00:00+00:00	scotland:20230923T1400Z:dundee:kilmarnock:260	scotland:dundee	scotland:kilmarnock	sco.1:2023-24	sco.1:2023-24-rules-v1	5	7.0	5.0	1.0	1.6	-0.6	0.2	12.288163376818522	13.181135168362816	0.07552263443455381	43	7.0	5.0	0.8	1.0	0.3	0.4	13.06859615726735	11.34690301698622	0.09592410365458587	2023-24	5.0	5.0	7.0	7.0	1.0	0.8	2023-09-23 13:59:59.999999+00:00
SC0	2023-09-23	15:00	Hibernian	St Johnstone	2	0	H	1	0	H	K Clancy	17	12	8	1	9	10	4	4	1	3	0	0	1.6	4.0	5.75	1.6	3.9	5.25	1.6	3.95	5.75	1.61	4.29	5.5	1.5	3.7	5.5	1.6	3.9	5.75	1.62	4.3	6.0	1.59	4.03	5.48	1.9	1.95	1.92	1.97	1.96	1.99	1.88	1.9	-1.0	2.03	1.83	2.08	1.84	2.08	1.86	2.02	1.8	1.55	4.2	5.75	1.6	3.9	5.25	1.57	4.0	5.75	1.61	4.2	5.85	1.5	3.7	5.5	1.57	4.0	5.75	1.61	4.3	6.0	1.57	4.04	5.68	1.9	1.95	1.93	1.96	1.93	2.0	1.88	1.91	-1.0	2.03	1.83	2.05	1.86	2.07	1.89	1.98	1.82	scotland																																																																										2023-09-23 14:00:00+00:00	scotland:20230923T1400Z:hibernian:st-johnstone:261	scotland:hibernian	scotland:st-johnstone	sco.1:2023-24	sco.1:2023-24-rules-v1	43	7.0	4.0	1.8	2.0	0.0	0.2	12.303381495210118	11.801474643766358	0.15581110686613797	43	7.104166666666667	2.0	0.4	1.6	-0.4	0.4	8.73352462021018	15.021028665505579	0.07955149899333304	2023-24	4.0	2.0	7.0	7.104166666666667	1.8	0.4	2023-09-23 13:59:59.999999+00:00
SC0	2023-09-23	15:00	St Mirren	Hearts	1	0	H	1	0	H	N Walsh	13	11	5	3	13	12	4	8	2	1	0	0	2.7	3.3	2.7	2.6	3.2	2.65	2.65	3.25	2.7	2.74	3.2	2.86	2.45	3.0	2.62	2.63	3.2	2.75	2.74	3.32	2.86	2.62	3.19	2.74	2.1	1.73	2.19	1.73	2.19	1.8	2.11	1.71	0.0	1.9	1.95	1.91	2.0	1.94	2.0	1.87	1.94	2.75	3.3	2.6	2.6	3.2	2.65	2.75	3.2	2.6	2.94	3.14	2.72	2.62	3.0	2.45	2.75	3.2	2.6	2.98	3.37	2.75	2.79	3.13	2.62	2.2	1.67	2.29	1.68	2.35	1.71	2.21	1.66	0.0	2.0	1.85	2.03	1.88	2.09	1.98	1.97	1.85	scotland																																																																										2023-09-23 14:00:00+00:00	scotland:20230923T1400Z:st-mirren:hearts:262	scotland:st-mirren	scotland:hearts	sco.1:2023-24	sco.1:2023-24-rules-v1	43	7.0	11.0	1.8	1.2	-0.4	0.1	10.196803111327501	12.963191371207994	0.14335777022600554	43	7.0	7.0	0.8	0.4	0.1	0.3	12.732019752133494	12.027525851873937	0.09950126992728996	2023-24	11.0	7.0	7.0	7.0	1.8	0.8	2023-09-23 13:59:59.999999+00:00
SC0	2023-09-24	15:00	Aberdeen	Ross County	4	0	H	2	0	H	D Robertson	13	11	6	2	9	10	5	5	0	4	0	0	1.95	3.5	4.0	1.95	3.5	3.7	1.95	3.55	3.75	2.0	3.49	4.04	1.85	3.25	3.5	1.95	3.4	3.7	2.0	3.62	4.2	1.95	3.48	3.83	1.95	1.9	1.96	1.93	1.98	1.93	1.91	1.87	-0.5	1.98	1.88	2.01	1.89	2.01	1.97	1.94	1.86	1.85	3.6	4.33	1.83	3.5	4.0	1.9	3.55	4.0	1.89	3.66	4.38	1.85	3.25	3.5	1.93	3.5	3.9	1.99	3.9	4.41	1.88	3.57	4.03	1.93	1.93	1.93	1.96	2.0	1.96	1.9	1.89	-0.5	1.85	2.0	1.89	2.02	1.93	2.07	1.86	1.95	scotland																																																																										2023-09-24 14:00:00+00:00	scotland:20230924T1400Z:aberdeen:ross-county:263	scotland:aberdeen	scotland:ross-county	sco.1:2023-24	sco.1:2023-24-rules-v1	43	8.0	2.0	0.6	1.8	-1.0	0.3	9.405367544176023	14.689286809555295	0.1100867525041928	43	8.0	7.0	1.2	1.4	0.0	0.3	11.240264731346986	14.061147374127998	0.11546783212879924	2023-24	2.0	7.0	8.0	8.0	0.6	1.2	2023-09-24 13:59:59.999999+00:00
SC0	2023-09-24	15:00	Rangers	Motherwell	1	0	H	1	0	H	A Muir	17	9	7	4	14	15	2	2	2	2	0	0	1.25	6.0	12.0	1.24	6.25	11.0	1.25	6.25	12.0	1.24	6.72	12.04	1.18	5.5	10.0	1.22	6.0	11.0	1.25	6.72	13.0	1.23	6.2	11.6	1.57	2.38	1.57	2.48	1.58	2.5	1.55	2.41	-1.75	1.9	1.95	1.93	1.95	1.93	2.0	1.87	1.93	1.22	7.0	11.0	1.21	6.75	12.0	1.22	6.5	12.0	1.21	7.32	13.42	1.18	5.5	10.0	1.2	6.5	13.0	1.25	7.32	13.5	1.21	6.63	12.25	1.44	2.75	1.46	2.79	1.5	2.88	1.45	2.7	-2.0	2.0	1.85	2.03	1.86	2.09	1.86	2.01	1.8	scotland																																																																										2023-09-24 14:00:00+00:00	scotland:20230924T1400Z:rangers:motherwell:264	scotland:rangers	scotland:motherwell	sco.1:2023-24	sco.1:2023-24-rules-v1	43	8.104166666666666	9.0	1.6	0.4	1.5	0.6	19.129154959829176	7.150848033643282	0.10829681406785147	43	8.0	10.0	1.2	0.8	0.8	0.4	13.386967468199868	11.38457321381616	0.12232837056733249	2023-24	9.0	10.0	8.104166666666666	8.0	1.6	1.2	2023-09-24 13:59:59.999999+00:00
SC0	2023-09-30	12:30	Motherwell	Celtic	1	2	A	0	0	D	W Collum	10	24	4	6	12	11	4	6	3	1	0	0	9.5	5.5	1.3	9.5	5.5	1.29	10.0	5.5	1.3	10.22	5.91	1.31	10.0	5.5	1.29	10.0	5.5	1.29	10.5	5.91	1.32	9.69	5.54	1.29	1.57	2.38	1.6	2.45	1.62	2.45	1.58	2.34	1.5	2.03	1.83	2.05	1.86	2.05	1.93	1.97	1.84	7.0	5.0	1.44	6.75	4.8	1.41	7.0	4.9	1.43	7.88	5.14	1.41	7.5	5.0	1.36	7.5	5.0	1.36	9.1	5.46	1.44	7.49	4.98	1.39	1.62	2.3	1.62	2.4	1.62	2.53	1.58	2.34	1.5	1.7	2.1	1.75	2.19	1.96	2.23	1.75	2.09	scotland																																																																										2023-09-30 11:30:00+00:00	scotland:20230930T1130Z:motherwell:celtic:265	scotland:motherwell	scotland:celtic	sco.1:2023-24	sco.1:2023-24-rules-v1	44	5.895833333333333	9.0	1.0	0.8	0.5	0.3	12.589337019436256	12.405559902213223	0.1000868486459993	44	7.0	13.0	2.0	0.2	1.1	0.5	15.705978545455896	9.710510081996294	0.15765931811093295	2023-24	9.0	13.0	5.895833333333333	7.0	1.0	2.0	2023-09-30 11:29:59.999999+00:00
SC0	2023-09-30	15:00	Hibernian	Dundee	0	0	D	0	0	D	J Beaton	23	11	9	2	7	10	14	1	1	4	0	0	1.73	3.75	4.75	1.75	3.8	4.2	1.75	3.85	4.4	1.79	4.05	4.44	1.73	3.8	4.33	1.75	3.75	4.5	1.79	4.05	4.75	1.75	3.88	4.3	1.73	2.1	1.78	2.12	1.78	2.15	1.72	2.08	-0.75	2.0	1.85	2.01	1.89	2.04	1.9	1.96	1.84	1.62	4.0	5.25	1.6	3.9	5.25	1.63	4.1	5.25	1.64	4.28	5.34	1.57	4.0	5.5	1.6	4.1	5.25	1.77	4.3	5.5	1.63	4.05	5.16	1.73	2.1	1.78	2.12	1.83	2.12	1.77	2.04	-0.75	1.8	2.05	1.81	2.11	1.91	2.16	1.79	2.03	scotland																																																																										2023-09-30 14:00:00+00:00	scotland:20230930T1400Z:hibernian:dundee:266	scotland:hibernian	scotland:dundee	sco.1:2023-24	sco.1:2023-24-rules-v1	44	7.0	7.0	1.8	1.4	0.1	0.3	13.157312132444641	11.837570163081566	0.14887218904020913	6	7.0	5.0	1.2	1.8	-0.5	0.16666666666666666	11.872133671942427	14.966383319569577	0.0981548827191804	2023-24	7.0	5.0	7.0	7.0	1.8	1.2	2023-09-30 13:59:59.999999+00:00
SC0	2023-09-30	15:00	Kilmarnock	St Mirren	1	1	D	1	1	D	C Graham	12	8	2	3	15	16	7	6	2	3	0	0	2.3	3.25	3.1	2.35	3.25	2.95	2.35	3.25	3.1	2.44	3.31	3.17	2.38	3.25	3.0	2.38	3.2	3.1	2.44	3.4	3.17	2.36	3.26	3.04	2.2	1.67	2.31	1.66	2.31	1.75	2.19	1.66	-0.25	2.05	1.8	2.08	1.84	2.09	1.85	2.01	1.79	2.2	3.3	3.25	2.15	3.1	3.4	2.25	3.25	3.3	2.28	3.25	3.54	2.2	3.2	3.25	2.25	3.25	3.3	2.34	3.41	3.69	2.21	3.23	3.38	2.3	1.62	2.38	1.63	2.38	1.63	2.31	1.6	-0.25	1.9	1.95	1.94	1.96	1.95	2.08	1.88	1.93	scotland																																																																										2023-09-30 14:00:00+00:00	scotland:20230930T1400Z:kilmarnock:st-mirren:267	scotland:kilmarnock	scotland:st-mirren	sco.1:2023-24	sco.1:2023-24-rules-v1	44	7.0	3.0	1.0	1.4	0.5	0.4	14.874305946855104	11.102011559352361	0.09429363421541215	44	7.0	11.0	1.4	0.8	-0.2	0.2	10.706475272904319	12.606247485533812	0.13127873508001853	2023-24	3.0	11.0	7.0	7.0	1.0	1.4	2023-09-30 13:59:59.999999+00:00
SC0	2023-09-30	15:00	Rangers	Aberdeen	1	3	A	0	1	A	S McLean	18	14	5	6	18	4	5	8	2	1	1	0	1.29	5.25	10.0	1.27	6.0	9.5	1.27	6.0	10.0	1.28	6.23	10.73	1.25	5.8	11.0	1.25	5.75	11.0	1.29	6.23	11.0	1.26	5.86	10.26	1.5	2.63	1.49	2.69	1.53	2.7	1.47	2.61	-1.75	1.98	1.88	2.01	1.88	2.04	1.91	1.96	1.85	1.3	5.0	9.0	1.33	5.25	8.25	1.35	5.25	8.0	1.35	5.49	9.21	1.29	5.5	9.0	1.3	5.5	9.0	1.38	5.78	9.56	1.33	5.33	8.64	1.57	2.38	1.63	2.39	1.63	2.57	1.57	2.38	-1.5	1.95	1.9	2.02	1.89	2.05	2.06	1.93	1.88	scotland																																																																										2023-09-30 14:00:00+00:00	scotland:20230930T1400Z:rangers:aberdeen:268	scotland:rangers	scotland:aberdeen	sco.1:2023-24	sco.1:2023-24-rules-v1	44	6.0	12.0	1.8	0.2	1.5	0.6	18.74203587622387	7.487057482071776	0.09930167140310842	44	6.0	4.0	1.4	1.8	-0.5	0.4	10.058937081598565	14.018507389636149	0.14601503526566822	2023-24	12.0	4.0	6.0	6.0	1.8	1.4	2023-09-30 13:59:59.999999+00:00
SC0	2023-09-30	15:00	Ross County	Hearts	0	1	A	0	0	D	D Dickinson	9	17	1	3	15	10	5	5	3	2	0	0	3.25	3.5	2.2	3.0	3.5	2.2	3.15	3.5	2.2	3.25	3.6	2.26	3.1	3.5	2.15	3.2	3.4	2.2	3.26	3.63	2.26	3.16	3.5	2.19	1.83	2.03	1.84	2.06	1.85	2.12	1.78	2.01	0.25	1.93	1.93	1.94	1.96	1.99	1.97	1.91	1.88	3.2	3.25	2.3	3.0	3.25	2.3	3.15	3.25	2.3	3.23	3.34	2.39	3.1	3.4	2.2	3.1	3.4	2.25	3.28	3.47	2.4	3.12	3.31	2.3	2.1	1.73	2.09	1.8	2.24	1.94	2.03	1.78	0.25	1.85	2.0	1.87	2.04	1.93	2.06	1.84	1.97	scotland																																																																										2023-09-30 14:00:00+00:00	scotland:20230930T1400Z:ross-county:hearts:269	scotland:ross-county	scotland:hearts	sco.1:2023-24	sco.1:2023-24-rules-v1	44	6.0	7.0	0.8	1.4	-0.6	0.2	11.196580234738443	13.868211487922906	0.09447368083265392	44	7.0	4.0	0.4	0.6	0.2	0.3	12.417107069927404	12.204339333351403	0.08141012994050996	2023-24	7.0	4.0	6.0	7.0	0.8	0.4	2023-09-30 13:59:59.999999+00:00
SC0	2023-09-30	15:00	St Johnstone	Livingston	1	1	D	1	0	H	G Grainger	12	7	2	3	14	14	5	2	2	2	1	0	2.5	3.3	2.88	2.5	3.1	2.8	2.55	3.15	2.85	2.71	3.1	2.96	2.5	3.2	2.8	2.6	3.1	2.8	2.71	3.3	2.96	2.58	3.09	2.85	2.3	1.62	2.42	1.6	2.42	1.62	2.33	1.59	0.0	1.83	2.03	1.87	2.05	1.89	2.05	1.82	1.99	2.4	3.1	3.1	2.4	3.0	3.1	2.45	3.05	3.1	2.49	3.05	3.36	2.4	3.0	3.1	2.45	3.1	3.0	2.63	3.19	3.36	2.46	3.03	3.12	2.5	1.53	2.58	1.55	2.58	1.57	2.47	1.53	-0.25	2.05	1.8	2.1	1.83	2.17	1.84	2.07	1.76	scotland																																																																										2023-09-30 14:00:00+00:00	scotland:20230930T1400Z:st-johnstone:livingston:270	scotland:st-johnstone	scotland:livingston	sco.1:2023-24	sco.1:2023-24-rules-v1	44	7.0	2.0	0.4	1.6	-0.7	0.3	9.327429234717417	15.380841635413656	0.0650875900854543	44	7.104166666666667	5.0	1.0	2.2	-0.9	0.1	10.111350892361488	12.697359961804025	0.09502161846675317	2023-24	2.0	5.0	7.0	7.104166666666667	0.4	1.0	2023-09-30 13:59:59.999999+00:00
SC0	2023-10-07	15:00	Celtic	Kilmarnock	3	1	H	2	0	H	M MacDermid	27	6	12	1	9	7	11	1	2	2	0	0	1.18	7.5	13.0	1.2	6.75	12.5	1.2	7.0	13.0	1.19	7.92	13.83	1.18	7.0	13.0	1.2	6.5	13.0	1.21	8.0	15.0	1.19	7.07	12.94	1.44	2.7	1.49	2.69	1.49	2.88	1.44	2.71	-2.0	2.0	1.85	1.99	1.9	2.05	2.02	1.94	1.86	1.18	7.5	13.0	1.22	6.5	11.5	1.22	6.75	12.0	1.22	7.27	12.76	1.2	6.5	13.0	1.2	6.5	13.0	1.23	7.97	13.8	1.21	6.76	12.35	1.44	2.7	1.52	2.59	1.52	2.8	1.48	2.61	-2.0	2.03	1.83	2.12	1.78	2.19	1.92	2.05	1.77	scotland																																																																										2023-10-07 14:00:00+00:00	scotland:20231007T1400Z:celtic:kilmarnock:271	scotland:celtic	scotland:kilmarnock	sco.1:2023-24	sco.1:2023-24-rules-v1	45	7.104166666666667	13.0	1.8	0.2	1.5	0.5	17.213982446282095	9.763144612542423	0.1441455026968239	45	7.0	3.0	1.2	1.6	0.3	0.3	14.35170486560872	10.538009457651931	0.09230085223685236	2023-24	13.0	3.0	7.104166666666667	7.0	1.8	1.2	2023-10-07 13:59:59.999999+00:00
SC0	2023-10-07	15:00	Hearts	Hibernian	2	2	D	1	0	H	W Collum	21	17	5	3	12	9	7	4	2	1	0	0	2.25	3.5	3.1	2.25	3.4	2.95	2.25	3.45	3.1	2.35	3.52	3.14	2.2	3.5	3.0	2.3	3.4	3.0	2.35	3.52	3.14	2.27	3.44	3.03	1.88	1.98	1.88	2.0	1.9	2.0	1.83	1.95	-0.25	2.0	1.85	2.03	1.88	2.03	1.88	1.95	1.84	2.4	3.5	2.88	2.4	3.3	2.75	2.4	3.4	2.85	2.52	3.5	2.9	2.4	3.4	2.75	2.45	3.4	2.8	2.52	3.56	3.12	2.42	3.38	2.86	1.85	2.0	1.86	2.04	1.99	2.04	1.87	1.91	-0.25	2.08	1.73	2.16	1.76	2.21	1.87	2.07	1.75	scotland																																																																										2023-10-07 14:00:00+00:00	scotland:20231007T1400Z:hearts:hibernian:272	scotland:hearts	scotland:hibernian	sco.1:2023-24	sco.1:2023-24-rules-v1	45	7.0	6.0	0.6	0.6	0.3	0.4	13.250360329940602	11.621732181832964	0.07730347529891991	45	7.0	8.0	1.6	1.0	0.1	0.3	14.946891744727433	11.685284678884917	0.12180451830562564	2023-24	6.0	8.0	7.0	7.0	0.6	1.6	2023-10-07 13:59:59.999999+00:00
SC0	2023-10-07	15:00	Livingston	Motherwell	2	0	H	0	0	D	D Robertson	11	3	3	2	12	15	3	5	1	3	0	1	2.8	3.2	2.63	2.7	3.2	2.55	2.8	3.25	2.55	2.88	3.14	2.77	2.75	3.25	2.5	2.7	3.25	2.6	2.88	3.25	2.77	2.77	3.16	2.6	2.2	1.65	2.32	1.66	2.32	1.7	2.21	1.65	0.0	1.98	1.88	1.99	1.91	2.0	1.91	1.95	1.84	3.1	3.2	2.4	2.87	3.1	2.45	3.05	3.2	2.45	3.19	3.16	2.51	2.9	3.2	2.4	2.9	3.2	2.45	3.19	3.25	2.64	2.96	3.15	2.47	2.2	1.65	2.28	1.68	2.35	1.7	2.2	1.65	0.25	1.78	2.03	1.81	2.13	1.81	2.23	1.73	2.1	scotland																																																																										2023-10-07 14:00:00+00:00	scotland:20231007T1400Z:livingston:motherwell:273	scotland:livingston	scotland:motherwell	sco.1:2023-24	sco.1:2023-24-rules-v1	45	7.0	6.0	1.2	1.6	-0.7	0.1	9.545650730113945	12.57056724147602	0.1037189865377331	45	7.104166666666667	6.0	0.8	1.0	0.2	0.2	12.118548470447845	14.513639919992636	0.10007105798309034	2023-24	6.0	6.0	7.0	7.104166666666667	1.2	0.8	2023-10-07 13:59:59.999999+00:00
SC0	2023-10-08	12:00	St Mirren	Rangers	0	3	A	0	1	A	N Walsh	3	13	0	8	8	16	3	10	1	2	1	0	6.0	4.5	1.5	6.0	4.4	1.47	5.75	4.5	1.53	6.31	4.62	1.52	6.0	4.5	1.44	6.0	4.5	1.45	6.31	4.62	1.53	5.92	4.43	1.49	1.65	2.2	1.68	2.28	1.68	2.3	1.62	2.23	1.0	2.03	1.83	2.08	1.84	2.08	1.84	2.0	1.79	5.75	4.0	1.57	5.25	4.0	1.58	5.5	4.0	1.6	5.67	4.11	1.64	5.8	4.0	1.53	5.75	4.0	1.57	5.8	4.3	1.65	5.44	4.02	1.59	1.85	2.0	1.88	2.02	1.99	2.22	1.82	1.97	1.0	1.83	2.03	1.83	2.1	1.94	2.12	1.8	2.02	scotland																																																																										2023-10-08 11:00:00+00:00	scotland:20231008T1100Z:st-mirren:rangers:274	scotland:st-mirren	scotland:rangers	sco.1:2023-24	sco.1:2023-24-rules-v1	45	7.875	9.0	1.2	0.8	-0.2	0.2	10.214388859648988	12.496020669982208	0.13013714688365152	45	7.875	9.0	1.2	0.8	1.0	0.5	18.607120262364983	8.671228848967816	0.09134783215809879	2023-24	9.0	9.0	7.875	7.875	1.2	1.2	2023-10-08 10:59:59.999999+00:00
SC0	2023-10-08	15:00	Aberdeen	St Johnstone	0	0	D	0	0	D	D Munro	10	9	3	0	11	11	5	3	0	2	0	0	1.57	4.0	6.0	1.58	3.8	5.5	1.6	3.95	5.75	1.62	4.1	5.86	1.57	3.9	5.5	1.57	3.8	5.75	1.63	4.1	6.0	1.59	3.87	5.6	1.95	1.9	1.94	1.94	2.0	1.94	1.92	1.85	-1.0	2.05	1.8	2.09	1.83	2.09	1.84	2.03	1.78	1.45	4.33	7.5	1.46	4.2	6.75	1.47	4.3	7.0	1.49	4.47	7.41	1.44	4.2	7.0	1.45	4.33	7.0	1.59	4.47	7.5	1.47	4.24	6.78	1.9	1.95	1.92	1.97	1.99	1.97	1.89	1.88	-1.0	1.78	2.1	1.82	2.1	1.98	2.13	1.8	2.01	scotland																																																																										2023-10-08 14:00:00+00:00	scotland:20231008T1400Z:aberdeen:st-johnstone:275	scotland:aberdeen	scotland:st-johnstone	sco.1:2023-24	sco.1:2023-24-rules-v1	45	8.0	7.0	1.8	1.4	-0.3	0.3	10.77549397585337	14.74241513697503	0.1584278859965857	45	8.0	3.0	0.6	1.4	-0.5	0.3	9.813351192041523	13.857052247156627	0.06840499794870503	2023-24	7.0	3.0	8.0	8.0	1.8	0.6	2023-10-08 13:59:59.999999+00:00
SC0	2023-10-21	15:00	Kilmarnock	Livingston	3	1	H	2	1	H	C Napier	13	8	5	1	9	10	5	4	2	1	0	0	1.95	3.4	4.0	1.93	3.3	3.9	1.95	3.4	4.0	1.93	3.54	4.38	1.91	3.4	4.0	1.9	3.4	4.2	1.95	3.6	4.38	1.92	3.45	4.03	2.15	1.67	2.23	1.71	2.23	1.71	2.16	1.67	-0.5	1.9	1.95	1.93	1.98	1.96	1.98	1.9	1.9	1.91	3.4	4.2	1.9	3.3	4.0	1.95	3.4	4.1	1.97	3.44	4.35	1.91	3.4	4.0	1.9	3.4	4.1	1.97	3.5	4.65	1.92	3.4	4.15	2.2	1.65	2.3	1.67	2.3	1.7	2.19	1.66	-0.5	1.93	1.93	1.97	1.93	1.98	1.95	1.91	1.9	scotland																																																																										2023-10-21 14:00:00+00:00	scotland:20231021T1400Z:kilmarnock:livingston:276	scotland:kilmarnock	scotland:livingston	sco.1:2023-24	sco.1:2023-24-rules-v1	46	14.0	3.0	1.2	1.8	0.2	0.3	12.833213071861678	13.53109864716976	0.1058219094059095	46	14.0	6.0	1.0	1.2	-0.6	0.2	9.810077870093227	10.830464106662196	0.1179188402250874	2023-24	3.0	6.0	14.0	14.0	1.2	1.0	2023-10-21 13:59:59.999999+00:00
SC0	2023-10-21	15:00	Rangers	Hibernian	4	0	H	2	0	H	D Robertson	23	7	8	1	12	5	5	4	1	2	0	0	1.36	5.25	8.0	1.39	4.8	7.0	1.37	5.25	7.5	1.36	5.38	8.91	1.35	4.8	8.0	1.36	5.0	8.0	1.39	5.38	8.91	1.36	5.03	7.89	1.57	2.35	1.59	2.46	1.6	2.46	1.57	2.35	-1.5	2.03	1.83	2.05	1.86	2.12	1.86	2.01	1.8	1.44	5.0	7.0	1.38	5.0	7.25	1.4	5.0	7.0	1.4	5.18	7.87	1.36	5.0	7.5	1.36	5.25	7.5	1.44	5.25	8.0	1.38	5.01	7.43	1.53	2.4	1.57	2.51	1.62	2.51	1.54	2.44	-1.25	1.88	1.98	1.88	2.02	1.91	2.08	1.82	2.0	scotland																																																																										2023-10-21 14:00:00+00:00	scotland:20231021T1400Z:rangers:hibernian:277	scotland:rangers	scotland:hibernian	sco.1:2023-24	sco.1:2023-24-rules-v1	46	13.125	9.0	1.4	0.8	1.1	0.6	17.587643851025895	7.640096330973668	0.11669717736012278	46	14.0	9.0	1.6	0.8	0.3	0.3	15.320184154776989	13.378869282724024	0.12104861658160813	2023-24	9.0	9.0	13.125	14.0	1.4	1.6	2023-10-21 13:59:59.999999+00:00
SC0	2023-10-22	14:15	Hearts	Celtic	1	4	A	0	2	A	N Walsh	13	19	6	7	16	11	3	5	2	1	0	0	6.5	4.75	1.45	6.0	4.6	1.47	6.0	4.7	1.47	6.55	4.85	1.49	6.5	4.6	1.44	6.0	4.5	1.45	6.55	5.0	1.49	6.1	4.67	1.46	1.57	2.35	1.59	2.47	1.59	2.55	1.55	2.39	1.25	1.83	2.03	1.85	2.06	1.85	2.06	1.81	2.0	5.5	4.75	1.5	5.75	4.6	1.49	5.75	4.7	1.5	6.56	4.9	1.48	6.5	4.6	1.44	6.0	4.8	1.45	6.56	5.0	1.52	6.03	4.72	1.47	1.5	2.5	1.53	2.62	1.55	2.69	1.51	2.53	1.25	1.8	2.05	1.85	2.06	1.89	2.11	1.81	2.01	scotland																																																																										2023-10-22 13:15:00+00:00	scotland:20231022T1315Z:hearts:celtic:278	scotland:hearts	scotland:celtic	sco.1:2023-24	sco.1:2023-24-rules-v1	46	14.96875	7.0	1.0	0.8	0.2	0.4	14.659385724496856	12.599599057863333	0.08056431528786087	46	14.96875	15.0	2.4	0.4	1.7	0.5	18.993258365139894	9.078936501171071	0.13813924968123975	2023-24	7.0	15.0	14.96875	14.96875	1.0	2.4	2023-10-22 13:14:59.999999+00:00
SC0	2023-10-24	19:45	Dundee	Ross County	0	0	D	0	0	D	C Steven	15	6	9	4	7	13	7	4	1	6	0	0	2.0	3.5	3.6	1.98	3.4	3.6	2.05	3.45	3.55	2.04	3.56	3.88	1.95	3.5	3.7	2.0	3.5	3.6	2.08	3.6	3.88	2.0	3.48	3.65	1.93	1.93	1.98	1.91	2.03	1.97	1.91	1.87	-0.5	2.0	1.85	2.04	1.87	2.05	1.89	1.99	1.83	2.15	3.4	3.3	2.15	3.4	3.2	2.15	3.45	3.25	2.22	3.47	3.47	2.1	3.4	3.3	2.15	3.4	3.3	2.22	3.5	3.61	2.15	3.42	3.33	1.98	1.88	2.0	1.88	2.01	1.91	1.94	1.85	-0.25	1.9	1.95	1.91	2.0	1.96	2.06	1.86	1.96	scotland																																																																										2023-10-24 18:45:00+00:00	scotland:20231024T1845Z:dundee:ross-county:279	scotland:dundee	scotland:ross-county	sco.1:2023-24	sco.1:2023-24-rules-v1	7	24.197916666666668	6.0	1.0	1.4	-0.42857142857142855	0.2857142857142857	11.71356391340744	16.427040897829652	0.08030854040660214	45	24.197916666666668	4.0	0.4	1.6	-0.9	0.2	10.797202010240543	14.437627581027833	0.07729664795398956	2023-24	6.0	4.0	24.197916666666668	24.197916666666668	1.0	0.4	2023-10-24 18:44:59.999999+00:00
SC0	2023-10-28	15:00	Hibernian	Celtic	0	0	D	0	0	D	A Muir	6	21	1	4	4	12	3	6	0	2	0	0	6.0	5.0	1.45	6.0	4.6	1.46	6.0	4.8	1.47	6.55	4.82	1.49	6.5	4.5	1.44	6.5	4.5	1.45	6.55	5.0	1.51	6.08	4.69	1.47	1.53	2.4	1.56	2.53	1.57	2.53	1.54	2.42	1.25	1.85	2.0	1.87	2.05	1.88	2.07	1.81	2.0	5.75	4.75	1.5	5.5	4.5	1.5	5.75	4.7	1.5	6.65	4.9	1.48	6.0	4.6	1.44	6.5	4.75	1.45	6.75	4.9	1.53	6.04	4.69	1.48	1.48	2.6	1.51	2.66	1.55	2.75	1.49	2.55	1.25	1.83	2.03	1.86	2.05	1.89	2.06	1.82	1.99	scotland																																																																										2023-10-28 14:00:00+00:00	scotland:20231028T1400Z:hibernian:celtic:280	scotland:hibernian	scotland:celtic	sco.1:2023-24	sco.1:2023-24-rules-v1	47	7.0	6.0	1.2	1.6	-0.3	0.3	13.80742339936299	15.1281657767742	0.09903977720313392	47	6.03125	15.0	3.0	0.6	2.2	0.5	18.99448411693264	9.791857137321784	0.15130053442819136	2023-24	6.0	15.0	7.0	6.03125	1.2	3.0	2023-10-28 13:59:59.999999+00:00
SC0	2023-10-28	15:00	Livingston	Dundee	0	2	A	0	0	D	W Collum	4	18	0	7	13	15	1	5	0	0	1	0	2.45	3.3	2.9	2.45	3.2	2.85	2.45	3.25	2.95	2.52	3.25	3.1	2.4	3.2	2.9	2.45	3.1	3.0	2.52	3.3	3.1	2.46	3.21	2.94	2.15	1.67	2.26	1.69	2.26	1.69	2.2	1.65	-0.25	2.08	1.73	2.14	1.79	2.17	1.81	2.08	1.75	2.55	3.25	2.8	2.45	3.2	2.85	2.5	3.2	2.9	2.62	3.19	3.01	2.5	3.2	2.8	2.5	3.25	2.88	2.62	3.38	3.01	2.52	3.19	2.89	2.25	1.62	2.35	1.65	2.37	1.69	2.25	1.62	0.0	1.83	2.03	1.82	2.1	1.84	2.1	1.78	2.04	scotland																																																																										2023-10-28 14:00:00+00:00	scotland:20231028T1400Z:livingston:dundee:281	scotland:livingston	scotland:dundee	sco.1:2023-24	sco.1:2023-24-rules-v1	47	7.0	5.0	1.0	1.6	-0.8	0.2	9.48097280280355	11.22492517817816	0.11920632382052604	8	3.8020833333333335	4.0	0.8	1.4	-0.375	0.375	12.31109774733336	14.531215280042442	0.06570698760540175	2023-24	5.0	4.0	7.0	3.8020833333333335	1.0	0.8	2023-10-28 13:59:59.999999+00:00
SC0	2023-10-28	15:00	Motherwell	Ross County	3	3	D	0	0	D	G Grainger	13	13	3	6	10	9	6	4	2	2	0	0	1.91	3.75	3.8	1.9	3.5	3.8	1.95	3.55	3.8	1.93	3.68	4.17	1.91	3.5	3.8	1.93	3.4	4.1	1.95	3.75	4.17	1.92	3.57	3.88	2.0	1.85	2.01	1.88	2.08	1.88	1.97	1.81	-0.5	1.9	1.95	1.93	1.97	1.96	1.98	1.92	1.9	1.85	3.75	4.0	1.87	3.5	4.0	1.9	3.6	3.95	1.91	3.65	4.33	1.91	3.5	4.0	1.9	3.5	4.1	1.93	3.85	4.4	1.88	3.57	4.06	2.03	1.83	2.08	1.81	2.13	1.85	2.0	1.78	-0.5	1.9	1.95	1.91	2.0	1.95	2.0	1.87	1.93	scotland																																																																										2023-10-28 14:00:00+00:00	scotland:20231028T1400Z:motherwell:ross-county:282	scotland:motherwell	scotland:ross-county	sco.1:2023-24	sco.1:2023-24-rules-v1	46	21.0	3.0	0.4	1.2	-0.1	0.1	10.460630566730053	13.874796298175793	0.08187632016798299	46	3.8020833333333335	5.0	0.4	1.2	-0.8	0.3	9.924983462924079	14.539877111750044	0.06324271196235509	2023-24	3.0	5.0	21.0	3.8020833333333335	0.4	0.4	2023-10-28 13:59:59.999999+00:00
SC0	2023-10-28	15:00	St Mirren	St Johnstone	4	0	H	1	0	H	D Dickinson	9	14	5	3	9	5	4	8	2	0	0	0	1.57	3.8	7.0	1.55	3.8	6.0	1.6	3.85	6.0	1.57	4.15	6.5	1.53	3.8	6.5	1.55	3.8	6.5	1.6	4.15	7.0	1.57	3.88	6.15	2.1	1.7	2.16	1.75	2.17	1.77	2.09	1.72	-1.0	2.0	1.85	2.0	1.91	2.06	1.91	1.99	1.82	1.73	3.4	5.5	1.75	3.4	5.0	1.77	3.35	5.25	1.78	3.56	5.35	1.73	3.4	5.0	1.75	3.4	5.25	1.85	3.56	5.63	1.76	3.42	5.06	2.35	1.57	2.39	1.62	2.47	1.62	2.32	1.59	-0.75	2.0	1.85	2.04	1.88	2.05	1.9	1.99	1.82	scotland																																																																										2023-10-28 14:00:00+00:00	scotland:20231028T1400Z:st-mirren:st-johnstone:283	scotland:st-mirren	scotland:st-johnstone	sco.1:2023-24	sco.1:2023-24-rules-v1	46	20.125	8.0	0.8	1.0	-0.5	0.2	8.902681794258262	12.587653275439987	0.10647584745026033	46	20.0	3.0	0.6	1.4	-0.6	0.3	9.665469157124882	13.155770020400876	0.055967725594395015	2023-24	8.0	3.0	20.125	20.0	0.8	0.6	2023-10-28 13:59:59.999999+00:00
SC0	2023-10-29	12:00	Kilmarnock	Aberdeen	2	0	H	1	0	H	K Clancy	19	5	8	1	12	14	9	3	1	3	0	0	2.55	3.2	2.88	2.45	3.2	2.8	2.5	3.2	2.9	2.56	3.32	2.98	2.45	3.25	2.8	2.45	3.1	2.88	2.56	3.32	2.98	2.48	3.23	2.87	2.1	1.7	2.18	1.74	2.21	1.75	2.12	1.7	0.0	1.78	2.1	1.81	2.12	1.83	2.12	1.78	2.05	2.5	3.2	2.9	2.5	3.2	2.8	2.5	3.25	2.9	2.55	3.28	3.02	2.45	3.25	2.8	2.45	3.25	2.9	2.57	3.35	3.07	2.47	3.23	2.92	2.1	1.7	2.22	1.72	2.24	1.75	2.13	1.7	-0.25	2.08	1.73	2.17	1.76	2.21	1.81	2.08	1.75	scotland																																																																										2023-10-29 12:00:00+00:00	scotland:20231029T1200Z:kilmarnock:aberdeen:284	scotland:kilmarnock	scotland:aberdeen	sco.1:2023-24	sco.1:2023-24-rules-v1	47	7.916666666666667	6.0	1.8	1.8	0.1	0.2	12.863537967886826	12.525444347684349	0.12853960419924065	46	20.916666666666668	7.0	1.4	1.0	-0.2	0.4	10.634495071152758	13.698339657525024	0.1296228158153883	2023-24	6.0	7.0	7.916666666666667	20.916666666666668	1.8	1.4	2023-10-29 11:59:59.999999+00:00
SC0	2023-10-29	15:00	Rangers	Hearts	2	1	H	0	1	A	J Beaton	28	5	5	1	6	13	11	2	1	5	0	0	1.3	6.0	8.5	1.31	5.5	8.25	1.33	5.5	8.75	1.31	5.92	10.1	1.3	5.5	8.5	1.29	5.5	9.0	1.34	6.0	10.1	1.3	5.51	8.95	1.53	2.4	1.56	2.56	1.56	2.56	1.52	2.47	-1.5	1.88	1.98	1.88	2.02	1.96	2.02	1.87	1.94	1.25	6.5	9.5	1.26	5.75	10.0	1.3	5.75	9.5	1.26	6.15	12.25	1.25	5.5	11.0	1.25	5.75	10.5	1.3	6.83	12.25	1.26	5.86	10.24	1.53	2.4	1.57	2.48	1.61	2.57	1.54	2.44	-1.5	1.83	2.03	1.79	2.1	1.86	2.1	1.8	2.01	scotland																																																																										2023-10-29 15:00:00+00:00	scotland:20231029T1500Z:rangers:hearts:285	scotland:rangers	scotland:hearts	sco.1:2023-24	sco.1:2023-24-rules-v1	47	8.041666666666666	12.0	2.2	0.6	1.5	0.7	18.57170860538482	7.523715179887546	0.12710006210887514	47	7.072916666666667	7.0	1.2	1.4	-0.1	0.4	14.35767922913379	13.76330832007	0.07990227194880924	2023-24	12.0	7.0	8.041666666666666	7.072916666666667	2.2	1.2	2023-10-29 14:59:59.999999+00:00
SC0	2023-10-31	19:45	Hibernian	Ross County	2	2	D	1	0	H	G Irvine	7	8	2	3	12	16	5	5	1	2	0	0	1.57	4.33	5.5	1.55	4.1	5.5	1.55	4.2	5.75	1.58	4.19	6.25	1.53	4.2	5.8	1.55	4.2	5.75	1.58	4.33	6.25	1.55	4.14	5.77	1.75	2.05	1.88	2.02	1.88	2.07	1.8	1.98	-1.0	1.98	1.88	1.99	1.92	2.0	1.92	1.93	1.87	1.73	4.0	4.5	1.7	3.8	4.5	1.73	3.9	4.5	1.75	3.92	4.95	1.7	3.8	4.5	1.7	3.9	4.6	1.76	4.19	5.5	1.71	3.87	4.68	1.75	2.05	1.83	2.05	1.87	2.12	1.78	2.01	-0.75	1.93	1.93	1.96	1.94	1.96	2.12	1.89	1.91	scotland																																																																										2023-10-31 19:45:00+00:00	scotland:20231031T1945Z:hibernian:ross-county:286	scotland:hibernian	scotland:ross-county	sco.1:2023-24	sco.1:2023-24-rules-v1	48	3.2395833333333335	6.0	0.8	1.2	-0.3	0.4	12.387891872206083	16.195771999178888	0.0810325449843823	47	3.2395833333333335	3.0	0.8	1.8	-0.8	0.3	10.484077378756064	14.259899455068217	0.09370207901815067	2023-24	6.0	3.0	3.2395833333333335	3.2395833333333335	0.8	0.8	2023-10-31 19:44:59.999999+00:00
SC0	2023-11-01	19:45	Celtic	St Mirren	2	1	H	1	1	D	J Beaton	23	6	8	2	9	12	12	2	2	2	0	0	1.2	7.0	13.0	1.2	6.75	12.5	1.2	6.75	13.0	1.21	7.58	13.12	1.18	6.5	15.0	1.2	6.5	13.0	1.23	7.58	15.0	1.2	6.72	12.76	1.5	2.5	1.51	2.63	1.52	2.65	1.49	2.53	-2.0	2.0	1.8	2.05	1.85	2.08	1.89	2.01	1.79	1.2	7.0	13.0	1.21	6.5	12.0	1.22	6.5	12.0	1.21	7.34	13.91	1.17	6.5	13.0	1.2	6.5	13.0	1.23	7.34	15.0	1.2	6.65	13.03	1.5	2.5	1.51	2.64	1.52	2.69	1.49	2.57	-2.0	2.08	1.73	2.07	1.83	2.15	1.88	2.04	1.78	scotland																																																																										2023-11-01 19:45:00+00:00	scotland:20231101T1945Z:celtic:st-mirren:287	scotland:celtic	scotland:st-mirren	sco.1:2023-24	sco.1:2023-24-rules-v1	48	4.239583333333333	13.0	2.4	0.6	1.7	0.5	19.35912336839943	9.10242856689964	0.12379134635033838	47	4.239583333333333	10.0	1.4	0.8	0.2	0.3	8.920376013484033	12.844443588996352	0.1679246832673847	2023-24	13.0	10.0	4.239583333333333	4.239583333333333	2.4	1.4	2023-11-01 19:44:59.999999+00:00
SC0	2023-11-01	19:45	Dundee	Rangers	0	5	A	0	1	A	K Clancy	9	32	4	11	13	3	6	7	4	1	0	0	8.0	4.75	1.4	6.75	4.8	1.4	7.0	4.9	1.4	7.93	5.08	1.41	7.5	5.0	1.36	7.5	4.8	1.4	8.0	5.08	1.42	7.37	4.85	1.4	1.57	2.35	1.61	2.43	1.61	2.45	1.56	2.37	1.25	1.95	1.9	2.01	1.89	2.02	1.9	1.93	1.85	7.0	4.5	1.45	6.5	4.4	1.44	7.0	4.6	1.43	7.94	4.71	1.44	7.0	4.4	1.4	7.0	4.5	1.44	8.0	4.81	1.46	7.15	4.55	1.43	1.73	2.08	1.76	2.15	1.82	2.22	1.71	2.1	1.25	1.85	2.0	1.88	2.03	1.94	2.03	1.84	1.96	scotland																																																																										2023-11-01 19:45:00+00:00	scotland:20231101T1945Z:dundee:rangers:288	scotland:dundee	scotland:rangers	sco.1:2023-24	sco.1:2023-24-rules-v1	9	4.239583333333333	6.0	0.8	1.0	-0.1111111111111111	0.4444444444444444	13.345443611454566	12.61644886548927	0.07396228278825799	48	3.1979166666666665	12.0	2.2	0.8	1.3	0.6	20.28594340440576	7.0648578744534465	0.11697797289427446	2023-24	6.0	12.0	4.239583333333333	3.1979166666666665	0.8	2.2	2023-11-01 19:44:59.999999+00:00
SC0	2023-11-01	19:45	Hearts	Livingston	1	0	H	0	0	D	C Graham	25	3	10	0	9	12	12	1	2	4	0	0	1.62	4.0	5.25	1.65	3.7	5.25	1.65	3.85	5.25	1.65	3.92	5.86	1.62	3.75	5.5	1.62	3.8	5.5	1.7	4.0	5.86	1.64	3.8	5.33	2.03	1.83	2.07	1.83	2.07	1.83	2.01	1.78	-0.75	1.83	2.03	1.84	2.08	1.85	2.08	1.81	1.98	1.45	4.5	6.5	1.47	4.2	6.5	1.5	4.2	6.25	1.48	4.5	7.55	1.44	4.2	6.5	1.45	4.2	7.0	1.62	4.5	7.55	1.48	4.28	6.63	1.85	2.0	1.9	1.99	1.99	2.05	1.86	1.92	-1.0	1.75	2.05	1.79	2.13	2.05	2.16	1.79	2.03	scotland																																																																										2023-11-01 19:45:00+00:00	scotland:20231101T1945Z:hearts:livingston:289	scotland:hearts	scotland:livingston	sco.1:2023-24	sco.1:2023-24-rules-v1	48	3.1979166666666665	4.0	1.0	1.8	-0.2	0.4	12.65628300565492	16.351797716420908	0.1017382225035712	48	4.239583333333333	4.0	0.8	1.8	-0.8	0.2	8.484432293202904	12.456756963963949	0.09753244676224856	2023-24	4.0	4.0	3.1979166666666665	4.239583333333333	1.0	0.8	2023-11-01 19:44:59.999999+00:00
SC0	2023-11-01	19:45	Motherwell	Aberdeen	2	4	A	0	2	A	C Steven	9	15	2	6	14	6	1	4	6	1	0	0	2.45	3.4	2.88	2.45	3.3	2.75	2.45	3.35	2.8	2.55	3.42	2.92	2.45	3.4	2.7	2.5	3.3	2.8	2.6	3.42	2.92	2.49	3.35	2.79	1.95	1.9	1.96	1.93	1.96	1.93	1.91	1.87	0.0	1.75	2.05	1.83	2.09	1.87	2.09	1.79	2.01	2.45	3.25	2.9	2.5	3.2	2.8	2.45	3.3	2.9	2.65	3.15	3.01	2.4	3.2	2.8	2.5	3.25	2.88	2.65	3.36	3.01	2.5	3.22	2.88	2.15	1.67	2.22	1.71	2.24	1.85	2.1	1.72	0.0	1.8	2.05	1.83	2.09	1.85	2.09	1.78	2.04	scotland																																																																										2023-11-01 19:45:00+00:00	scotland:20231101T1945Z:motherwell:aberdeen:290	scotland:motherwell	scotland:aberdeen	sco.1:2023-24	sco.1:2023-24-rules-v1	47	4.239583333333333	1.0	0.8	1.8	-0.1	0.1	10.922334100051861	13.715742425780194	0.10894775845911894	47	3.3229166666666665	7.0	1.4	1.0	-0.7	0.3	9.610041421852255	14.662277901611382	0.10605503112168131	2023-24	1.0	7.0	4.239583333333333	3.3229166666666665	0.8	1.4	2023-11-01 19:44:59.999999+00:00
SC0	2023-11-01	19:45	St Johnstone	Kilmarnock	2	1	H	2	0	H	C Scott	15	23	4	5	13	9	5	12	2	2	1	0	3.5	3.2	2.2	3.2	3.2	2.2	3.35	3.25	2.25	3.39	3.3	2.33	3.3	3.3	2.15	3.3	3.2	2.25	3.5	3.35	2.33	3.31	3.22	2.24	2.2	1.65	2.26	1.69	2.26	1.75	2.16	1.67	0.25	1.9	1.95	1.92	1.99	1.94	1.99	1.88	1.9	3.75	3.1	2.15	3.5	3.1	2.15	3.55	3.15	2.2	3.69	3.26	2.22	3.4	3.2	2.1	3.5	3.25	2.15	3.83	3.32	2.22	3.57	3.18	2.16	2.3	1.6	2.38	1.63	2.42	1.66	2.28	1.61	0.25	2.0	1.85	2.02	1.88	2.04	1.88	1.97	1.84	scotland																																																																										2023-11-01 19:45:00+00:00	scotland:20231101T1945Z:st-johnstone:kilmarnock:291	scotland:st-johnstone	scotland:kilmarnock	sco.1:2023-24	sco.1:2023-24-rules-v1	47	4.239583333333333	2.0	0.2	1.8	-1.0	0.3	10.453565674011266	12.40017547123708	0.04579177548632319	48	3.3229166666666665	8.0	1.8	1.4	0.1	0.3	13.979258337361948	11.157181739014465	0.12430752305296723	2023-24	2.0	8.0	4.239583333333333	3.3229166666666665	0.2	1.8	2023-11-01 19:44:59.999999+00:00
SC0	2023-11-04	12:30	Ross County	Celtic	0	3	A	0	1	A	D Munro	3	39	0	16	9	10	2	13	0	1	1	0	15.0	6.5	1.2	11.0	6.5	1.23	12.0	6.5	1.25	13.53	7.01	1.22	12.0	6.5	1.18	11.5	6.5	1.22	16.0	7.01	1.25	12.56	6.4	1.21	1.44	2.7	1.47	2.74	1.49	2.74	1.46	2.64	1.75	2.03	1.83	2.02	1.87	2.06	1.88	1.99	1.82	8.0	5.5	1.33	8.25	5.25	1.33	8.25	5.5	1.33	9.76	5.66	1.33	8.5	5.5	1.29	9.0	5.5	1.3	11.88	6.53	1.35	9.0	5.37	1.31	1.57	2.35	1.59	2.47	1.59	2.75	1.54	2.42	1.5	1.88	1.98	1.91	1.99	2.29	2.02	1.9	1.91	scotland																																																																										2023-11-04 12:30:00+00:00	scotland:20231104T1230Z:ross-county:celtic:292	scotland:ross-county	scotland:celtic	sco.1:2023-24	sco.1:2023-24-rules-v1	48	3.6979166666666665	3.0	1.0	2.0	-0.6	0.3	10.032426946254962	12.939917735964904	0.12211988283303236	49	2.6979166666666665	13.0	2.2	0.8	1.6	0.5	20.02110093778135	8.53835064564516	0.11709410551193691	2023-24	3.0	13.0	3.6979166666666665	2.6979166666666665	1.0	2.2	2023-11-04 12:29:59.999999+00:00
SC0	2023-11-04	15:00	Kilmarnock	Motherwell	1	0	H	0	0	D	M MacDermid	20	11	8	1	9	12	9	3	2	1	0	0	2.2	3.6	3.2	2.05	3.3	3.2	2.2	3.4	3.25	2.18	3.54	3.48	2.1	3.3	3.25	2.15	3.3	3.4	2.22	3.6	3.48	2.16	3.39	3.3	2.08	1.73	2.15	1.76	2.19	1.79	2.09	1.72	-0.25	1.85	2.0	1.88	2.02	1.9	2.02	1.85	1.95	1.95	3.5	4.0	1.88	3.3	3.7	2.0	3.4	3.8	2.01	3.48	4.1	1.91	3.3	3.9	1.95	3.3	4.1	2.16	3.5	4.1	1.97	3.39	3.89	2.15	1.67	2.22	1.72	2.25	1.74	2.14	1.69	-0.5	1.98	1.88	2.01	1.9	2.02	1.94	1.95	1.86	scotland																																																																										2023-11-04 15:00:00+00:00	scotland:20231104T1500Z:kilmarnock:motherwell:293	scotland:kilmarnock	scotland:motherwell	sco.1:2023-24	sco.1:2023-24-rules-v1	49	2.8020833333333335	7.0	1.6	1.4	-0.1	0.2	15.61939318511432	11.855875968284561	0.10961129356507594	48	2.8020833333333335	1.0	1.2	2.4	-0.4	0.1	10.572818809133341	13.949243802911067	0.1295431155069559	2023-24	7.0	1.0	2.8020833333333335	2.8020833333333335	1.6	1.2	2023-11-04 14:59:59.999999+00:00
SC0	2023-11-05	14:00	Dundee	Livingston	1	0	H	0	0	D	A Muir	10	16	3	3	14	14	5	12	2	3	0	0	2.05	3.3	3.8	2.05	3.3	3.5	2.1	3.25	3.65	2.1	3.41	3.88	2.0	3.3	3.5	2.05	3.25	3.6	2.11	3.42	3.88	2.07	3.31	3.61	2.1	1.7	2.17	1.75	2.19	1.75	2.11	1.71	-0.25	1.73	2.08	1.79	2.12	1.81	2.12	1.77	2.05	1.8	3.5	4.6	1.8	3.5	4.4	1.83	3.5	4.5	1.82	3.7	4.78	1.75	3.5	4.4	1.83	3.5	4.4	1.9	3.7	4.78	1.83	3.5	4.43	2.1	1.7	2.14	1.76	2.24	1.77	2.12	1.71	-0.5	1.8	2.05	1.81	2.1	1.85	2.1	1.81	2.0	scotland																																																																										2023-11-05 14:00:00+00:00	scotland:20231105T1400Z:dundee:livingston:294	scotland:dundee	scotland:livingston	sco.1:2023-24	sco.1:2023-24-rules-v1	10	3.7604166666666665	6.0	0.8	1.4	-0.6	0.4	12.555362954826464	16.140730889945765	0.060514595008574715	49	3.7604166666666665	4.0	0.8	1.4	-0.9	0.1	7.487262785347831	14.737346606879594	0.0797992746236579	2023-24	6.0	4.0	3.7604166666666665	3.7604166666666665	0.8	0.8	2023-11-05 13:59:59.999999+00:00
SC0	2023-11-07	19:45	St Johnstone	Motherwell	2	2	D	2	0	H	E Anderson	10	11	3	5	11	18	6	7	1	2	0	0	2.75	3.2	2.63	2.7	3.1	2.6	2.75	3.15	2.65	2.91	3.1	2.77	2.7	3.2	2.5	2.7	3.25	2.63	2.91	3.25	2.77	2.76	3.1	2.66	2.2	1.65	2.29	1.68	2.3	1.73	2.18	1.66	0.0	1.95	1.9	2.0	1.91	2.0	1.95	1.96	1.88	2.7	3.2	2.75	2.7	3.1	2.65	2.7	3.15	2.75	2.81	3.08	2.88	2.6	3.1	2.62	2.63	3.2	2.7	2.88	3.2	2.94	2.73	3.08	2.72	2.25	1.62	2.37	1.64	2.4	1.65	2.28	1.62	0.0	1.9	1.95	1.93	1.98	1.99	2.02	1.9	1.91	scotland																																																																										2023-11-07 19:45:00+00:00	scotland:20231107T1945Z:st-johnstone:motherwell:295	scotland:st-johnstone	scotland:motherwell	sco.1:2023-24	sco.1:2023-24-rules-v1	48	6.0	5.0	0.6	1.6	-1.1	0.2	11.280190096918307	14.32741629464852	0.06170842236759776	49	3.1979166666666665	1.0	1.2	2.4	-0.5	0.1	10.650488116563642	15.049381293290873	0.10598982177841847	2023-24	5.0	1.0	6.0	3.1979166666666665	0.6	1.2	2023-11-07 19:44:59.999999+00:00
SC0	2023-11-08	19:45	St Mirren	Hibernian	2	2	D	0	1	A	S McLean	18	9	4	4	9	9	3	1	3	2	0	0	2.45	3.3	2.9	2.45	3.25	2.8	2.5	3.3	2.85	2.55	3.28	3.02	2.4	3.25	2.75	2.45	3.25	2.88	2.61	3.32	3.02	2.5	3.25	2.83	2.05	1.75	2.12	1.78	2.14	1.81	2.03	1.76	0.0	1.78	2.1	1.8	2.14	1.86	2.14	1.79	2.05	2.25	3.25	3.25	2.3	3.2	3.1	2.35	3.25	3.1	2.31	3.31	3.41	2.25	3.2	3.1	2.25	3.25	3.25	2.64	3.31	3.41	2.32	3.21	3.17	2.1	1.7	2.19	1.73	2.28	1.75	2.13	1.7	-0.25	1.93	1.93	1.97	1.93	2.15	1.96	1.97	1.85	scotland																																																																										2023-11-08 19:45:00+00:00	scotland:20231108T1945Z:st-mirren:hibernian:296	scotland:st-mirren	scotland:hibernian	sco.1:2023-24	sco.1:2023-24-rules-v1	48	7.0	7.0	1.4	1.2	0.4	0.3	8.389398556486935	14.690908390997015	0.16769595297634504	49	8.0	4.0	0.8	1.6	-0.2	0.4	11.408275168168613	14.705631635691816	0.11824740693527383	2023-24	7.0	4.0	7.0	8.0	1.4	0.8	2023-11-08 19:44:59.999999+00:00
SC0	2023-11-11	15:00	Dundee	St Mirren	4	0	H	2	0	H	M MacDermid	11	5	7	0	6	12	7	4	1	1	0	0	2.25	3.3	3.25	2.25	3.25	3.1	2.25	3.25	3.25	2.33	3.36	3.31	2.2	3.3	3.1	2.25	3.3	3.2	2.34	3.36	3.31	2.26	3.26	3.22	2.08	1.73	2.15	1.76	2.21	1.79	2.09	1.72	-0.25	1.98	1.88	2.0	1.91	2.04	1.91	1.92	1.88	2.63	3.2	2.75	2.5	3.2	2.75	2.6	3.2	2.8	2.8	3.13	2.85	2.5	3.1	2.75	2.55	3.2	2.88	2.8	3.28	2.94	2.59	3.14	2.82	2.2	1.65	2.27	1.68	2.27	1.72	2.17	1.67	0.0	1.88	1.98	1.93	1.97	1.94	2.08	1.84	1.98	scotland																																																																										2023-11-11 15:00:00+00:00	scotland:20231111T1500Z:dundee:st-mirren:297	scotland:dundee	scotland:st-mirren	sco.1:2023-24	sco.1:2023-24-rules-v1	11	6.041666666666667	8.0	0.6	1.0	-0.5	0.5	12.090751508494378	16.11514345541017	0.06769375955247021	49	2.8020833333333335	5.0	1.6	1.6	0.3	0.3	10.136780637125673	13.656197774452103	0.15740779990993886	2023-24	8.0	5.0	6.041666666666667	2.8020833333333335	0.6	1.6	2023-11-11 14:59:59.999999+00:00
SC0	2023-11-11	15:00	Hibernian	Kilmarnock	1	0	H	1	0	H	D Dickinson	7	9	5	1	6	14	5	10	2	5	0	0	2.15	3.5	3.4	2.1	3.3	3.3	2.15	3.4	3.35	2.17	3.6	3.47	2.1	3.4	3.2	2.1	3.4	3.4	2.18	3.6	3.47	2.13	3.41	3.35	1.98	1.88	1.97	1.92	2.07	1.92	1.95	1.83	-0.25	1.85	2.0	1.88	2.04	1.91	2.04	1.83	1.97	2.1	3.5	3.4	2.05	3.4	3.4	2.15	3.5	3.3	2.16	3.52	3.55	2.05	3.4	3.25	2.15	3.4	3.4	2.17	3.55	3.55	2.13	3.42	3.36	2.0	1.85	2.0	1.89	2.05	1.92	1.94	1.84	-0.25	1.83	2.03	1.86	2.05	1.89	2.06	1.83	1.98	scotland																																																																										2023-11-11 15:00:00+00:00	scotland:20231111T1500Z:hibernian:kilmarnock:298	scotland:hibernian	scotland:kilmarnock	sco.1:2023-24	sco.1:2023-24-rules-v1	50	2.8020833333333335	4.0	1.2	2.0	-0.1	0.4	10.970406955774319	15.304607701929667	0.13715191880562808	50	7.0	9.0	1.6	1.2	0.0	0.2	16.41586715145717	11.700262155869186	0.09877287655324395	2023-24	4.0	9.0	2.8020833333333335	7.0	1.2	1.6	2023-11-11 14:59:59.999999+00:00
SC0	2023-11-11	15:00	Motherwell	Hearts	1	2	A	0	1	A	D Munro	8	14	1	3	13	12	4	10	4	2	0	0	3.0	3.3	2.4	2.87	3.3	2.35	2.95	3.3	2.4	2.99	3.51	2.45	2.88	3.3	2.3	2.9	3.3	2.4	3.0	3.51	2.45	2.92	3.34	2.38	1.98	1.88	1.96	1.93	2.02	1.93	1.93	1.84	0.25	1.8	2.05	1.82	2.11	1.85	2.11	1.78	2.03	3.3	3.25	2.25	2.95	3.25	2.35	3.0	3.35	2.35	3.18	3.51	2.34	2.8	3.4	2.3	3.0	3.4	2.3	3.3	3.65	2.47	3.0	3.35	2.34	2.03	1.83	1.98	1.91	2.07	1.95	1.95	1.84	0.25	1.9	1.95	1.89	2.02	1.94	2.1	1.82	2.0	scotland																																																																										2023-11-11 15:00:00+00:00	scotland:20231111T1500Z:motherwell:hearts:299	scotland:motherwell	scotland:hearts	sco.1:2023-24	sco.1:2023-24-rules-v1	50	3.8020833333333335	2.0	1.4	2.4	-0.6	0.1	10.714035731733889	14.131311967237986	0.1197767963311027	49	9.802083333333334	7.0	1.2	1.6	-0.3	0.4	14.900595186444935	13.924198131617105	0.09051309113928553	2023-24	2.0	7.0	3.8020833333333335	9.802083333333334	1.4	1.2	2023-11-11 14:59:59.999999+00:00
SC0	2023-11-11	15:00	St Johnstone	Ross County	1	0	H	0	0	D	N Walsh	10	8	3	2	11	13	3	4	4	3	0	0	2.7	3.25	2.7	2.7	3.2	2.55	2.75	3.25	2.6	2.71	3.39	2.76	2.62	3.25	2.5	2.7	3.2	2.63	2.75	3.39	2.76	2.68	3.24	2.64	2.1	1.7	2.18	1.74	2.18	1.76	2.11	1.71	0.0	1.93	1.93	1.93	1.97	1.98	1.98	1.91	1.9	2.5	3.1	3.0	2.5	3.0	2.87	2.5	3.15	2.95	2.59	3.19	3.05	2.4	3.2	2.8	2.45	3.25	2.9	2.59	3.25	3.05	2.51	3.14	2.91	2.35	1.57	2.35	1.65	2.35	1.69	2.27	1.62	0.0	1.75	2.13	1.81	2.13	1.85	2.14	1.77	2.06	scotland																																																																										2023-11-11 15:00:00+00:00	scotland:20231111T1500Z:st-johnstone:ross-county:300	scotland:st-johnstone	scotland:ross-county	sco.1:2023-24	sco.1:2023-24-rules-v1	49	3.8020833333333335	6.0	1.0	1.6	-0.9	0.2	11.047428261114979	13.722431513803334	0.08685234557348907	49	7.104166666666667	3.0	1.0	1.8	-0.7	0.3	8.753803865117694	17.67811451124401	0.09991626777248101	2023-24	6.0	3.0	3.8020833333333335	7.104166666666667	1.0	1.0	2023-11-11 14:59:59.999999+00:00
SC0	2023-11-12	12:00	Livingston	Rangers	0	2	A	0	1	A	S McLean	4	18	1	6	14	7	3	9	1	1	0	0	10.0	5.75	1.29	9.75	5.5	1.29	9.5	5.75	1.3	10.93	5.89	1.29	10.0	5.5	1.25	10.0	5.75	1.25	11.0	5.9	1.3	10.07	5.54	1.28	1.6	2.3	1.61	2.4	1.61	2.4	1.59	2.31	1.5	2.03	1.83	2.05	1.86	2.05	1.89	1.98	1.83	10.0	5.75	1.25	11.0	6.0	1.25	11.0	6.0	1.25	14.36	6.35	1.23	12.0	5.8	1.2	12.0	6.0	1.22	14.36	6.35	1.28	12.06	5.89	1.24	1.62	2.25	1.63	2.35	1.66	2.45	1.6	2.3	1.75	1.85	2.0	1.94	1.94	1.95	2.0	1.87	1.94	scotland																																																																										2023-11-12 12:00:00+00:00	scotland:20231112T1200Z:livingston:rangers:301	scotland:livingston	scotland:rangers	sco.1:2023-24	sco.1:2023-24-rules-v1	50	6.916666666666667	3.0	0.6	1.4	-0.6	0.1	9.03503318801186	13.876010860174212	0.06529031560117464	49	10.677083333333334	12.0	3.0	0.8	1.9	0.7	22.415771876331988	7.416701897280093	0.12411834145895183	2023-24	3.0	12.0	6.916666666666667	10.677083333333334	0.6	3.0	2023-11-12 11:59:59.999999+00:00
SC0	2023-11-12	14:30	Celtic	Aberdeen	6	0	H	2	0	H	W Collum	21	3	10	1	5	8	11	0	0	3	0	0	1.25	6.0	13.0	1.22	6.5	11.5	1.22	6.5	12.0	1.23	7.21	12.14	1.18	6.5	12.0	1.2	6.5	11.5	1.25	7.21	13.0	1.22	6.53	11.74	1.48	2.6	1.49	2.69	1.5	2.88	1.45	2.68	-1.75	1.83	2.03	1.85	2.05	1.93	2.11	1.8	2.01	1.22	6.5	13.0	1.24	6.25	10.5	1.25	6.25	11.0	1.25	6.67	11.62	1.2	6.5	11.0	1.22	6.5	11.5	1.27	6.7	13.2	1.23	6.26	11.35	1.44	2.7	1.49	2.69	1.49	2.8	1.45	2.68	-1.75	1.83	2.03	1.95	1.93	2.02	2.05	1.88	1.93	scotland																																																																										2023-11-12 14:30:00+00:00	scotland:20231112T1430Z:celtic:aberdeen:302	scotland:celtic	scotland:aberdeen	sco.1:2023-24	sco.1:2023-24-rules-v1	50	8.083333333333334	13.0	2.4	0.6	1.7	0.6	23.471809858184738	7.531377800982403	0.10979028213214417	48	10.78125	10.0	2.2	1.0	0.0	0.3	10.59003389060639	13.632772828591131	0.135257146675315	2023-24	13.0	10.0	8.083333333333334	10.78125	2.4	2.2	2023-11-12 14:29:59.999999+00:00
SC0	2023-11-25	15:00	Celtic	Motherwell	1	1	D	0	0	D	S McLean	20	6	4	2	8	9	13	2	1	4	0	0	1.14	7.5	19.0	1.14	8.5	16.5	1.15	8.25	17.0	1.14	9.94	18.23	1.1	8.0	19.0	1.13	8.0	19.0	1.15	9.94	19.0	1.13	8.44	17.37	1.36	3.1	1.38	3.16	1.41	3.25	1.37	3.0	-2.25	1.93	1.93	1.93	1.95	1.97	1.98	1.89	1.91	1.17	8.0	13.0	1.15	8.25	15.0	1.15	7.75	16.0	1.14	9.47	19.17	1.11	8.0	17.0	1.14	8.0	17.0	1.17	9.6	19.17	1.14	8.25	17.0	1.36	3.1	1.38	3.15	1.41	3.25	1.37	2.99	-2.25	1.98	1.88	2.01	1.88	2.04	1.96	1.95	1.86	scotland																																																																										2023-11-25 15:00:00+00:00	scotland:20231125T1500Z:celtic:motherwell:303	scotland:celtic	scotland:motherwell	sco.1:2023-24	sco.1:2023-24-rules-v1	51	13.020833333333334	13.0	3.0	0.4	2.3	0.6	23.022389883969332	6.707490928076512	0.14177646460162444	51	14.0	2.0	1.6	2.4	-0.8	0.1	10.220574689600454	14.107437064103806	0.12072646972544765	2023-24	13.0	2.0	13.020833333333334	14.0	3.0	1.6	2023-11-25 14:59:59.999999+00:00
SC0	2023-11-25	15:00	Dundee	Hibernian	1	2	A	0	1	A	D Robertson	19	10	7	3	6	9	7	3	2	1	0	1	2.55	3.4	2.63	2.55	3.3	2.65	2.55	3.35	2.7	2.74	3.33	2.76	2.5	3.25	2.62	2.63	3.25	2.7	2.74	3.4	2.8	2.61	3.27	2.69	2.03	1.83	2.02	1.87	2.11	1.87	1.98	1.81	0.0	1.9	1.95	1.94	1.96	1.94	2.02	1.87	1.94	2.9	3.3	2.4	2.9	3.25	2.35	2.9	3.3	2.45	3.04	3.3	2.53	2.8	3.3	2.38	2.9	3.3	2.45	3.04	3.35	2.6	2.89	3.27	2.45	2.05	1.8	2.08	1.82	2.09	1.83	2.03	1.77	0.0	2.08	1.73	2.15	1.79	2.17	1.84	2.08	1.76	scotland																																																																										2023-11-25 15:00:00+00:00	scotland:20231125T1500Z:dundee:hibernian:304	scotland:dundee	scotland:hibernian	sco.1:2023-24	sco.1:2023-24-rules-v1	12	14.0	10.0	1.4	1.0	0.0	0.6	11.89243305240449	14.094208281699228	0.12150150574954174	51	14.0	6.0	1.0	1.6	0.1	0.5	10.24851478199717	14.158315392487909	0.13818923226953986	2023-24	10.0	6.0	14.0	14.0	1.4	1.0	2023-11-25 14:59:59.999999+00:00
SC0	2023-11-25	15:00	Hearts	St Johnstone	1	0	H	0	0	D	J Beaton	18	10	4	3	5	17	6	5	2	2	0	0	1.55	4.2	5.75	1.53	4.0	6.0	1.57	4.1	5.75	1.58	4.17	6.31	1.5	4.0	5.8	1.55	4.0	6.0	1.59	4.2	6.31	1.56	4.01	5.94	1.9	1.95	1.93	1.95	1.96	1.95	1.88	1.9	-1.0	1.98	1.88	2.0	1.91	2.04	1.95	1.96	1.86	1.5	4.33	7.5	1.46	4.2	6.75	1.47	4.3	6.75	1.48	4.46	7.54	1.4	4.33	7.0	1.45	4.33	7.0	1.55	4.5	7.6	1.47	4.28	6.96	1.85	2.0	1.89	2.0	1.92	2.03	1.85	1.94	-1.0	1.78	2.03	1.81	2.12	1.94	2.17	1.8	2.02	scotland																																																																										2023-11-25 15:00:00+00:00	scotland:20231125T1500Z:hearts:st-johnstone:305	scotland:hearts	scotland:st-johnstone	sco.1:2023-24	sco.1:2023-24-rules-v1	50	14.0	7.0	1.4	1.8	-0.2	0.3	14.73685060709131	12.847071198595813	0.10003019145162322	50	14.0	8.0	1.0	1.4	-0.6	0.3	10.856986759094072	12.681989420384546	0.08924282819649106	2023-24	7.0	8.0	14.0	14.0	1.4	1.0	2023-11-25 14:59:59.999999+00:00
SC0	2023-11-25	15:00	Ross County	Kilmarnock	0	0	D	0	0	D	C Steven	15	13	5	1	10	9	9	5	1	0	0	0	2.8	3.3	2.5	2.95	3.25	2.35	2.9	3.25	2.45	2.9	3.33	2.61	2.88	3.2	2.38	2.88	3.2	2.5	3.0	3.33	2.61	2.87	3.24	2.48	2.15	1.67	2.23	1.71	2.23	1.75	2.14	1.69	0.0	2.05	1.8	2.06	1.85	2.15	1.86	2.05	1.78	2.88	3.1	2.6	2.9	3.0	2.5	2.95	3.1	2.55	2.93	3.14	2.72	2.88	3.2	2.38	2.9	3.13	2.5	3.05	3.25	2.72	2.95	3.09	2.52	2.5	1.5	2.53	1.57	2.53	1.63	2.41	1.55	0.0	2.03	1.83	2.03	1.88	2.17	1.91	2.07	1.76	scotland																																																																										2023-11-25 15:00:00+00:00	scotland:20231125T1500Z:ross-county:kilmarnock:306	scotland:ross-county	scotland:kilmarnock	sco.1:2023-24	sco.1:2023-24-rules-v1	50	14.0	3.0	1.0	1.8	-1.0	0.2	8.616748616914476	16.282093691017828	0.08174967363202991	51	14.0	9.0	1.4	0.8	0.0	0.2	15.067527669374048	10.845669036620244	0.0808141717253814	2023-24	3.0	9.0	14.0	14.0	1.0	1.4	2023-11-25 14:59:59.999999+00:00
SC0	2023-11-25	15:00	St Mirren	Livingston	1	0	H	1	0	H	D Munro	15	11	1	1	13	10	7	3	1	0	0	0	1.73	3.6	5.0	1.73	3.5	4.6	1.75	3.6	4.8	1.8	3.71	4.89	1.7	3.5	4.75	1.75	3.4	5.0	1.82	3.72	5.0	1.76	3.56	4.71	2.15	1.67	2.26	1.69	2.26	1.74	2.16	1.68	-0.75	2.0	1.85	2.05	1.87	2.11	1.9	1.99	1.83	1.91	3.4	4.2	1.9	3.2	4.33	1.95	3.35	4.2	1.91	3.38	4.77	1.8	3.4	4.2	1.87	3.4	4.4	1.98	3.45	4.77	1.89	3.3	4.4	2.4	1.53	2.48	1.58	2.61	1.6	2.41	1.55	-0.5	1.9	1.95	1.91	2.0	1.95	2.05	1.88	1.94	scotland																																																																										2023-11-25 15:00:00+00:00	scotland:20231125T1500Z:st-mirren:livingston:307	scotland:st-mirren	scotland:livingston	sco.1:2023-24	sco.1:2023-24-rules-v1	50	14.0	4.0	1.4	2.2	-0.2	0.3	9.20282052128464	13.17325272455172	0.1287881999263136	51	13.125	0.0	0.2	1.8	-0.9	0.1	8.119572608373339	14.625827067415264	0.05341934912823379	2023-24	4.0	0.0	14.0	13.125	1.4	0.2	2023-11-25 14:59:59.999999+00:00
SC0	2023-11-26	12:00	Aberdeen	Rangers	1	1	D	1	0	H	N Walsh	5	22	4	10	16	11	0	5	4	1	0	0	6.5	4.33	1.5	5.5	4.33	1.53	5.75	4.4	1.53	6.19	4.59	1.53	5.5	4.2	1.5	5.75	4.2	1.5	6.5	4.59	1.57	5.74	4.35	1.52	1.62	2.25	1.64	2.36	1.64	2.38	1.6	2.3	1.0	2.0	1.85	2.04	1.88	2.04	1.93	1.96	1.86	8.0	4.5	1.44	7.0	4.4	1.43	7.0	4.5	1.45	7.83	4.77	1.44	7.0	4.5	1.4	7.0	4.6	1.44	8.03	4.8	1.54	7.11	4.54	1.44	1.73	2.08	1.75	2.16	1.8	2.28	1.71	2.11	1.25	1.85	2.0	1.91	2.0	1.91	2.06	1.84	1.97	scotland																																																																										2023-11-26 12:00:00+00:00	scotland:20231126T1200Z:aberdeen:rangers:308	scotland:aberdeen	scotland:rangers	sco.1:2023-24	sco.1:2023-24-rules-v1	49	13.895833333333334	7.0	1.4	2.2	-0.6	0.2	9.210027728677955	14.972268677938198	0.11066493818889407	50	14.0	15.0	3.2	0.2	1.7	0.7	21.612904262453444	6.795483370501894	0.12175339048661715	2023-24	7.0	15.0	13.895833333333334	14.0	1.4	3.2	2023-11-26 11:59:59.999999+00:00
SC0	2023-11-28	19:45	Ross County	St Mirren	1	0	H	0	0	D	W Collum	6	6	2	1	11	14	7	5	0	2	0	0	2.75	3.0	2.8	2.65	3.0	2.7	2.8	3.1	2.7	2.81	3.04	2.91	2.62	3.1	2.6	2.7	3.1	2.7	2.81	3.16	2.91	2.72	3.06	2.74	2.4	1.53	2.49	1.58	2.49	1.62	2.38	1.56	0.0	1.9	1.95	1.92	1.99	1.99	2.0	1.9	1.92	2.5	2.9	3.2	2.45	3.0	3.0	2.55	3.05	2.95	2.55	3.06	3.25	2.38	3.1	2.9	2.5	3.0	3.1	2.71	3.1	3.26	2.51	3.0	3.05	2.5	1.5	2.57	1.55	2.58	1.59	2.45	1.53	0.0	1.7	2.1	1.73	2.22	1.99	2.22	1.74	2.1	scotland																																																																										2023-11-28 19:45:00+00:00	scotland:20231128T1945Z:ross-county:st-mirren:309	scotland:ross-county	scotland:st-mirren	sco.1:2023-24	sco.1:2023-24-rules-v1	51	3.1979166666666665	3.0	1.0	1.8	-0.8	0.3	9.777339777475479	15.68534938356004	0.06688609660802447	51	3.1979166666666665	7.0	1.6	1.6	-0.1	0.4	10.25685315377834	12.778115865542315	0.11749337569728688	2023-24	3.0	7.0	3.1979166666666665	3.1979166666666665	1.0	1.6	2023-11-28 19:44:59.999999+00:00
SC0	2023-12-02	15:00	Kilmarnock	Hearts	0	1	A	0	1	A	D Dickinson	17	11	3	1	14	12	7	3	2	1	0	0	2.8	3.4	2.4	2.75	3.3	2.4	2.7	3.35	2.55	3.03	3.39	2.48	2.8	3.4	2.3	2.9	3.25	2.45	3.03	3.45	2.55	2.85	3.32	2.45	2.03	1.83	2.02	1.87	2.08	1.89	1.98	1.8	0.0	2.1	1.78	2.16	1.76	2.16	1.85	2.07	1.76	2.63	3.3	2.6	2.6	3.2	2.65	2.6	3.3	2.7	2.75	3.28	2.79	2.6	3.2	2.6	2.63	3.25	2.7	2.77	3.41	2.79	2.66	3.22	2.69	2.08	1.73	2.13	1.78	2.21	1.78	2.06	1.74	0.0	1.9	1.95	1.93	1.97	1.95	2.0	1.88	1.93	scotland																																																																										2023-12-02 15:00:00+00:00	scotland:20231202T1500Z:kilmarnock:hearts:310	scotland:kilmarnock	scotland:hearts	sco.1:2023-24	sco.1:2023-24-rules-v1	52	7.0	7.0	0.8	0.6	0.1	0.3	14.691613547669673	11.601001939052928	0.06612068595713023	51	7.0	9.0	1.2	1.4	0.0	0.4	15.33015049671107	12.32942188976021	0.09194389401597454	2023-24	7.0	9.0	7.0	7.0	0.8	1.2	2023-12-02 14:59:59.999999+00:00
SC0	2023-12-02	15:00	Motherwell	Dundee	3	3	D	1	2	A	I Snedden	9	16	4	4	6	9	4	4	3	2	1	0	2.25	3.3	3.2	2.25	3.3	3.1	2.25	3.35	3.25	2.34	3.41	3.25	2.2	3.3	3.1	2.3	3.25	3.13	2.34	3.41	3.3	2.26	3.33	3.16	2.05	1.75	2.1	1.79	2.11	1.82	2.01	1.76	-0.25	1.98	1.88	2.01	1.9	2.02	1.91	1.94	1.86	2.25	3.3	3.2	2.25	3.2	3.2	2.25	3.35	3.25	2.37	3.34	3.26	2.2	3.25	3.1	2.3	3.3	3.13	2.37	3.38	3.65	2.25	3.28	3.24	2.1	1.7	2.22	1.71	2.32	1.74	2.14	1.69	-0.25	2.0	1.85	2.03	1.88	2.03	2.01	1.93	1.88	scotland																																																																										2023-12-02 15:00:00+00:00	scotland:20231202T1500Z:motherwell:dundee:311	scotland:motherwell	scotland:dundee	sco.1:2023-24	sco.1:2023-24-rules-v1	52	7.0	2.0	1.2	2.0	-0.9	0.0	9.453197473309462	15.178812143357659	0.1290792328056693	13	7.0	9.0	1.6	1.4	-0.2	0.5	13.18471795196731	13.34980677593573	0.10897970087641931	2023-24	2.0	9.0	7.0	7.0	1.2	1.6	2023-12-02 14:59:59.999999+00:00
SC0	2023-12-03	12:00	St Johnstone	Celtic	1	3	A	1	0	H	D Robertson	5	25	3	7	8	7	2	12	2	1	0	0	13.0	6.5	1.22	11.5	6.5	1.22	12.0	6.5	1.22	11.88	7.19	1.23	12.0	6.5	1.18	12.0	6.5	1.2	14.0	7.4	1.24	11.95	6.59	1.21	1.5	2.5	1.52	2.64	1.53	2.75	1.49	2.56	1.75	2.03	1.83	2.04	1.85	2.08	1.86	2.0	1.81	15.0	6.5	1.2	13.0	6.5	1.21	12.0	6.5	1.22	13.47	7.35	1.21	13.0	6.0	1.18	13.0	6.5	1.2	16.2	7.35	1.24	12.84	6.51	1.21	1.57	2.35	1.56	2.52	1.57	2.55	1.54	2.41	2.0	1.78	2.03	1.79	2.11	1.87	2.14	1.76	2.07	scotland																																																																										2023-12-03 12:00:00+00:00	scotland:20231203T1200Z:st-johnstone:celtic:312	scotland:st-johnstone	scotland:celtic	sco.1:2023-24	sco.1:2023-24-rules-v1	51	7.875	7.0	1.0	1.6	-0.7	0.2	10.70117098471333	13.648900434860083	0.07301685943349268	52	7.875	11.0	2.4	0.4	2.2	0.5	22.472864450520362	6.578856213880782	0.12508983467405635	2023-24	7.0	11.0	7.875	7.875	1.0	2.4	2023-12-03 11:59:59.999999+00:00
SC0	2023-12-03	15:00	Hibernian	Aberdeen	2	0	H	1	0	H	W Collum	11	23	3	5	13	13	6	6	3	2	0	0	2.0	3.6	3.6	2.1	3.5	3.25	2.05	3.55	3.45	2.07	3.59	3.74	2.0	3.5	3.3	2.05	3.4	3.4	2.16	3.6	3.74	2.05	3.49	3.5	1.93	1.93	1.92	1.97	1.99	1.97	1.88	1.9	-0.25	1.73	2.08	1.78	2.13	1.85	2.13	1.76	2.05	2.25	3.5	3.1	2.25	3.4	3.0	2.2	3.5	3.2	2.37	3.49	3.13	2.15	3.5	3.0	2.25	3.5	3.0	2.38	3.59	3.58	2.24	3.44	3.11	1.93	1.93	1.96	1.93	1.99	1.95	1.89	1.89	-0.25	2.0	1.85	2.05	1.87	2.05	2.07	1.93	1.87	scotland																																																																										2023-12-03 15:00:00+00:00	scotland:20231203T1500Z:hibernian:aberdeen:313	scotland:hibernian	scotland:aberdeen	sco.1:2023-24	sco.1:2023-24-rules-v1	52	8.0	9.0	1.4	1.0	0.0	0.4	10.203330276179502	15.038621684762834	0.14942755367507807	50	7.125	5.0	1.0	2.2	-0.4	0.2	8.4445681416456	16.25003800922216	0.12690767670000425	2023-24	9.0	5.0	8.0	7.125	1.4	1.0	2023-12-03 14:59:59.999999+00:00
SC0	2023-12-03	15:00	Rangers	St Mirren	2	0	H	1	0	H	M MacDermid	21	4	6	3	9	8	8	5	1	3	0	0	1.22	6.0	15.0	1.22	6.25	12.0	1.22	6.25	12.0	1.21	7.05	15.15	1.18	6.0	13.0	1.2	6.0	13.0	1.23	7.05	15.15	1.2	6.48	13.15	1.57	2.35	1.59	2.44	1.59	2.55	1.55	2.4	-1.75	1.85	2.0	1.83	2.08	1.87	2.08	1.81	1.99	1.17	7.0	17.0	1.16	7.5	16.0	1.17	7.0	16.0	1.17	8.02	19.06	1.15	7.0	15.0	1.15	7.5	17.0	1.2	8.1	20.0	1.16	7.31	16.77	1.53	2.4	1.53	2.6	1.55	2.6	1.51	2.49	-2.0	1.88	1.98	1.9	1.99	2.0	2.02	1.87	1.94	scotland																																																																										2023-12-03 15:00:00+00:00	scotland:20231203T1500Z:rangers:st-mirren:314	scotland:rangers	scotland:st-mirren	sco.1:2023-24	sco.1:2023-24-rules-v1	51	7.125	13.0	2.8	0.4	1.5	0.6	21.683285305643725	6.469031848592459	0.10788087320805866	52	4.802083333333333	4.0	0.8	1.8	-0.2	0.4	9.482879853091369	11.54573116271644	0.09613094375232561	2023-24	13.0	4.0	7.125	4.802083333333333	2.8	0.8	2023-12-03 14:59:59.999999+00:00
SC0	2023-12-05	19:45	Ross County	Motherwell	3	0	H	2	0	H	D Dickinson	13	14	6	4	14	9	6	3	1	2	1	0	2.25	3.2	3.5	2.25	3.1	3.2	2.3	3.15	3.25	2.35	3.15	3.52	2.3	3.1	3.1	2.25	3.2	3.3	2.48	3.2	3.52	2.3	3.12	3.3	2.25	1.62	2.31	1.67	2.36	1.68	2.24	1.63	-0.25	1.95	1.9	1.99	1.92	2.01	1.96	1.94	1.86	2.2	3.2	3.5	2.2	3.1	3.4	2.25	3.15	3.4	2.27	3.19	3.63	2.2	3.1	3.2	2.2	3.2	3.4	2.33	3.25	3.78	2.22	3.12	3.46	2.3	1.6	2.37	1.64	2.42	1.64	2.3	1.6	-0.25	1.88	1.98	1.93	1.98	1.94	2.02	1.88	1.93	scotland																																																																										2023-12-05 19:45:00+00:00	scotland:20231205T1945Z:ross-county:motherwell:315	scotland:ross-county	scotland:motherwell	sco.1:2023-24	sco.1:2023-24-rules-v1	52	7.0	5.0	0.6	1.2	-0.8	0.3	9.090550727025391	13.924376768367303	0.0850280184368685	53	3.1979166666666665	3.0	1.4	1.8	-0.8	0.0	9.370797932707742	15.32811902638354	0.16621634199251728	2023-24	5.0	3.0	7.0	3.1979166666666665	0.6	1.4	2023-12-05 19:44:59.999999+00:00
SC0	2023-12-06	19:45	Aberdeen	Kilmarnock	0	1	A	0	0	D	M MacDermid	18	8	3	2	11	21	4	5	3	1	0	0	2.3	3.3	3.2	2.3	3.3	2.95	2.3	3.3	3.1	2.37	3.38	3.23	2.25	3.25	3.0	2.3	3.25	3.13	2.4	3.39	3.23	2.32	3.27	3.08	2.1	1.7	2.18	1.74	2.21	1.75	2.11	1.71	-0.25	2.0	1.85	2.03	1.88	2.06	1.91	1.97	1.83	2.0	3.4	3.8	2.05	3.25	3.6	2.1	3.35	3.55	2.07	3.45	3.91	2.1	3.25	3.3	2.0	3.4	3.7	2.2	3.45	3.91	2.08	3.32	3.62	2.1	1.7	2.15	1.76	2.21	1.77	2.1	1.72	-0.25	1.73	2.08	1.77	2.15	1.89	2.2	1.77	2.05	scotland																																																																										2023-12-06 19:45:00+00:00	scotland:20231206T1945Z:aberdeen:kilmarnock:316	scotland:aberdeen	scotland:kilmarnock	sco.1:2023-24	sco.1:2023-24-rules-v1	51	3.1979166666666665	4.0	1.0	2.6	-0.6	0.2	11.091010297710035	15.295485643909037	0.10383355366363983	53	4.197916666666667	4.0	0.4	0.8	0.0	0.3	15.111320175366096	11.491728859225121	0.05409874305583382	2023-24	4.0	4.0	3.1979166666666665	4.197916666666667	1.0	0.4	2023-12-06 19:44:59.999999+00:00
SC0	2023-12-06	19:45	Celtic	Hibernian	4	1	H	2	0	H	J Beaton	26	6	12	3	10	8	11	4	2	2	0	0	1.2	7.0	12.0	1.21	6.75	11.5	1.22	6.75	12.0	1.22	7.23	12.83	1.17	6.5	13.0	1.2	6.5	13.0	1.22	7.5	13.0	1.2	6.77	11.99	1.44	2.7	1.49	2.69	1.5	2.75	1.46	2.63	-2.0	2.05	1.8	2.06	1.84	2.13	1.84	2.02	1.79	1.22	6.5	11.0	1.21	6.5	12.0	1.22	6.5	12.0	1.22	7.32	12.89	1.17	6.5	13.0	1.22	6.5	12.0	1.25	7.4	13.0	1.21	6.64	11.9	1.4	2.88	1.43	2.92	1.46	3.04	1.41	2.83	-2.0	2.03	1.83	2.06	1.84	2.12	1.97	2.0	1.81	scotland																																																																										2023-12-06 19:45:00+00:00	scotland:20231206T1945Z:celtic:hibernian:317	scotland:celtic	scotland:hibernian	sco.1:2023-24	sco.1:2023-24-rules-v1	53	3.3229166666666665	13.0	3.0	0.6	2.1	0.4	22.932343641334842	6.291791447720639	0.12416441018786428	53	3.1979166666666665	11.0	1.8	1.0	0.2	0.5	10.348179316874138	16.486145014805956	0.15531675879200602	2023-24	13.0	11.0	3.3229166666666665	3.1979166666666665	3.0	1.8	2023-12-06 19:44:59.999999+00:00
SC0	2023-12-06	19:45	St Johnstone	St Mirren	1	0	H	0	0	D	K Clancy	11	13	5	5	9	10	0	7	2	1	0	0	3.0	3.2	2.45	2.9	3.1	2.45	2.95	3.15	2.5	3.18	3.12	2.55	2.9	3.1	2.4	3.1	3.0	2.5	3.18	3.2	2.55	3.01	3.08	2.47	2.5	1.5	2.57	1.55	2.58	1.57	2.47	1.52	0.0	2.13	1.75	2.19	1.75	2.19	1.81	2.11	1.74	2.88	2.9	2.75	2.9	2.9	2.6	2.95	2.95	2.65	2.92	3.0	2.84	2.9	2.9	2.5	2.9	3.0	2.63	3.35	3.0	2.84	2.95	2.94	2.64	2.7	1.44	2.78	1.48	2.82	1.53	2.65	1.46	0.0	1.93	1.93	1.98	1.93	2.08	1.94	2.0	1.82	scotland																																																																										2023-12-06 19:45:00+00:00	scotland:20231206T1945Z:st-johnstone:st-mirren:318	scotland:st-johnstone	scotland:st-mirren	sco.1:2023-24	sco.1:2023-24-rules-v1	52	3.3229166666666665	7.0	1.2	1.4	-0.9	0.2	9.66459444203818	15.712736719430978	0.09610470317285764	53	3.1979166666666665	4.0	0.6	1.8	-0.5	0.3	8.485992607074756	13.264689133131633	0.07865259034281186	2023-24	7.0	4.0	3.3229166666666665	3.1979166666666665	1.2	0.6	2023-12-06 19:44:59.999999+00:00
SC0	2023-12-06	20:00	Hearts	Rangers	0	1	A	0	1	A	W Collum	12	22	5	5	13	11	6	5	3	1	0	0	6.0	4.33	1.53	5.75	4.33	1.51	5.75	4.4	1.53	6.16	4.47	1.55	5.8	4.2	1.5	6.0	4.2	1.53	6.16	4.5	1.56	5.7	4.33	1.52	1.67	2.15	1.69	2.24	1.69	2.29	1.65	2.2	1.0	1.98	1.88	2.0	1.91	2.0	1.92	1.94	1.87	7.0	4.5	1.5	6.25	4.2	1.49	6.5	4.4	1.5	7.18	4.56	1.49	6.5	4.2	1.44	6.5	4.5	1.45	7.18	4.6	1.53	6.39	4.37	1.49	1.75	2.05	1.78	2.12	1.89	2.22	1.74	2.05	1.0	2.03	1.78	2.12	1.79	2.17	1.84	2.02	1.8	scotland																																																																										2023-12-06 20:00:00+00:00	scotland:20231206T2000Z:hearts:rangers:319	scotland:hearts	scotland:rangers	sco.1:2023-24	sco.1:2023-24-rules-v1	52	4.208333333333333	12.0	1.2	0.6	0.2	0.5	14.542850406399966	13.178617909803808	0.09175574799654115	52	3.2083333333333335	13.0	2.4	0.4	1.8	0.7	21.559051613708505	6.0201169670301935	0.10558218630442893	2023-24	12.0	13.0	4.208333333333333	3.2083333333333335	1.2	2.4	2023-12-06 19:59:59.999999+00:00
SC0	2023-12-09	15:00	Aberdeen	Hearts	2	1	H	0	1	A	C Graham	14	5	6	3	13	20	3	8	3	7	0	0	2.6	3.5	2.63	2.65	3.3	2.55	2.6	3.45	2.6	2.65	3.48	2.76	2.6	3.3	2.5	2.6	3.3	2.7	2.7	3.5	2.76	2.59	3.39	2.62	1.95	1.9	1.98	1.91	2.0	1.95	1.9	1.87	0.0	1.9	1.95	1.92	1.99	1.95	2.0	1.89	1.92	2.4	3.5	2.8	2.35	3.3	2.9	2.4	3.4	2.95	2.46	3.47	3.01	2.45	3.3	2.7	2.4	3.4	2.88	2.47	3.55	3.05	2.38	3.39	2.9	2.0	1.85	2.01	1.88	2.1	1.91	1.94	1.84	-0.25	2.05	1.75	2.12	1.81	2.19	1.87	2.04	1.78	scotland																																																																										2023-12-09 15:00:00+00:00	scotland:20231209T1500Z:aberdeen:hearts:320	scotland:aberdeen	scotland:hearts	sco.1:2023-24	sco.1:2023-24-rules-v1	52	2.8020833333333335	4.0	1.0	2.4	-0.5	0.2	12.347190243580938	13.969033708652848	0.08495472572479622	53	2.7916666666666665	12.0	1.0	0.4	-0.1	0.4	14.080513968872697	14.782505562566751	0.07507288472444276	2023-24	4.0	12.0	2.8020833333333335	2.7916666666666665	1.0	1.0	2023-12-09 14:59:59.999999+00:00
SC0	2023-12-09	15:00	Livingston	Hibernian	0	1	A	0	1	A	G Irvine	14	4	3	2	11	13	6	0	3	1	0	0	3.6	3.3	2.1	3.3	3.3	2.1	3.4	3.4	2.15	3.62	3.48	2.15	3.1	3.4	2.15	3.4	3.3	2.15	3.62	3.48	2.16	3.4	3.37	2.12	2.05	1.75	2.07	1.83	2.08	1.83	1.99	1.79	0.25	2.0	1.85	2.06	1.85	2.06	1.88	1.98	1.82	3.8	3.3	2.0	3.7	3.3	1.98	3.65	3.35	2.05	3.99	3.48	2.04	3.6	3.4	1.95	3.7	3.5	2.0	3.99	3.5	2.1	3.75	3.37	2.01	2.08	1.73	2.12	1.78	2.21	1.81	2.05	1.75	0.5	1.85	2.0	1.88	2.04	1.9	2.05	1.82	1.99	scotland																																																																										2023-12-09 15:00:00+00:00	scotland:20231209T1500Z:livingston:hibernian:321	scotland:livingston	scotland:hibernian	sco.1:2023-24	sco.1:2023-24-rules-v1	52	14.0	0.0	0.0	1.4	-1.0	0.1	8.643286679578186	14.693858509703396	0.04370674019582764	54	2.8020833333333335	10.0	1.6	1.4	-0.3	0.4	9.557601259260657	18.21593683029578	0.15738037840558067	2023-24	0.0	10.0	14.0	2.8020833333333335	0.0	1.6	2023-12-09 14:59:59.999999+00:00
SC0	2023-12-09	15:00	Motherwell	St Johnstone	1	1	D	0	0	D	E Anderson	17	11	8	2	11	11	3	2	0	0	0	0	2.15	3.3	3.5	2.1	3.25	3.4	2.2	3.25	3.45	2.2	3.25	3.76	2.1	3.2	3.4	2.15	3.2	3.6	2.2	3.3	3.77	2.14	3.22	3.55	2.25	1.62	2.33	1.65	2.34	1.65	2.25	1.62	-0.25	1.83	2.03	1.87	2.04	1.87	2.08	1.81	2.0	2.25	3.2	3.25	2.25	3.2	3.1	2.3	3.25	3.25	2.35	3.29	3.34	2.2	3.2	3.1	2.25	3.25	3.25	2.35	3.3	3.82	2.25	3.21	3.28	2.1	1.7	2.21	1.72	2.41	1.79	2.17	1.68	-0.25	1.98	1.88	2.01	1.9	2.05	2.05	1.91	1.9	scotland																																																																										2023-12-09 15:00:00+00:00	scotland:20231209T1500Z:motherwell:st-johnstone:322	scotland:motherwell	scotland:st-johnstone	sco.1:2023-24	sco.1:2023-24-rules-v1	54	3.8020833333333335	3.0	1.4	2.2	-1.0	0.0	10.212471035851788	14.904824657950167	0.13599518890296866	53	2.8020833333333335	7.0	1.0	1.2	-0.6	0.3	9.907395452576692	15.219511861352617	0.09516004639762732	2023-24	3.0	7.0	3.8020833333333335	2.8020833333333335	1.4	1.0	2023-12-09 14:59:59.999999+00:00
SC0	2023-12-09	15:00	Rangers	Dundee	3	1	H	3	1	H	K Clancy	20	9	9	3	12	9	5	7	1	3	1	0	1.17	7.0	19.0	1.16	7.75	15.5	1.17	7.5	16.0	1.17	8.34	16.65	1.14	7.0	15.0	1.15	7.5	17.0	1.17	8.34	19.0	1.16	7.44	16.25	1.48	2.6	1.46	2.79	1.48	2.79	1.45	2.66	-2.0	1.78	2.03	1.84	2.05	1.84	2.11	1.79	2.02	1.13	8.5	21.0	1.11	9.5	20.0	1.12	9.0	21.0	1.13	9.85	23.42	1.07	9.0	23.0	1.1	9.5	22.0	1.13	10.07	25.0	1.11	9.11	21.19	1.36	3.1	1.4	3.05	1.41	3.25	1.37	3.01	-2.5	2.03	1.78	2.05	1.83	2.14	1.92	2.01	1.81	scotland																																																																										2023-12-09 15:00:00+00:00	scotland:20231209T1500Z:rangers:dundee:323	scotland:rangers	scotland:dundee	sco.1:2023-24	sco.1:2023-24-rules-v1	53	2.7916666666666665	13.0	2.2	0.2	1.7	0.7	21.639224047579685	7.107368427570158	0.09464988796808647	14	7.0	7.0	1.8	2.0	-0.2	0.5	13.696587415245979	12.55893281667469	0.12325611889888852	2023-24	13.0	7.0	2.7916666666666665	7.0	2.2	1.8	2023-12-09 14:59:59.999999+00:00
SC0	2023-12-09	15:00	St Mirren	Ross County	2	0	H	0	0	D	C Scott	15	9	6	2	9	12	10	4	2	0	0	0	2.15	3.3	3.5	2.2	3.1	3.4	2.2	3.2	3.45	2.26	3.24	3.62	2.15	3.1	3.4	2.2	3.1	3.5	2.26	3.3	3.62	2.19	3.17	3.47	2.4	1.53	2.5	1.58	2.5	1.58	2.4	1.55	-0.25	1.9	1.95	1.92	1.99	1.93	1.99	1.86	1.94	2.15	3.2	3.6	2.2	3.1	3.3	2.2	3.15	3.5	2.24	3.14	3.8	2.15	3.1	3.4	2.2	3.1	3.6	2.24	3.26	3.8	2.18	3.11	3.56	2.5	1.5	2.58	1.55	2.67	1.57	2.48	1.52	-0.25	1.85	2.0	1.89	2.01	1.9	2.06	1.85	1.96	scotland																																																																										2023-12-09 15:00:00+00:00	scotland:20231209T1500Z:st-mirren:ross-county:324	scotland:st-mirren	scotland:ross-county	sco.1:2023-24	sco.1:2023-24-rules-v1	54	2.8020833333333335	3.0	0.2	1.6	-0.7	0.2	9.306721223970255	12.852927472562245	0.06435211937139151	53	3.8020833333333335	7.0	0.8	0.8	-0.5	0.4	9.801359685748047	13.938126446845974	0.11152642067911617	2023-24	3.0	7.0	2.8020833333333335	3.8020833333333335	0.2	0.8	2023-12-09 14:59:59.999999+00:00
SC0	2023-12-10	12:00	Kilmarnock	Celtic	2	1	H	0	1	A	D Munro	13	16	6	7	14	12	5	9	3	1	0	0	6.5	6.0	1.36	7.5	5.0	1.36	7.5	5.25	1.37	8.83	5.41	1.36	8.0	4.8	1.33	8.5	4.8	1.33	9.0	6.0	1.37	8.05	5.14	1.35	1.62	2.25	1.67	2.29	1.67	2.31	1.63	2.24	1.5	1.83	2.03	1.86	2.05	1.87	2.11	1.81	2.01	6.0	5.5	1.4	7.0	4.8	1.39	7.25	5.25	1.4	8.19	5.28	1.39	7.5	4.8	1.35	8.0	5.0	1.36	8.36	5.64	1.42	7.46	5.07	1.37	1.57	2.35	1.63	2.39	1.65	2.45	1.61	2.3	1.25	2.0	1.85	2.03	1.88	2.08	1.89	1.99	1.83	scotland																																																																										2023-12-10 12:00:00+00:00	scotland:20231210T1200Z:kilmarnock:celtic:325	scotland:kilmarnock	scotland:celtic	sco.1:2023-24	sco.1:2023-24-rules-v1	54	3.6770833333333335	7.0	0.4	0.4	0.1	0.4	13.818352870754078	12.675050884820553	0.06698988068204585	54	3.6770833333333335	13.0	3.4	0.6	2.1	0.3	23.490099342910323	6.238738457225977	0.12956109085300785	2023-24	7.0	13.0	3.6770833333333335	3.6770833333333335	0.4	3.4	2023-12-10 11:59:59.999999+00:00
SC0	2023-12-16	15:00	Celtic	Hearts	0	2	A	0	2	A	K Clancy	22	5	5	2	12	3	18	3	1	0	0	0	1.25	6.5	10.0	1.24	6.25	10.5	1.25	6.25	10.0	1.25	6.59	11.28	1.22	6.0	11.0	1.25	6.0	11.0	1.27	6.6	11.28	1.24	6.24	10.44	1.44	2.7	1.46	2.81	1.46	2.88	1.43	2.75	-1.75	1.9	1.95	1.93	1.95	1.94	1.99	1.88	1.91	1.2	7.0	12.0	1.21	6.75	12.0	1.22	6.75	12.0	1.21	7.22	14.48	1.17	6.5	13.0	1.2	7.0	12.0	1.25	7.31	14.48	1.21	6.74	12.35	1.4	2.88	1.4	3.05	1.42	3.22	1.38	2.95	-2.0	1.95	1.9	2.0	1.89	2.07	1.96	1.95	1.86	scotland																																																																										2023-12-16 15:00:00+00:00	scotland:20231216T1500Z:celtic:hearts:326	scotland:celtic	scotland:hearts	sco.1:2023-24	sco.1:2023-24-rules-v1	55	6.125	10.0	3.0	1.0	1.9	0.3	22.12826309874481	7.468058737730344	0.11736816524337006	54	7.0	9.0	1.0	0.8	-0.1	0.4	12.42951142907766	14.64023182391825	0.09778690568363499	2023-24	10.0	9.0	6.125	7.0	3.0	1.0	2023-12-16 14:59:59.999999+00:00
SC0	2023-12-16	15:00	Livingston	Kilmarnock	0	0	D	0	0	D	W Collum	8	11	1	3	17	11	0	8	2	1	0	0	3.4	3.3	2.2	3.3	3.2	2.15	3.35	3.3	2.2	3.64	3.26	2.24	3.25	3.2	2.15	3.5	3.1	2.2	3.64	3.3	2.25	3.41	3.2	2.2	2.25	1.62	2.33	1.65	2.36	1.67	2.25	1.62	0.25	1.95	1.9	2.0	1.9	2.02	1.94	1.93	1.87	3.6	3.3	2.15	3.5	3.1	2.15	3.45	3.2	2.2	3.82	3.2	2.21	3.4	3.2	2.1	3.6	3.2	2.15	3.82	3.33	2.25	3.57	3.16	2.17	2.4	1.53	2.52	1.57	2.54	1.6	2.4	1.56	0.25	2.0	1.85	2.04	1.87	2.08	1.9	1.98	1.84	scotland																																																																										2023-12-16 15:00:00+00:00	scotland:20231216T1500Z:livingston:kilmarnock:327	scotland:livingston	scotland:kilmarnock	sco.1:2023-24	sco.1:2023-24-rules-v1	53	7.0	0.0	0.0	1.2	-1.1	0.1	9.617234556018515	12.749520598848232	0.03576006016022261	55	6.125	7.0	0.6	0.6	0.2	0.4	13.66956143970788	13.279587087580452	0.0827819303482473	2023-24	0.0	7.0	7.0	6.125	0.0	0.6	2023-12-16 14:59:59.999999+00:00
SC0	2023-12-16	15:00	Ross County	Dundee	0	1	A	0	0	D	C Steven	10	17	3	3	10	10	2	9	1	2	0	0	2.3	3.3	3.1	2.2	3.3	3.2	2.3	3.3	3.15	2.36	3.3	3.33	2.2	3.3	3.1	2.3	3.2	3.2	2.36	3.35	3.35	2.27	3.26	3.19	2.1	1.7	2.15	1.76	2.15	1.78	2.06	1.74	-0.25	1.98	1.88	2.01	1.89	2.02	1.95	1.94	1.87	2.25	3.3	3.2	2.25	3.2	3.1	2.35	3.25	3.1	2.34	3.31	3.34	2.2	3.2	3.2	2.25	3.3	3.25	2.35	3.38	3.35	2.27	3.23	3.22	2.1	1.7	2.15	1.76	2.21	1.77	2.1	1.72	-0.25	1.95	1.9	2.0	1.91	2.0	1.96	1.93	1.88	scotland																																																																										2023-12-16 15:00:00+00:00	scotland:20231216T1500Z:ross-county:dundee:328	scotland:ross-county	scotland:dundee	sco.1:2023-24	sco.1:2023-24-rules-v1	54	7.0	7.0	0.8	0.6	-0.3	0.4	9.655657924702947	14.13119436560125	0.09124888964654959	15	7.0	7.0	2.0	1.6	-0.1	0.5	12.8426624306558	13.911854122733835	0.12104793566474717	2023-24	7.0	7.0	7.0	7.0	0.8	2.0	2023-12-16 14:59:59.999999+00:00
SC0	2023-12-16	15:00	St Johnstone	Hibernian	1	0	H	0	0	D	G Grainger	14	3	7	0	10	8	5	5	2	3	0	0	3.5	3.3	2.15	3.3	3.3	2.15	3.35	3.3	2.2	3.65	3.35	2.19	3.3	3.25	2.1	3.4	3.25	2.2	3.65	3.4	2.2	3.41	3.28	2.16	2.15	1.67	2.17	1.75	2.17	1.75	2.11	1.71	0.25	2.0	1.85	2.03	1.88	2.04	1.92	1.95	1.85	3.6	3.4	2.05	3.6	3.3	2.05	3.55	3.4	2.1	3.79	3.43	2.11	3.4	3.25	2.05	3.6	3.4	2.05	3.79	3.48	2.34	3.56	3.33	2.09	2.05	1.75	2.1	1.79	2.21	1.83	2.07	1.74	0.25	2.08	1.73	2.11	1.81	2.16	1.95	2.03	1.79	scotland																																																																										2023-12-16 15:00:00+00:00	scotland:20231216T1500Z:st-johnstone:hibernian:329	scotland:st-johnstone	scotland:hibernian	sco.1:2023-24	sco.1:2023-24-rules-v1	54	7.0	7.0	0.8	1.0	-0.4	0.3	10.106050824835474	15.543236977470322	0.0943871453997116	55	7.0	12.0	1.4	1.0	-0.2	0.4	8.547128303031446	17.449402861151093	0.17422030960456597	2023-24	7.0	12.0	7.0	7.0	0.8	1.4	2023-12-16 14:59:59.999999+00:00
SC0	2023-12-16	15:00	St Mirren	Motherwell	0	0	D	0	0	D	C Napier	11	8	3	4	11	11	6	4	1	1	0	0	1.95	3.4	4.0	2.05	3.3	3.6	2.05	3.35	3.75	2.02	3.36	4.22	1.95	3.25	3.75	2.0	3.2	4.0	2.05	3.4	4.22	2.0	3.3	3.87	2.3	1.6	2.33	1.65	2.37	1.65	2.28	1.61	-0.5	2.0	1.85	2.02	1.88	2.05	1.89	2.0	1.82	1.95	3.4	4.0	1.98	3.25	3.8	2.0	3.3	3.95	2.01	3.38	4.31	1.91	3.25	3.9	1.95	3.3	4.1	2.04	3.47	4.31	1.97	3.29	4.05	2.25	1.62	2.37	1.64	2.42	1.64	2.31	1.6	-0.5	1.98	1.88	2.01	1.91	2.02	1.95	1.96	1.86	scotland																																																																										2023-12-16 15:00:00+00:00	scotland:20231216T1500Z:st-mirren:motherwell:330	scotland:st-mirren	scotland:motherwell	sco.1:2023-24	sco.1:2023-24-rules-v1	55	7.0	6.0	0.6	0.8	-0.5	0.3	10.341862819612027	12.152395204823653	0.07689415827356275	55	7.0	3.0	1.2	2.0	-0.9	0.0	11.44656721115146	14.194856538322863	0.12196397808638612	2023-24	6.0	3.0	7.0	7.0	0.6	1.2	2023-12-16 14:59:59.999999+00:00
SC0	2023-12-20	19:45	Aberdeen	Livingston	2	1	H	1	1	D	N Walsh	11	11	6	4	8	15	1	3	0	3	0	0	1.7	4.33	4.33	1.68	3.7	4.8	1.7	3.9	4.7	1.72	3.92	5.14	1.65	3.6	5.0	1.7	3.6	5.25	1.72	4.33	5.25	1.69	3.8	4.86	2.0	1.85	2.07	1.83	2.1	1.85	2.01	1.78	-0.75	1.9	1.95	1.93	1.97	1.94	1.97	1.89	1.9	1.6	4.0	5.5	1.58	3.8	5.5	1.6	3.9	5.5	1.64	4.04	5.82	1.57	3.8	5.5	1.6	3.9	5.5	1.64	4.1	5.82	1.61	3.88	5.53	2.05	1.75	2.09	1.8	2.1	1.82	2.02	1.77	-0.75	1.78	2.1	1.81	2.11	1.81	2.14	1.77	2.05	scotland																																																																										2023-12-20 19:45:00+00:00	scotland:20231220T1945Z:aberdeen:livingston:331	scotland:aberdeen	scotland:livingston	sco.1:2023-24	sco.1:2023-24-rules-v1	53	11.197916666666666	4.0	0.6	2.2	-0.2	0.2	12.647701108384403	12.338300307079603	0.09548243793067741	54	4.197916666666667	1.0	0.0	1.0	-0.8	0.2	9.323191909469694	12.431425944512188	0.02925823104018213	2023-24	4.0	1.0	11.197916666666666	4.197916666666667	0.6	0.0	2023-12-20 19:44:59.999999+00:00
SC0	2023-12-20	19:45	Rangers	St Johnstone	2	0	H	1	0	H	A Muir	28	2	8	0	7	11	10	2	2	2	0	1	1.13	8.5	19.0	1.13	8.5	18.5	1.15	8.25	19.0	1.13	9.84	21.17	1.08	8.0	23.0	1.12	8.5	21.0	1.15	9.84	23.0	1.12	8.49	19.73	1.44	2.7	1.47	2.76	1.47	2.76	1.44	2.67	-2.25	1.93	1.93	1.95	1.93	1.95	2.02	1.9	1.9	1.13	8.5	19.0	1.12	8.75	20.0	1.12	8.25	21.0	1.13	9.71	24.33	1.08	8.5	21.0	1.11	8.5	22.0	1.14	9.71	24.33	1.12	8.6	20.63	1.48	2.6	1.5	2.67	1.51	2.69	1.47	2.61	-2.25	1.93	1.93	1.95	1.93	1.95	1.97	1.9	1.9	scotland																																																																										2023-12-20 19:45:00+00:00	scotland:20231220T1945Z:rangers:st-johnstone:332	scotland:rangers	scotland:st-johnstone	sco.1:2023-24	sco.1:2023-24-rules-v1	54	11.197916666666666	13.0	1.8	0.4	1.8	0.6	21.341183311656106	7.451483258921038	0.10471354470116165	55	4.197916666666667	7.0	0.8	1.0	-0.3	0.4	10.814041583956296	13.26264843611208	0.09021285922314067	2023-24	13.0	7.0	11.197916666666666	4.197916666666667	1.8	0.8	2023-12-20 19:44:59.999999+00:00
SC0	2023-12-23	15:00	Celtic	Livingston	2	0	H	0	0	D	M MacDermid	22	0	7	0	5	4	14	0	0	1	0	0	1.1	9.0	26.0	1.1	10.0	23.0	1.1	9.5	23.0	1.1	11.68	25.45	1.06	9.0	29.0	1.09	9.5	26.0	1.11	11.68	31.0	1.09	9.62	23.96	1.4	2.88	1.42	2.95	1.42	3.1	1.39	2.91	-2.5	1.95	1.9	2.01	1.88	2.01	1.91	1.94	1.87	1.07	11.0	29.0	1.08	12.0	26.0	1.1	9.0	27.0	1.08	13.62	34.21	1.04	11.0	29.0	1.06	12.0	29.0	1.1	14.0	34.21	1.07	11.31	28.6	1.3	3.5	1.32	3.41	1.38	3.5	1.31	3.32	-2.75	1.95	1.9	1.93	1.93	2.03	1.95	1.93	1.88	scotland																																																																										2023-12-23 15:00:00+00:00	scotland:20231223T1500Z:celtic:livingston:333	scotland:celtic	scotland:livingston	sco.1:2023-24	sco.1:2023-24-rules-v1	56	7.0	7.0	1.8	1.4	1.5	0.3	22.10494253533666	7.019320785415736	0.09602849883548459	55	2.8020833333333335	1.0	0.2	1.2	-0.9	0.2	9.62806610774793	12.171166681873608	0.04046747828907463	2023-24	7.0	1.0	7.0	2.8020833333333335	1.8	0.2	2023-12-23 14:59:59.999999+00:00
SC0	2023-12-23	15:00	Hearts	St Mirren	2	0	H	1	0	H	N Walsh	12	11	6	4	16	9	8	6	2	3	0	0	1.95	3.4	4.2	1.95	3.4	3.75	1.97	3.35	3.95	2.0	3.49	4.11	1.91	3.4	3.8	1.95	3.4	3.9	2.0	3.5	4.2	1.95	3.4	3.92	2.15	1.67	2.17	1.75	2.17	1.75	2.12	1.69	-0.5	1.98	1.88	2.0	1.9	2.0	1.91	1.95	1.86	1.83	3.5	4.75	1.87	3.4	4.2	1.85	3.45	4.4	1.9	3.53	4.57	1.83	3.3	4.2	1.87	3.5	4.2	1.94	3.54	4.77	1.87	3.44	4.31	2.15	1.67	2.18	1.74	2.23	1.74	2.13	1.7	-0.5	1.88	1.98	1.9	2.01	1.94	2.02	1.87	1.94	scotland																																																																										2023-12-23 15:00:00+00:00	scotland:20231223T1500Z:hearts:st-mirren:334	scotland:hearts	scotland:st-mirren	sco.1:2023-24	sco.1:2023-24-rules-v1	55	7.0	9.0	1.0	0.6	0.0	0.4	11.078691169245356	15.978371492296748	0.15273474101388318	56	7.0	4.0	0.4	0.8	-0.2	0.4	10.461524125137112	11.39741425849208	0.06291340222382406	2023-24	9.0	4.0	7.0	7.0	1.0	0.4	2023-12-23 14:59:59.999999+00:00
SC0	2023-12-23	15:00	Kilmarnock	St Johnstone	2	1	H	2	0	H	J Beaton	14	9	5	4	12	8	5	1	0	1	0	0	1.73	3.6	5.25	1.73	3.5	4.8	1.75	3.55	4.9	1.75	3.67	5.4	1.7	3.5	4.75	1.75	3.4	5.25	1.81	3.75	5.4	1.73	3.55	4.94	2.15	1.67	2.31	1.67	2.31	1.67	2.22	1.64	-0.75	2.03	1.83	1.98	1.92	2.07	1.92	1.97	1.83	1.65	3.8	5.75	1.63	3.7	5.25	1.67	3.75	5.5	1.68	3.77	5.91	1.6	3.7	5.5	1.65	3.75	5.5	1.69	3.87	5.91	1.65	3.72	5.48	2.1	1.7	2.16	1.75	2.21	1.78	2.09	1.73	-0.75	1.83	2.03	1.88	2.03	1.9	2.08	1.82	1.99	scotland																																																																										2023-12-23 15:00:00+00:00	scotland:20231223T1500Z:kilmarnock:st-johnstone:335	scotland:kilmarnock	scotland:st-johnstone	sco.1:2023-24	sco.1:2023-24-rules-v1	56	7.0	8.0	0.6	0.4	0.4	0.5	13.184186632488265	12.319662162565825	0.0677306702849296	56	2.8020833333333335	7.0	0.8	1.2	-0.5	0.3	9.211488568691514	15.94216690227352	0.07381052118256963	2023-24	8.0	7.0	7.0	2.8020833333333335	0.6	0.8	2023-12-23 14:59:59.999999+00:00
SC0	2023-12-24	12:00	Motherwell	Rangers	0	2	A	0	2	A	D Dickinson	7	14	0	6	16	10	3	5	3	1	0	0	9.5	5.25	1.33	8.5	5.0	1.33	9.0	5.25	1.33	9.66	5.57	1.34	9.0	5.0	1.29	8.5	5.25	1.3	9.66	5.57	1.34	8.82	5.2	1.32	1.62	2.25	1.64	2.36	1.71	2.36	1.61	2.27	1.5	1.9	1.95	1.93	1.97	1.93	1.98	1.88	1.92	9.0	6.0	1.29	10.0	5.75	1.27	9.0	5.5	1.3	11.42	6.24	1.28	11.0	5.8	1.22	11.0	6.0	1.25	12.0	6.25	1.3	10.46	5.86	1.26	1.57	2.35	1.61	2.41	1.63	2.53	1.58	2.34	1.5	2.03	1.83	2.07	1.85	2.11	1.89	2.03	1.8	scotland																																																																										2023-12-24 12:00:00+00:00	scotland:20231224T1200Z:motherwell:rangers:336	scotland:motherwell	scotland:rangers	sco.1:2023-24	sco.1:2023-24-rules-v1	56	7.875	4.0	1.0	1.6	-0.7	0.1	10.819918627305741	13.61397353135507	0.09978870934340682	55	3.6770833333333335	13.0	1.8	0.4	2.2	0.7	22.551877254991357	6.460304484571758	0.09866173137887252	2023-24	4.0	13.0	7.875	3.6770833333333335	1.0	1.8	2023-12-24 11:59:59.999999+00:00
SC0	2023-12-26	15:00	Dundee	Celtic	0	3	A	0	0	D	D Robertson	5	38	1	7	3	9	1	23	1	1	0	0	11.0	5.5	1.29	9.25	5.75	1.28	9.5	5.75	1.3	9.98	6.14	1.3	10.0	5.5	1.25	9.5	5.75	1.25	11.0	6.2	1.3	9.55	5.74	1.28	1.5	2.5	1.53	2.61	1.53	2.61	1.5	2.52	1.5	2.03	1.78	2.07	1.85	2.08	1.85	2.01	1.8	10.0	6.5	1.25	9.5	5.75	1.27	9.5	5.75	1.3	11.43	6.32	1.26	10.0	5.8	1.25	10.5	6.0	1.25	11.43	6.61	1.3	10.15	6.01	1.26	1.44	2.7	1.47	2.75	1.56	2.96	1.46	2.65	1.75	1.88	1.98	1.9	1.99	1.92	2.02	1.86	1.95	scotland																																																																										2023-12-26 15:00:00+00:00	scotland:20231226T1500Z:dundee:celtic:337	scotland:dundee	scotland:celtic	sco.1:2023-24	sco.1:2023-24-rules-v1	16	10.0	7.0	2.0	1.6	0.0	0.6	13.598541988718381	13.20060791860041	0.10973440725511399	57	3.0	9.0	2.0	1.2	1.4	0.4	22.085862074366357	5.743080642612874	0.0950976973943221	2023-24	7.0	9.0	10.0	3.0	2.0	2.0	2023-12-26 14:59:59.999999+00:00
SC0	2023-12-27	19:45	Livingston	St Johnstone	0	0	D	0	0	D	K Clancy	14	4	3	2	12	12	6	3	2	2	0	0	2.38	3.25	3.2	2.35	3.1	3.1	2.35	3.15	3.2	2.38	3.13	3.41	2.25	3.1	3.1	2.3	3.1	3.2	2.42	3.25	3.41	2.34	3.11	3.21	2.5	1.5	2.66	1.51	2.66	1.55	2.51	1.51	-0.25	1.98	1.88	2.01	1.88	2.11	1.89	1.98	1.82	2.3	3.0	3.4	2.3	2.9	3.4	2.35	3.0	3.4	2.32	3.08	3.69	2.25	3.0	3.25	2.25	3.1	3.4	2.44	3.1	3.69	2.31	2.99	3.41	2.6	1.48	2.7	1.51	2.72	1.51	2.61	1.48	-0.25	1.93	1.93	1.95	1.95	2.05	1.98	1.93	1.88	scotland																																																																										2023-12-27 19:45:00+00:00	scotland:20231227T1945Z:livingston:st-johnstone:338	scotland:livingston	scotland:st-johnstone	sco.1:2023-24	sco.1:2023-24-rules-v1	56	4.197916666666667	1.0	0.2	1.2	-1.3	0.1	7.877508633611942	13.958227285169315	0.04046747828907463	57	4.197916666666667	7.0	0.8	1.0	-0.2	0.3	9.173036101656693	15.589045647314697	0.08059244662412263	2023-24	1.0	7.0	4.197916666666667	4.197916666666667	0.2	0.8	2023-12-27 19:44:59.999999+00:00
SC0	2023-12-27	19:45	St Mirren	Kilmarnock	0	1	A	0	1	A	E Anderson	11	12	6	3	7	10	4	4	3	2	0	0	2.75	3.0	2.8	2.6	3.1	2.7	2.7	3.1	2.75	2.71	3.08	2.94	2.6	3.1	2.7	2.6	3.1	2.7	2.75	3.2	2.97	2.65	3.06	2.79	2.4	1.53	2.44	1.59	2.44	1.6	2.35	1.57	0.0	1.85	2.0	1.87	2.03	1.91	2.03	1.85	1.95	2.88	2.9	2.75	2.8	2.95	2.65	2.85	3.0	2.7	3.03	3.0	2.75	2.7	3.0	2.6	2.8	3.0	2.7	3.03	3.04	2.81	2.86	2.95	2.69	2.6	1.48	2.64	1.53	2.65	1.55	2.55	1.5	0.0	2.03	1.83	2.05	1.89	2.07	1.89	1.99	1.84	scotland																																																																										2023-12-27 19:45:00+00:00	scotland:20231227T1945Z:st-mirren:kilmarnock:339	scotland:st-mirren	scotland:kilmarnock	sco.1:2023-24	sco.1:2023-24-rules-v1	57	4.197916666666667	4.0	0.4	1.0	-0.8	0.3	10.559428829657637	11.50697530240261	0.05147460181949241	57	4.197916666666667	10.0	1.0	0.6	0.3	0.5	13.332516335672215	11.716087223917492	0.08139002893442292	2023-24	4.0	10.0	4.197916666666667	4.197916666666667	0.4	1.0	2023-12-27 19:44:59.999999+00:00
SC0	2023-12-27	20:00	Hibernian	Hearts	0	1	A	0	0	D	J Beaton	16	10	3	3	11	10	6	5	2	3	0	0	2.45	3.5	2.7	2.37	3.4	2.8	2.45	3.45	2.85	2.59	3.39	2.84	2.38	3.3	2.75	2.45	3.4	2.7	2.59	3.5	2.88	2.45	3.38	2.78	1.93	1.93	1.94	1.93	1.94	1.95	1.89	1.88	0.0	1.83	2.03	1.85	2.04	1.85	2.14	1.79	2.02	2.6	3.3	2.6	2.6	3.2	2.6	2.7	3.3	2.65	2.78	3.31	2.74	2.62	3.25	2.5	2.63	3.25	2.7	2.85	3.42	2.74	2.68	3.24	2.63	2.05	1.75	2.08	1.81	2.21	1.83	2.04	1.76	0.0	1.93	1.93	1.97	1.93	1.97	1.95	1.93	1.89	scotland																																																																										2023-12-27 20:00:00+00:00	scotland:20231227T2000Z:hibernian:hearts:340	scotland:hibernian	scotland:hearts	sco.1:2023-24	sco.1:2023-24-rules-v1	56	11.208333333333334	9.0	1.2	1.2	-0.3	0.4	7.538559520662092	16.822238704578165	0.14254388967646306	56	4.208333333333333	9.0	1.2	0.6	0.2	0.5	11.2462018657462	15.073213039151884	0.15526781840529835	2023-24	9.0	9.0	11.208333333333334	4.208333333333333	1.2	1.2	2023-12-27 19:59:59.999999+00:00
SC0	2023-12-30	12:30	Celtic	Rangers	2	1	H	1	0	H	N Walsh	12	14	5	3	18	14	4	2	7	3	0	1	2.15	3.6	3.1	2.15	3.5	3.1	2.15	3.6	3.2	2.21	3.56	3.39	2.1	3.5	3.1	2.15	3.5	3.25	2.21	3.6	3.39	2.15	3.51	3.23	1.83	2.03	1.86	2.03	1.86	2.1	1.8	1.99	-0.25	1.9	1.95	1.91	2.0	1.92	2.0	1.86	1.94	2.1	3.5	3.5	2.15	3.4	3.2	2.15	3.5	3.3	2.11	3.65	3.57	2.0	3.5	3.3	2.1	3.5	3.4	2.16	3.66	3.76	2.09	3.5	3.4	1.9	1.95	1.86	2.03	1.91	2.04	1.84	1.94	-0.25	1.8	2.05	1.83	2.09	1.87	2.14	1.8	2.02	scotland																																																																										2023-12-30 12:30:00+00:00	scotland:20231230T1230Z:celtic:rangers:341	scotland:celtic	scotland:rangers	sco.1:2023-24	sco.1:2023-24-rules-v1	58	3.8958333333333335	9.0	2.0	1.0	1.7	0.4	24.979341697208838	5.607975071228715	0.09216127394463675	56	6.020833333333333	15.0	2.0	0.2	2.1	0.7	20.996990481356566	6.558430941922347	0.10669726073855802	2023-24	9.0	15.0	3.8958333333333335	6.020833333333333	2.0	2.0	2023-12-30 12:29:59.999999+00:00
SC0	2023-12-30	15:00	Aberdeen	St Mirren	0	3	A	0	1	A	G Irvine	18	10	3	5	9	11	13	2	1	0	0	0	1.91	3.5	4.0	1.93	3.4	3.9	1.95	3.45	3.9	1.99	3.47	4.17	1.91	3.4	3.8	1.95	3.3	4.1	1.99	3.55	4.2	1.95	3.4	3.97	2.15	1.67	2.23	1.71	2.23	1.74	2.13	1.69	-0.5	1.95	1.9	1.99	1.91	1.99	1.94	1.94	1.87	1.8	3.5	5.0	1.75	3.4	4.75	1.77	3.5	4.9	1.81	3.53	5.19	1.73	3.5	4.5	1.75	3.6	4.8	1.94	3.75	5.27	1.78	3.46	4.85	2.25	1.62	2.32	1.66	2.37	1.74	2.25	1.63	-0.75	2.0	1.85	2.06	1.85	2.18	1.92	2.02	1.8	scotland																																																																										2023-12-30 15:00:00+00:00	scotland:20231230T1500Z:aberdeen:st-mirren:342	scotland:aberdeen	scotland:st-mirren	sco.1:2023-24	sco.1:2023-24-rules-v1	54	9.802083333333334	7.0	1.0	1.2	-0.5	0.1	12.348119088678148	12.094972978519674	0.11117984591022366	58	2.8020833333333335	4.0	0.4	0.8	-0.8	0.3	10.639532678810793	11.596616156511226	0.042115583306857426	2023-24	7.0	4.0	9.802083333333334	2.8020833333333335	1.0	0.4	2023-12-30 14:59:59.999999+00:00
SC0	2023-12-30	15:00	Hearts	Ross County	2	2	D	0	0	D	A Muir	20	14	7	2	14	14	9	5	2	2	0	0	1.7	3.8	5.0	1.7	3.6	4.8	1.73	3.75	4.8	1.72	3.84	5.3	1.65	3.6	5.0	1.7	3.6	5.25	1.74	3.85	5.3	1.7	3.71	4.93	2.05	1.8	2.04	1.86	2.09	1.88	1.99	1.8	-0.75	1.93	1.93	1.93	1.97	1.96	2.0	1.9	1.9	1.62	4.0	5.25	1.66	3.7	5.0	1.63	3.9	5.25	1.66	3.99	5.61	1.62	3.75	5.0	1.62	3.9	5.25	1.69	4.09	5.61	1.64	3.85	5.23	1.98	1.88	2.0	1.89	2.04	1.94	1.94	1.85	-0.75	1.8	2.05	1.85	2.06	1.85	2.13	1.82	2.0	scotland																																																																										2023-12-30 15:00:00+00:00	scotland:20231230T1500Z:hearts:ross-county:343	scotland:hearts	scotland:ross-county	sco.1:2023-24	sco.1:2023-24-rules-v1	57	2.7916666666666665	9.0	1.2	0.6	0.6	0.6	11.0196197083378	15.241719759306086	0.14521912414978955	55	14.0	7.0	0.8	0.6	-0.3	0.4	9.718265574756956	14.652795390037387	0.07465818243808603	2023-24	9.0	7.0	2.7916666666666665	14.0	1.2	0.8	2023-12-30 14:59:59.999999+00:00
SC0	2023-12-30	15:00	Kilmarnock	Dundee	2	2	D	0	1	A	D Dickinson	11	7	4	2	12	10	7	8	2	1	0	0	1.83	3.6	4.5	1.8	3.5	4.33	1.83	3.55	4.4	1.86	3.63	4.63	1.75	3.5	4.4	1.85	3.4	4.4	1.87	3.63	4.63	1.83	3.53	4.38	2.05	1.75	2.1	1.79	2.16	1.81	2.04	1.75	-0.5	1.83	2.03	1.86	2.05	1.86	2.11	1.83	2.0	1.73	3.75	4.75	1.72	3.7	4.6	1.75	3.7	4.6	1.75	3.7	5.27	1.67	3.7	4.6	1.7	3.75	4.8	1.8	3.82	5.27	1.74	3.67	4.75	2.0	1.85	2.01	1.88	2.03	1.93	1.95	1.84	-0.75	1.93	1.93	1.98	1.93	1.98	1.97	1.93	1.88	scotland																																																																										2023-12-30 15:00:00+00:00	scotland:20231230T1500Z:kilmarnock:dundee:344	scotland:kilmarnock	scotland:dundee	sco.1:2023-24	sco.1:2023-24-rules-v1	58	2.8020833333333335	13.0	1.2	0.4	0.2	0.5	13.090240638277265	11.585889546841583	0.08174335700695208	17	4.0	4.0	1.2	2.2	-0.3	0.5	12.035170718042313	17.7095882970367	0.08978269684509325	2023-24	13.0	4.0	2.8020833333333335	4.0	1.2	1.2	2023-12-30 14:59:59.999999+00:00
SC0	2023-12-30	15:00	Motherwell	Livingston	3	1	H	3	1	H	C Graham	7	10	4	1	12	14	4	3	4	3	0	0	2.0	3.4	4.0	1.98	3.25	3.75	2.0	3.35	3.8	2.03	3.37	4.18	1.91	3.3	3.8	2.0	3.2	4.0	2.05	3.4	4.18	1.99	3.32	3.9	2.25	1.62	2.29	1.68	2.3	1.7	2.21	1.64	-0.5	2.0	1.85	2.03	1.88	2.05	1.91	1.98	1.83	2.1	3.25	3.8	2.1	3.1	3.6	2.15	3.2	3.6	2.14	3.25	3.95	2.05	3.2	3.5	2.1	3.2	3.7	2.18	3.28	4.16	2.11	3.18	3.69	2.35	1.57	2.37	1.63	2.44	1.63	2.31	1.6	-0.25	1.78	2.1	1.82	2.11	1.85	2.2	1.79	2.03	scotland																																																																										2023-12-30 15:00:00+00:00	scotland:20231230T1500Z:motherwell:livingston:345	scotland:motherwell	scotland:livingston	sco.1:2023-24	sco.1:2023-24-rules-v1	57	6.125	3.0	0.8	1.8	-0.9	0.1	10.125387967795607	13.684160162017783	0.08164530764460558	57	2.8020833333333335	2.0	0.2	1.0	-1.1	0.2	8.990688882046134	12.147640506047619	0.03182393923703928	2023-24	3.0	2.0	6.125	2.8020833333333335	0.8	0.2	2023-12-30 14:59:59.999999+00:00
SC0	2024-01-02	15:00	Hibernian	Motherwell	2	2	D	1	1	D	D Robertson	12	9	3	4	10	10	7	3	2	2	0	0	1.91	3.4	4.0	1.95	3.4	3.7	1.97	3.5	3.75	2.03	3.52	3.99	1.91	3.5	3.6	1.95	3.5	3.75	2.04	3.58	4.0	1.97	3.46	3.78	2.0	1.85	2.02	1.88	2.02	1.95	1.93	1.85	-0.5	1.98	1.88	2.03	1.88	2.03	1.92	1.97	1.84	1.91	3.4	4.0	1.95	3.5	3.6	1.97	3.5	3.75	2.0	3.61	3.91	1.91	3.5	3.6	2.0	3.5	3.7	2.04	3.65	4.12	1.97	3.48	3.8	1.93	1.93	1.98	1.91	1.98	2.03	1.89	1.89	-0.5	1.98	1.88	2.0	1.9	2.04	1.93	1.95	1.86	scotland																																																																										2024-01-02 15:00:00+00:00	scotland:20240102T1500Z:hibernian:motherwell:346	scotland:hibernian	scotland:motherwell	sco.1:2023-24	sco.1:2023-24-rules-v1	57	5.791666666666667	6.0	0.8	1.2	0.0	0.4	9.077003244178076	15.581831667382135	0.11662681882619703	58	3.0	5.0	0.8	1.4	-0.5	0.1	9.557135610014587	13.01431285983273	0.14472278417675521	2023-24	6.0	5.0	5.791666666666667	3.0	0.8	0.8	2024-01-02 14:59:59.999999+00:00
SC0	2024-01-02	15:00	Livingston	Hearts	1	2	A	0	0	D	D Dickinson	10	10	3	5	12	16	2	3	1	3	0	0	4.0	3.6	1.91	4.0	3.3	1.9	4.0	3.45	1.95	4.35	3.6	1.92	4.0	3.4	1.85	4.2	3.4	1.9	4.35	3.6	1.97	4.08	3.45	1.91	2.2	1.65	2.31	1.66	2.36	1.68	2.26	1.62	0.5	1.95	1.9	1.99	1.92	2.0	1.96	1.92	1.9	4.0	3.6	1.91	4.1	3.3	1.9	4.1	3.45	1.95	4.37	3.47	1.95	4.0	3.3	1.91	4.1	3.4	1.91	4.4	3.65	1.98	4.11	3.41	1.92	2.2	1.65	2.31	1.67	2.32	1.71	2.22	1.64	0.5	1.93	1.93	1.95	1.95	1.97	2.0	1.9	1.92	scotland																																																																										2024-01-02 15:00:00+00:00	scotland:20240102T1500Z:livingston:hearts:347	scotland:livingston	scotland:hearts	sco.1:2023-24	sco.1:2023-24-rules-v1	58	3.0	2.0	0.4	1.4	-1.1	0.2	9.174199994401382	11.211705868584415	0.044219586648486686	58	3.0	10.0	1.6	0.8	0.7	0.6	12.652416125003654	15.015952530341341	0.13699746521346418	2023-24	2.0	10.0	3.0	3.0	0.4	1.6	2024-01-02 14:59:59.999999+00:00
SC0	2024-01-02	15:00	Rangers	Kilmarnock	3	1	H	2	0	H	J Beaton	18	6	6	2	10	13	7	5	1	3	0	0	1.25	7.0	9.5	1.24	5.75	11.5	1.25	6.25	12.0	1.24	6.52	13.01	1.2	5.8	12.0	1.22	6.0	13.0	1.25	7.0	14.0	1.23	6.14	12.16	1.57	2.35	1.6	2.42	1.62	2.42	1.58	2.33	-1.75	1.93	1.93	1.93	1.95	1.96	1.99	1.89	1.91	1.22	7.0	11.0	1.21	6.25	13.0	1.22	6.5	12.0	1.21	6.94	15.63	1.18	6.0	13.0	1.2	6.5	15.0	1.26	7.11	15.63	1.21	6.49	13.26	1.57	2.35	1.63	2.36	1.63	2.45	1.59	2.32	-1.75	1.83	2.03	1.85	2.05	1.91	2.11	1.83	1.99	scotland																																																																										2024-01-02 15:00:00+00:00	scotland:20240102T1500Z:rangers:kilmarnock:348	scotland:rangers	scotland:kilmarnock	sco.1:2023-24	sco.1:2023-24-rules-v1	57	3.1041666666666665	12.0	1.8	0.6	1.6	0.6	19.72481039383719	7.547807134300101	0.10028477177310591	59	3.0	11.0	1.4	0.8	0.3	0.5	12.710196885863215	10.752091447415841	0.09993877969990293	2023-24	12.0	11.0	3.1041666666666665	3.0	1.8	1.4	2024-01-02 14:59:59.999999+00:00
SC0	2024-01-02	15:00	Ross County	Aberdeen	0	3	A	0	2	A	M MacDermid	5	16	3	7	14	9	4	5	4	3	1	0	3.3	3.25	2.3	3.1	3.25	2.2	3.15	3.25	2.3	3.34	3.37	2.31	3.1	3.25	2.2	3.25	3.3	2.25	3.4	3.37	2.35	3.21	3.27	2.26	2.08	1.73	2.12	1.78	2.16	1.81	2.08	1.73	0.25	1.9	1.95	1.93	1.98	1.96	1.99	1.88	1.92	3.1	3.25	2.4	2.9	3.3	2.35	3.0	3.3	2.4	3.08	3.32	2.49	3.0	3.25	2.25	3.1	3.3	2.3	3.33	3.4	2.49	3.06	3.28	2.34	2.05	1.75	2.08	1.83	2.15	1.85	2.02	1.77	0.25	1.78	2.1	1.8	2.13	1.92	2.16	1.82	2.0	scotland																																																																										2024-01-02 15:00:00+00:00	scotland:20240102T1500Z:ross-county:aberdeen:349	scotland:ross-county	scotland:aberdeen	sco.1:2023-24	sco.1:2023-24-rules-v1	56	3.0	7.0	1.2	1.0	-0.3	0.3	10.496762742982963	15.62501441003059	0.08705799342336908	55	3.0	6.0	0.8	1.6	-1.0	0.1	13.375733799827575	11.714068800607006	0.09096532847200117	2023-24	7.0	6.0	3.0	3.0	1.2	0.8	2024-01-02 14:59:59.999999+00:00
SC0	2024-01-02	17:00	St Mirren	Celtic	0	3	A	0	2	A	D Munro	3	24	0	11	9	8	1	12	0	0	1	0	13.0	6.0	1.25	11.0	6.0	1.24	12.0	6.0	1.25	12.95	6.28	1.25	13.0	5.8	1.2	13.0	6.0	1.22	13.0	6.5	1.27	12.1	6.0	1.23	1.57	2.35	1.6	2.41	1.63	2.41	1.58	2.33	1.75	1.88	1.98	1.9	1.98	1.98	2.01	1.89	1.92	10.0	6.0	1.25	10.0	5.75	1.26	11.0	6.0	1.25	13.05	6.35	1.25	11.0	6.0	1.2	11.0	6.0	1.25	13.05	6.5	1.29	11.31	6.05	1.24	1.53	2.4	1.57	2.49	1.61	2.66	1.53	2.46	1.75	1.9	1.95	1.9	1.99	1.94	2.03	1.88	1.93	scotland																																																																										2024-01-02 17:00:00+00:00	scotland:20240102T1700Z:st-mirren:celtic:350	scotland:st-mirren	scotland:celtic	sco.1:2023-24	sco.1:2023-24-rules-v1	59	3.0833333333333335	7.0	1.0	0.6	-0.5	0.4	10.523254009936103	12.760867764418276	0.08900365906924698	59	3.1875	9.0	1.6	1.0	1.7	0.4	22.61946138862541	7.133797785550767	0.10570770898500582	2023-24	7.0	9.0	3.0833333333333335	3.1875	1.0	1.6	2024-01-02 16:59:59.999999+00:00
SC0	2024-01-23	19:45	Hearts	Dundee	3	2	H	0	2	A	C Graham	15	8	6	4	10	12	7	1	1	6	0	0	1.73	3.75	5.0	1.73	3.6	4.5				1.75	3.87	4.95	1.7	3.7	4.5	1.73	3.75	4.75	1.75	3.89	5.0	1.73	3.74	4.65	1.93	1.93	1.93	1.96	1.94	1.96	1.89	1.88	-0.75	1.95	1.9	1.97	1.93	1.97	1.93	1.92	1.87	1.73	3.75	4.75	1.73	3.6	4.6				1.77	3.8	4.94	1.7	3.6	4.5	1.73	3.7	4.75	1.81	3.82	4.95	1.75	3.64	4.64	2.03	1.83	2.02	1.87	2.07	1.91	2.0	1.8	-0.75	1.98	1.88	2.01	1.9	2.05	1.94	1.97	1.84	scotland																																																																										2024-01-23 19:45:00+00:00	scotland:20240123T1945Z:hearts:dundee:351	scotland:hearts	scotland:dundee	sco.1:2023-24	sco.1:2023-24-rules-v1	59	21.197916666666668	13.0	1.8	0.6	0.7	0.5	12.170158647730261	14.10396116118837	0.14845247153828886	18	24.197916666666668	5.0	1.4	2.2	-0.3	0.4	11.11968513294371	16.489663152120933	0.12540662209403733	2023-24	13.0	5.0	21.197916666666668	24.197916666666668	1.8	1.4	2024-01-23 19:44:59.999999+00:00
SC0	2024-01-24	19:45	Hibernian	Rangers	0	3	A	0	2	A	S McLean	9	22	3	8	6	7	4	10	1	0	0	0	9.0	4.5	1.4	7.25	4.75	1.4				8.56	4.88	1.41	8.0	4.75	1.33	7.5	4.75	1.36	9.0	4.9	1.42	7.91	4.69	1.38	1.73	2.08	1.75	2.16	1.76	2.16	1.72	2.08	1.25	1.98	1.88	1.98	1.93	2.0	1.93	1.94	1.86	8.0	5.25	1.33	8.0	5.25	1.33				9.37	5.36	1.35	8.0	5.0	1.33	8.5	5.25	1.33	10.0	5.5	1.36	8.63	5.22	1.33	1.6	2.3	1.65	2.34	1.65	2.39	1.6	2.29	1.5	1.85	2.0	1.88	2.03	1.93	2.03	1.86	1.95	scotland																																																																										2024-01-24 19:45:00+00:00	scotland:20240124T1945Z:hibernian:rangers:352	scotland:hibernian	scotland:rangers	sco.1:2023-24	sco.1:2023-24-rules-v1	58	22.197916666666668	4.0	0.8	1.6	0.0	0.3	9.608457199782062	14.385135000585382	0.1257249729790097	58	22.197916666666668	12.0	2.2	0.8	1.7	0.6	19.41120850404861	7.266387655336446	0.11235420720829876	2023-24	4.0	12.0	22.197916666666668	22.197916666666668	0.8	2.2	2024-01-24 19:44:59.999999+00:00
SC0	2024-01-24	19:45	St Johnstone	Aberdeen	1	1	D	0	0	D	J Beaton	14	8	5	4	20	8	1	4	4	1	0	0	4.0	3.3	2.0	3.6	3.3	2.0				4.09	3.49	2.01	3.75	3.4	1.91	3.8	3.4	1.93	4.1	3.5	2.01	3.84	3.4	1.96	2.1	1.7	2.15	1.76	2.15	1.77	2.09	1.72	0.5	1.88	1.98	1.9	2.01	1.91	2.01	1.85	1.95	3.75	3.1	2.15	3.7	3.2	2.05				3.85	3.23	2.18	3.6	3.4	1.95	3.9	3.3	2.0	4.22	3.4	2.31	3.82	3.21	2.07	2.4	1.53	2.44	1.61	2.53	1.69	2.32	1.59	0.5	1.7	2.1	1.76	2.17	1.87	2.17	1.77	2.04	scotland																																																																										2024-01-24 19:45:00+00:00	scotland:20240124T1945Z:st-johnstone:aberdeen:353	scotland:st-johnstone	scotland:aberdeen	sco.1:2023-24	sco.1:2023-24-rules-v1	58	28.0	5.0	0.6	1.0	-0.3	0.4	8.232484083173658	15.30012825689384	0.06593927451064578	56	22.197916666666668	9.0	1.4	1.2	-0.7	0.1	13.852873108949833	10.493329018678459	0.10851708693163732	2023-24	5.0	9.0	28.0	22.197916666666668	0.6	1.4	2024-01-24 19:44:59.999999+00:00
SC0	2024-01-27	12:30	St Mirren	Rangers	0	1	A	0	1	A	D Dickinson	7	10	2	2	10	9	4	3	0	2	0	0	9.0	6.0	1.3	8.75	5.25	1.32				10.02	5.41	1.34	9.5	5.0	1.29	10.0	5.0	1.3	10.02	6.0	1.34	9.19	5.28	1.31	1.67	2.15	1.75	2.17	1.75	2.21	1.69	2.14	1.5	1.88	1.98	1.9	2.01	1.93	2.01	1.86	1.94	12.0	5.75	1.25	11.0	5.5	1.27				13.19	5.71	1.28	11.0	5.0	1.25	12.0	5.25	1.29	13.19	5.87	1.29	11.57	5.44	1.27	1.83	2.03	1.85	2.04	1.87	2.26	1.8	1.99	1.5	1.98	1.88	2.0	1.9	2.06	1.95	1.96	1.86	scotland																																																																										2024-01-27 12:30:00+00:00	scotland:20240127T1230Z:st-mirren:rangers:354	scotland:st-mirren	scotland:rangers	sco.1:2023-24	sco.1:2023-24-rules-v1	60	24.8125	4.0	0.6	1.2	-0.4	0.4	9.155389644493175	14.80434635270586	0.07282117560211117	59	2.6979166666666665	12.0	2.2	0.6	1.5	0.6	19.88189786694886	7.581589899820729	0.11671955796381468	2023-24	4.0	12.0	24.8125	2.6979166666666665	0.6	2.2	2024-01-27 12:29:59.999999+00:00
SC0	2024-01-27	15:00	Celtic	Ross County	1	0	H	1	0	H	E Anderson	17	7	7	1	12	14	7	7	1	1	0	0	1.11	9.0	26.0	1.1	11.0	19.5				1.11	11.17	24.25	1.06	10.0	23.0	1.09	10.0	23.0	1.11	11.17	29.0	1.09	9.66	23.2	1.36	3.1	1.36	3.26	1.39	3.26	1.35	3.07	-2.5	1.93	1.93	1.96	1.93	2.01	1.98	1.91	1.9	1.06	13.0	34.0	1.06	14.5	34.0				1.06	18.6	33.98	1.02	13.0	34.0	1.05	13.0	34.0	1.07	19.0	41.0	1.05	13.26	32.25	1.25	4.0	1.25	4.06	1.33	4.06	1.26	3.73	-2.75	1.73	2.08	1.74	2.16	1.9	2.33	1.73	2.11	scotland																																																																										2024-01-27 15:00:00+00:00	scotland:20240127T1500Z:celtic:ross-county:355	scotland:celtic	scotland:ross-county	sco.1:2023-24	sco.1:2023-24-rules-v1	60	24.916666666666668	12.0	2.0	0.6	1.7	0.4	22.870468408875332	6.382198188177901	0.10921539826045931	57	25.0	4.0	1.0	1.6	-0.6	0.3	9.497351335167878	15.693193608206844	0.07122926734639287	2023-24	12.0	4.0	24.916666666666668	25.0	2.0	1.0	2024-01-27 14:59:59.999999+00:00
SC0	2024-01-27	15:00	Hearts	Aberdeen	2	0	H	0	0	D	K Clancy	15	16	5	1	10	14	7	7	1	2	0	0	2.15	3.4	3.4	2.15	3.3	3.25				2.15	3.41	3.7	2.05	3.4	3.3	2.15	3.25	3.5	2.2	3.46	3.7	2.13	3.34	3.42	2.05	1.75	2.08	1.82	2.14	1.82	2.03	1.76	-0.25	1.83	2.03	1.85	2.07	1.9	2.07	1.81	1.99	2.05	3.5	3.5	2.1	3.4	3.4				2.15	3.53	3.58	2.05	3.4	3.25	2.1	3.4	3.5	2.16	3.58	3.81	2.09	3.42	3.46	1.98	1.88	2.0	1.89	2.1	1.95	1.96	1.83	-0.25	1.83	2.03	1.85	2.06	1.88	2.11	1.8	2.02	scotland																																																																										2024-01-27 15:00:00+00:00	scotland:20240127T1500Z:hearts:aberdeen:356	scotland:hearts	scotland:aberdeen	sco.1:2023-24	sco.1:2023-24-rules-v1	60	3.8020833333333335	13.0	2.0	1.0	0.7	0.5	12.684675257233849	12.994150040972302	0.15782474944041816	57	2.8020833333333335	10.0	1.6	1.2	-0.5	0.1	12.788714361868045	11.13090556073692	0.11151398021679418	2023-24	13.0	10.0	3.8020833333333335	2.8020833333333335	2.0	1.6	2024-01-27 14:59:59.999999+00:00
SC0	2024-01-27	15:00	Kilmarnock	Hibernian	2	2	D	1	0	H	G Irvine	12	15	1	5	15	11	7	3	2	1	1	0	2.0	3.4	3.8	2.05	3.3	3.5				2.09	3.54	3.75	2.05	3.3	3.4	2.1	3.3	3.6	2.11	3.54	3.8	2.05	3.39	3.58	2.05	1.75	2.07	1.83	2.17	1.83	2.03	1.76	-0.25	1.75	2.05	1.79	2.12	1.85	2.12	1.76	2.06	2.1	3.4	3.6	2.05	3.4	3.4				2.16	3.54	3.54	2.0	3.4	3.4	2.1	3.4	3.5	2.16	3.54	3.9	2.07	3.42	3.54	2.05	1.8	2.05	1.85	2.1	1.87	2.0	1.79	-0.25	1.85	2.0	1.86	2.05	1.88	2.15	1.78	2.05	scotland																																																																										2024-01-27 15:00:00+00:00	scotland:20240127T1500Z:kilmarnock:hibernian:357	scotland:kilmarnock	scotland:hibernian	sco.1:2023-24	sco.1:2023-24-rules-v1	60	25.0	8.0	1.2	1.2	0.0	0.4	11.490161088433538	12.069893002431144	0.11207112278476906	59	2.8020833333333335	4.0	0.6	1.4	-0.3	0.3	9.497828618003505	15.769655909569858	0.1028658869828261	2023-24	8.0	4.0	25.0	2.8020833333333335	1.2	0.6	2024-01-27 14:59:59.999999+00:00
SC0	2024-01-27	15:00	Livingston	Dundee	1	4	A	0	1	A	R Hardie	15	7	3	5	7	14	5	3	0	1	0	1	2.88	3.0	2.7	2.75	3.1	2.55				2.89	3.11	2.77	2.7	3.2	2.5	2.8	3.1	2.63	2.89	3.22	2.77	2.81	3.08	2.62	2.25	1.62	2.32	1.66	2.32	1.7	2.24	1.63	0.0	2.0	1.85	2.0	1.91	2.07	1.91	1.97	1.84	2.63	3.0	2.9	2.6	3.1	2.75				2.66	3.19	2.96	2.6	3.2	2.6	2.6	3.2	2.75	2.85	3.2	2.96	2.63	3.08	2.82	2.3	1.6	2.33	1.65	2.57	1.65	2.31	1.6	0.0	1.83	2.03	1.85	2.06	1.9	2.06	1.84	1.98	scotland																																																																										2024-01-27 15:00:00+00:00	scotland:20240127T1500Z:livingston:dundee:358	scotland:livingston	scotland:dundee	sco.1:2023-24	sco.1:2023-24-rules-v1	59	25.0	1.0	0.6	1.8	-1.1	0.2	9.324345449964767	10.991395710659976	0.05436147998512547	19	3.8020833333333335	4.0	1.2	2.2	-0.6	0.3	10.552469654226671	16.218815306280764	0.1480599635314851	2023-24	1.0	4.0	25.0	3.8020833333333335	0.6	1.2	2024-01-27 14:59:59.999999+00:00
SC0	2024-01-27	15:00	St Johnstone	Motherwell	1	1	D	1	1	D	C Steven	7	11	4	2	13	16	0	6	2	3	0	0	2.5	3.25	2.9	2.45	3.1	2.9				2.66	3.15	2.99	2.4	3.2	2.8	2.55	3.1	2.9	2.66	3.25	3.05	2.51	3.14	2.9	2.25	1.62	2.33	1.66	2.33	1.66	2.25	1.62	0.0	1.8	2.05	1.84	2.07	1.84	2.2	1.77	2.05	2.55	2.88	3.1	2.5	2.9	3.0				2.62	2.91	3.31	2.4	2.9	2.9	2.45	3.0	3.13	2.74	3.0	3.4	2.53	2.89	3.14	2.7	1.44	2.85	1.46	2.85	1.5	2.68	1.46	-0.25	2.13	1.75	2.19	1.76	2.2	1.79	2.1	1.74	scotland																																																																										2024-01-27 15:00:00+00:00	scotland:20240127T1500Z:st-johnstone:motherwell:359	scotland:st-johnstone	scotland:motherwell	sco.1:2023-24	sco.1:2023-24-rules-v1	59	2.8020833333333335	5.0	0.6	1.0	-0.3	0.4	9.281123340778446	13.972832210185869	0.06693732849572318	59	25.0	6.0	1.2	1.2	-0.4	0.1	9.45583822637557	12.829892339863141	0.15881359109411286	2023-24	5.0	6.0	2.8020833333333335	25.0	0.6	1.2	2024-01-27 14:59:59.999999+00:00
SC0	2024-01-30	19:45	Aberdeen	Dundee	1	1	D	1	0	H	N Walsh	10	9	4	3	13	17	0	3	2	3	0	0	1.73	3.6	5.0	1.75	3.75	4.33				1.73	3.85	5.17	1.67	3.7	4.6	1.7	3.8	4.8	1.79	3.88	5.2	1.71	3.72	4.82	1.9	1.95	1.89	2.0	1.98	2.0	1.86	1.92	-0.75	1.93	1.93	1.94	1.96	1.97	1.97	1.91	1.9	1.91	3.4	4.33	1.75	3.75	4.33				1.93	3.57	4.32	1.8	3.75	3.9	1.87	3.6	4.0	1.98	3.79	5.0	1.88	3.58	4.1	1.98	1.88	1.93	1.95	1.98	1.99	1.89	1.89	-0.5	1.88	1.98	1.93	1.97	1.97	2.04	1.88	1.93	scotland																																																																										2024-01-30 19:45:00+00:00	scotland:20240130T1945Z:aberdeen:dundee:360	scotland:aberdeen	scotland:dundee	sco.1:2023-24	sco.1:2023-24-rules-v1	58	3.1979166666666665	7.0	1.2	1.4	-0.9	0.1	13.372584477892037	11.83437727696657	0.09123871108646796	20	3.1979166666666665	7.0	1.8	1.8	0.2	0.3	9.906566080730913	15.997212523320623	0.22503607405822806	2023-24	7.0	7.0	3.1979166666666665	3.1979166666666665	1.2	1.8	2024-01-30 19:44:59.999999+00:00
SC0	2024-01-30	19:45	Livingston	Ross County	2	2	D	1	1	D	A Muir	13	10	4	4	10	16	5	3	1	2	0	0	2.38	3.2	3.2	2.35	3.0	3.2				2.41	3.1	3.45	2.25	3.1	3.1	2.3	3.1	3.25	2.41	3.2	3.45	2.35	3.06	3.25	2.4	1.53	2.61	1.54	2.61	1.55	2.48	1.52	-0.25	2.03	1.83	2.03	1.88	2.06	1.89	1.98	1.83	2.25	3.25	3.3	2.3	3.0	3.25				2.32	3.21	3.51	2.2	3.1	3.2	2.25	3.1	3.4	2.4	3.31	3.57	2.3	3.13	3.27	2.35	1.57	2.46	1.6	2.58	1.61	2.39	1.56	-0.25	1.98	1.88	1.97	1.93	2.02	2.0	1.94	1.88	scotland																																																																										2024-01-30 19:45:00+00:00	scotland:20240130T1945Z:livingston:ross-county:361	scotland:livingston	scotland:ross-county	sco.1:2023-24	sco.1:2023-24-rules-v1	60	3.1979166666666665	1.0	0.6	2.2	-1.3	0.2	10.356282640880263	10.26568739963089	0.056598786654496594	58	3.1979166666666665	1.0	0.4	1.8	-0.7	0.3	9.043287456046444	15.930794770351053	0.05827849146523053	2023-24	1.0	1.0	3.1979166666666665	3.1979166666666665	0.6	0.4	2024-01-30 19:44:59.999999+00:00
SC0	2024-02-03	12:30	Aberdeen	Celtic	1	1	D	0	0	D	S McLean	7	22	3	4	6	9	1	12	3	1	0	0	7.5	5.0	1.4	6.75	4.8	1.4				8.03	5.33	1.39	7.5	4.8	1.35	8.0	5.0	1.36	8.03	5.33	1.41	7.43	4.97	1.38	1.53	2.4	1.56	2.56	1.57	2.56	1.53	2.43	1.25	2.03	1.83	2.08	1.82	2.08	1.92	2.0	1.81	5.75	5.0	1.45	6.0	4.6	1.46				6.78	4.93	1.47	6.5	4.6	1.4	6.5	4.75	1.44	7.44	5.13	1.48	6.29	4.75	1.45	1.5	2.5	1.55	2.57	1.56	2.58	1.52	2.47	1.25	1.85	2.0	1.87	2.04	2.01	2.07	1.85	1.96	scotland																																																																										2024-02-03 12:30:00+00:00	scotland:20240203T1230Z:aberdeen:celtic:362	scotland:aberdeen	scotland:celtic	sco.1:2023-24	sco.1:2023-24-rules-v1	59	3.6979166666666665	5.0	1.0	1.4	-0.3	0.1	12.759387300093485	11.31903595388174	0.09283167270711015	61	6.895833333333333	15.0	2.2	0.2	1.2	0.4	21.803110516352543	6.494525790327373	0.10005324028796937	2023-24	5.0	15.0	3.6979166666666665	6.895833333333333	1.0	2.2	2024-02-03 12:29:59.999999+00:00
SC0	2024-02-03	15:00	Dundee	Hearts	2	3	A	1	0	H	G Grainger	14	18	8	6	7	6	8	5	3	1	0	0	3.0	3.6	2.25	3.1	3.5	2.15				3.25	3.52	2.29	3.1	3.4	2.15	3.13	3.4	2.25	3.3	3.6	2.29	3.1	3.47	2.21	1.9	1.95	1.93	1.96	1.94	1.96	1.87	1.91	0.25	1.9	1.95	1.93	1.98	1.99	1.98	1.89	1.9	2.8	3.5	2.4	2.8	3.3	2.4				2.94	3.42	2.53	2.8	3.4	2.3	2.88	3.4	2.4	3.02	3.58	2.53	2.86	3.37	2.41	2.0	1.85	2.01	1.88	2.1	1.9	1.97	1.82	0.25	1.73	2.08	1.76	2.17	1.82	2.2	1.75	2.08	scotland																																																																										2024-02-03 15:00:00+00:00	scotland:20240203T1500Z:dundee:hearts:363	scotland:dundee	scotland:hearts	sco.1:2023-24	sco.1:2023-24-rules-v1	21	3.8020833333333335	5.0	1.8	2.0	0.1	0.2	9.741735884234384	14.906810246353237	0.2043224444314795	61	7.0	13.0	2.0	1.0	0.8	0.5	13.10564339228224	13.540668215340975	0.15337176469367544	2023-24	5.0	13.0	3.8020833333333335	7.0	1.8	2.0	2024-02-03 14:59:59.999999+00:00
SC0	2024-02-03	15:00	Hibernian	St Mirren	0	3	A	0	3	A	W Collum	6	13	1	5	11	17	6	7	3	3	0	0	2.0	3.3	4.0	2.0	3.3	3.6				2.04	3.52	3.94	2.0	3.3	3.6	2.05	3.25	3.8	2.11	3.52	4.0	2.01	3.37	3.72	2.1	1.7	2.16	1.75	2.21	1.76	2.12	1.71	-0.5	2.0	1.85	2.04	1.87	2.11	1.88	2.0	1.81	1.85	3.4	4.5	1.87	3.3	4.1				1.85	3.61	4.67	1.91	3.3	4.0	1.83	3.5	4.4	2.03	3.61	4.67	1.87	3.42	4.29	2.15	1.67	2.18	1.74	2.32	1.74	2.15	1.69	-0.5	1.83	2.03	1.85	2.06	1.93	2.06	1.86	1.96	scotland																																																																										2024-02-03 15:00:00+00:00	scotland:20240203T1500Z:hibernian:st-mirren:364	scotland:hibernian	scotland:st-mirren	sco.1:2023-24	sco.1:2023-24-rules-v1	60	7.0	2.0	0.8	1.8	-0.3	0.3	10.49822341473014	15.084263926011701	0.10840542268291832	61	7.104166666666667	3.0	0.6	1.4	-0.6	0.3	8.763500618221688	13.930828834032067	0.05958096185627277	2023-24	2.0	3.0	7.0	7.104166666666667	0.8	0.6	2024-02-03 14:59:59.999999+00:00
SC0	2024-02-03	15:00	Motherwell	Kilmarnock	1	1	D	1	1	D	D Robertson	11	3	4	1	11	15	6	5	2	5	0	0	3.0	3.2	2.38	2.87	3.3	2.35				3.04	3.38	2.49	2.88	3.3	2.3	3.0	3.25	2.4	3.05	3.4	2.49	2.94	3.28	2.39	2.03	1.83	2.03	1.86	2.11	1.86	1.99	1.8	0.25	1.8	2.05	1.8	2.13	1.82	2.17	1.77	2.04	2.88	3.0	2.55	2.9	3.1	2.45				3.03	3.13	2.64	2.88	3.2	2.38	2.88	3.2	2.5	3.05	3.2	2.64	2.92	3.11	2.52	2.25	1.62	2.29	1.68	2.34	1.72	2.23	1.64	0.0	2.05	1.8	2.1	1.83	2.18	1.85	2.05	1.78	scotland																																																																										2024-02-03 15:00:00+00:00	scotland:20240203T1500Z:motherwell:kilmarnock:365	scotland:motherwell	scotland:kilmarnock	sco.1:2023-24	sco.1:2023-24-rules-v1	60	7.0	6.0	1.2	1.2	-0.4	0.1	9.736594912489103	11.769911914433479	0.14646731833319976	61	7.0	8.0	1.6	1.6	0.1	0.4	11.582859072354712	12.602639729261846	0.12199758530875045	2023-24	6.0	8.0	7.0	7.0	1.2	1.6	2024-02-03 14:59:59.999999+00:00
SC0	2024-02-03	15:00	Rangers	Livingston	3	0	H	2	0	H	J Beaton	32	0	8	0	9	6	14	0	0	0	0	0	1.08	11.0	26.0	1.11	9.5	23.0				1.1	11.68	26.45	1.06	9.0	29.0	1.09	9.5	26.0	1.11	11.68	31.0	1.09	9.59	24.54	1.44	2.7	1.47	2.74	1.49	2.88	1.46	2.65	-2.5	2.05	1.8	2.07	1.83	2.09	1.85	2.01	1.8	1.08	10.0	23.0	1.1	10.0	23.0				1.1	11.31	28.87	1.07	9.0	26.0	1.09	9.5	23.0	1.12	12.0	28.87	1.09	9.84	24.07	1.44	2.7	1.46	2.8	1.48	2.8	1.45	2.69	-2.5	2.03	1.83	2.07	1.83	2.17	1.85	2.02	1.8	scotland																																																																										2024-02-03 15:00:00+00:00	scotland:20240203T1500Z:rangers:livingston:366	scotland:rangers	scotland:livingston	sco.1:2023-24	sco.1:2023-24-rules-v1	60	7.104166666666667	12.0	2.0	0.6	1.4	0.6	18.08518916386725	7.475846281671505	0.11367963833403019	61	3.8020833333333335	2.0	1.0	2.2	-1.1	0.2	10.836958524356577	10.217380599698	0.07428012614388882	2023-24	12.0	2.0	7.104166666666667	3.8020833333333335	2.0	1.0	2024-02-03 14:59:59.999999+00:00
SC0	2024-02-03	15:00	Ross County	St Johnstone	0	1	A	0	1	A	C Napier	12	8	5	2	11	7	8	4	3	1	0	0	2.25	3.1	3.5	2.25	3.1	3.2				2.42	3.08	3.45	2.2	3.1	3.2	2.3	3.1	3.3	2.42	3.2	3.5	2.3	3.07	3.31	2.4	1.53	2.56	1.56	2.56	1.57	2.42	1.54	-0.25	1.98	1.88	2.04	1.87	2.05	1.9	1.96	1.85	2.3	3.1	3.4	2.3	3.0	3.25				2.36	3.14	3.49	2.25	3.0	3.25	2.25	3.1	3.4	2.36	3.14	3.62	2.3	3.05	3.37	2.4	1.53	2.46	1.57	2.58	1.57	2.46	1.53	-0.25	1.93	1.93	2.0	1.91	2.02	1.95	1.94	1.88	scotland																																																																										2024-02-03 15:00:00+00:00	scotland:20240203T1500Z:ross-county:st-johnstone:367	scotland:ross-county	scotland:st-johnstone	sco.1:2023-24	sco.1:2023-24-rules-v1	59	3.8020833333333335	2.0	0.8	1.8	-0.4	0.3	9.217235191310728	15.397922993923588	0.08404603847155226	60	7.0	3.0	0.6	1.2	-0.4	0.3	8.866373642455093	13.432317262879346	0.08074093110689039	2023-24	2.0	3.0	3.8020833333333335	7.0	0.8	0.6	2024-02-03 14:59:59.999999+00:00
SC0	2024-02-06	19:45	Motherwell	Ross County	5	0	H	3	0	H	M MacDermid	17	12	8	2	10	11	3	6	2	2	0	0	1.95	3.4	4.0	1.98	3.3	3.75				2.07	3.41	3.95	1.91	3.4	3.7	2.0	3.3	3.9	2.07	3.46	4.1	1.99	3.34	3.84	2.15	1.67	2.22	1.71	2.25	1.74	2.15	1.68	-0.5	2.03	1.83	2.07	1.85	2.08	1.89	1.99	1.83	1.91	3.4	4.2	1.93	3.3	4.0				1.9	3.53	4.57	1.91	3.4	3.8	1.91	3.3	4.33	2.04	3.53	4.57	1.91	3.38	4.15	2.1	1.7	2.18	1.74	2.25	1.75	2.13	1.7	-0.5	1.88	1.98	1.9	2.01	2.0	2.04	1.89	1.92	scotland																																																																										2024-02-06 19:45:00+00:00	scotland:20240206T1945Z:motherwell:ross-county:368	scotland:motherwell	scotland:ross-county	sco.1:2023-24	sco.1:2023-24-rules-v1	61	3.1979166666666665	6.0	1.4	1.4	-0.3	0.1	9.966304928400174	10.175382475445572	0.13636582243790724	60	3.1979166666666665	2.0	0.8	1.8	-0.4	0.3	9.723192429254231	14.05284608593748	0.06876494056763366	2023-24	6.0	2.0	3.1979166666666665	3.1979166666666665	1.4	0.8	2024-02-06 19:44:59.999999+00:00
SC0	2024-02-06	20:00	Rangers	Aberdeen	2	1	H	1	1	D	D Robertson	23	9	7	4	7	10	13	2	0	2	1	0	1.22	6.5	12.0	1.23	6.25	11.5				1.25	6.48	12.46	1.18	6.0	13.0	1.22	6.0	13.0	1.26	6.7	13.0	1.23	6.15	11.95	1.53	2.4	1.55	2.55	1.56	2.55	1.52	2.47	-1.75	1.93	1.93	1.96	1.93	1.96	2.0	1.88	1.92	1.22	6.5	12.0	1.24	6.25	11.0				1.22	6.67	14.21	1.2	6.0	12.0	1.22	6.0	13.0	1.25	6.8	14.21	1.22	6.24	12.38	1.48	2.6	1.51	2.65	1.54	2.66	1.49	2.55	-1.75	1.9	1.95	1.92	1.97	1.96	2.02	1.86	1.95	scotland																																																																										2024-02-06 20:00:00+00:00	scotland:20240206T2000Z:rangers:aberdeen:369	scotland:rangers	scotland:aberdeen	sco.1:2023-24	sco.1:2023-24-rules-v1	61	3.2083333333333335	12.0	2.2	0.6	1.7	0.7	20.61515477043684	6.116601503185776	0.11005606772784288	60	3.3125	6.0	1.2	1.0	-0.3	0.1	11.71222597280376	13.261029416812331	0.10192721273438882	2023-24	12.0	6.0	3.2083333333333335	3.3125	2.2	1.2	2024-02-06 19:59:59.999999+00:00
SC0	2024-02-07	19:45	Kilmarnock	Livingston	1	0	H	0	0	D	D Dickinson	12	11	6	4	8	9	9	2	0	2	0	0	1.6	4.2	5.5	1.6	3.8	5.5				1.6	3.99	6.53	1.55	3.8	5.5	1.6	3.8	6.0	1.66	4.2	6.53	1.6	3.83	5.7	2.05	1.75	2.11	1.79	2.19	1.79	2.07	1.74	-1.0	2.05	1.8	2.05	1.86	2.15	1.86	2.05	1.77	1.55	3.8	6.5	1.62	3.7	5.5				1.61	3.89	6.56	1.62	3.6	5.5	1.6	3.75	6.0	1.74	3.89	6.56	1.62	3.71	5.76	2.1	1.7	2.18	1.74	2.26	1.74	2.15	1.69	-0.75	1.73	2.08	1.78	2.14	1.9	2.2	1.79	2.03	scotland																																																																										2024-02-07 19:45:00+00:00	scotland:20240207T1945Z:kilmarnock:livingston:370	scotland:kilmarnock	scotland:livingston	sco.1:2023-24	sco.1:2023-24-rules-v1	62	4.197916666666667	6.0	1.4	1.6	0.1	0.3	10.022339241017491	12.311250687577873	0.1604222667677655	62	4.197916666666667	1.0	1.0	2.8	-1.3	0.2	8.866602429019016	14.177856854298364	0.07428012614388882	2023-24	6.0	1.0	4.197916666666667	4.197916666666667	1.4	1.0	2024-02-07 19:44:59.999999+00:00
SC0	2024-02-07	19:45	St Johnstone	Hearts	0	1	A	0	0	D	I Snedden	10	8	2	4	9	10	2	4	4	1	0	0	3.8	3.6	1.95	3.6	3.3	2.0				4.01	3.45	2.04	3.6	3.4	1.95	3.75	3.4	2.0	4.01	3.6	2.05	3.76	3.36	2.0	2.1	1.7	2.21	1.72	2.25	1.72	2.16	1.67	0.5	1.83	2.03	1.87	2.04	1.88	2.05	1.82	1.99	4.0	3.75	1.91	4.0	3.3	1.9				4.55	3.63	1.87	4.0	3.4	1.85	4.33	3.4	1.87	4.6	3.76	2.03	4.21	3.47	1.88	2.1	1.7	2.23	1.71	2.32	1.71	2.18	1.66	0.5	2.0	1.85	2.04	1.87	2.04	1.93	1.96	1.86	scotland																																																																										2024-02-07 19:45:00+00:00	scotland:20240207T1945Z:st-johnstone:hearts:371	scotland:st-johnstone	scotland:hearts	sco.1:2023-24	sco.1:2023-24-rules-v1	61	4.197916666666667	6.0	0.8	0.8	-0.2	0.4	8.708851162008711	13.171895942355828	0.08878803454200121	62	4.197916666666667	13.0	2.4	1.4	0.8	0.4	13.995526411867287	13.624183085278979	0.15578901959785565	2023-24	6.0	13.0	4.197916666666667	4.197916666666667	0.8	2.4	2024-02-07 19:44:59.999999+00:00
SC0	2024-02-07	19:45	St Mirren	Dundee	2	0	H	0	0	D	S McLean	19	5	6	0	9	9	6	5	0	1	1	0	2.3	3.4	3.1	2.25	3.3	3.1				2.38	3.31	3.27	2.15	3.25	3.2	2.3	3.3	3.13	2.38	3.4	3.3	2.28	3.28	3.14	2.1	1.7	2.19	1.74	2.19	1.74	2.12	1.7	-0.25	2.0	1.85	2.03	1.88	2.03	1.92	1.96	1.85	2.38	3.1	3.2	2.3	3.1	3.2				2.47	3.15	3.28	2.2	3.2	3.1	2.38	3.2	3.1	2.61	3.25	3.36	2.37	3.12	3.16	2.25	1.62	2.31	1.66	2.41	1.68	2.25	1.63	-0.25	2.05	1.8	2.09	1.83	2.13	1.86	2.02	1.81	scotland																																																																										2024-02-07 19:45:00+00:00	scotland:20240207T1945Z:st-mirren:dundee:372	scotland:st-mirren	scotland:dundee	sco.1:2023-24	sco.1:2023-24-rules-v1	62	4.197916666666667	6.0	1.2	1.0	-0.2	0.4	9.533773233090471	12.488859955117146	0.09070610165862877	22	4.197916666666667	5.0	2.2	2.0	-0.4	0.1	10.515965723464495	15.46920838337992	0.1931469350543274	2023-24	6.0	5.0	4.197916666666667	4.197916666666667	1.2	2.2	2024-02-07 19:44:59.999999+00:00
SC0	2024-02-07	20:00	Hibernian	Celtic	1	2	A	0	1	A	N Walsh	12	8	4	3	14	18	4	5	4	2	0	0	8.5	5.0	1.36	7.0	5.5	1.34				8.51	5.52	1.36	8.5	5.0	1.3	8.5	5.25	1.33	8.51	5.52	1.38	7.95	5.2	1.34	1.5	2.5	1.54	2.59	1.54	2.59	1.51	2.5	1.5	1.85	2.0	1.87	2.04	1.95	2.04	1.85	1.97	6.5	4.33	1.5	5.5	4.6	1.47				6.56	4.83	1.49	6.0	5.0	1.4	6.0	5.0	1.45	7.13	5.29	1.52	6.17	4.72	1.46	1.53	2.4	1.52	2.65	1.55	2.88	1.49	2.56	1.25	1.8	2.05	1.85	2.07	2.06	2.13	1.84	1.97	scotland																																																																										2024-02-07 20:00:00+00:00	scotland:20240207T2000Z:hibernian:celtic:373	scotland:hibernian	scotland:celtic	sco.1:2023-24	sco.1:2023-24-rules-v1	61	4.208333333333333	2.0	0.8	2.2	-0.7	0.2	9.680364612051932	14.705306848555027	0.08869534583147862	62	4.3125	13.0	2.0	0.4	1.2	0.4	21.83890860428844	6.5864301920860315	0.09012620486371047	2023-24	2.0	13.0	4.208333333333333	4.3125	0.8	2.0	2024-02-07 19:59:59.999999+00:00
SC0	2024-02-11	14:00	Dundee	St Johnstone	2	1	H	0	1	A	D Munro	26	15	6	3	6	15	13	7	4	3	0	0	2.0	3.3	4.0	2.0	3.3	3.7				2.09	3.34	3.98	1.95	3.3	3.7	2.0	3.25	3.75	2.1	3.4	4.0	2.02	3.28	3.73	2.25	1.62	2.31	1.66	2.31	1.66	2.23	1.62	-0.5	2.03	1.83	2.09	1.83	2.09	1.83	2.02	1.79	1.83	3.6	4.5	1.85	3.4	4.2				1.85	3.58	4.75	1.8	3.4	4.33	1.83	3.4	4.5	1.86	3.63	4.75	1.83	3.45	4.44	2.15	1.67	2.22	1.72	2.32	1.72	2.19	1.66	-0.5	1.83	2.03	1.85	2.06	1.87	2.07	1.82	2.0	scotland																																																																										2024-02-11 14:00:00+00:00	scotland:20240211T1400Z:dundee:st-johnstone:374	scotland:dundee	scotland:st-johnstone	sco.1:2023-24	sco.1:2023-24-rules-v1	23	3.7604166666666665	4.0	1.8	2.0	-0.5	0.1	9.513062864652767	16.11117049549266	0.15802931049899513	62	3.7604166666666665	6.0	0.6	0.6	-0.1	0.4	8.943605496188946	12.231551225563859	0.07264475553436463	2023-24	4.0	6.0	3.7604166666666665	3.7604166666666665	1.8	0.6	2024-02-11 13:59:59.999999+00:00
SC0	2024-02-14	19:45	Aberdeen	Motherwell	3	3	D	2	3	A	K Clancy	14	11	7	7	6	14	7	3	2	4	0	0	1.95	3.6	4.0	1.9	3.5	3.8				1.97	3.64	4.05	1.91	3.5	3.7	1.93	3.5	3.9	1.97	3.64	4.2	1.93	3.53	3.84	1.98	1.88	1.99	1.9	2.02	1.92	1.94	1.85	-0.5	1.95	1.9	1.97	1.93	1.98	1.98	1.93	1.88	2.0	3.5	3.75	1.95	3.4	3.8				2.03	3.42	4.09	1.91	3.5	3.6	1.95	3.5	3.75	2.03	3.59	4.1	1.97	3.42	3.85	2.05	1.75	2.11	1.79	2.18	1.81	2.05	1.75	-0.5	2.0	1.85	2.03	1.88	2.03	1.9	1.96	1.85	scotland																																																																										2024-02-14 19:45:00+00:00	scotland:20240214T1945Z:aberdeen:motherwell:375	scotland:aberdeen	scotland:motherwell	sco.1:2023-24	sco.1:2023-24-rules-v1	61	7.989583333333333	3.0	0.8	1.4	-0.2	0.1	11.21909397774853	15.03175134102827	0.1035970124392474	62	8.0	9.0	2.4	1.0	0.2	0.2	11.245158577781961	10.50713111627365	0.16504797236898294	2023-24	3.0	9.0	7.989583333333333	8.0	0.8	2.4	2024-02-14 19:44:59.999999+00:00
SC0	2024-02-14	19:45	Rangers	Ross County	3	1	H	2	1	H	A Muir	43	5	23	1	10	12	20	3	1	3	0	0	1.09	11.0	21.0	1.1	10.0	23.0				1.09	12.94	28.77	1.06	9.5	26.0	1.08	10.0	26.0	1.1	13.0	36.0	1.08	10.34	25.36	1.4	2.88	1.39	3.11	1.42	3.11	1.4	2.86	-2.5	1.93	1.93	1.93	1.96	1.99	1.96	1.91	1.9	1.09	12.0	19.0	1.09	11.5	23.0				1.08	13.2	27.62	1.05	11.0	26.0	1.07	11.5	26.0	1.1	14.0	29.0	1.07	11.41	24.56	1.29	3.6	1.27	3.84	1.31	3.84	1.28	3.53	-2.75	2.0	1.85	1.99	1.88	2.07	1.88	1.97	1.84	scotland																																																																										2024-02-14 19:45:00+00:00	scotland:20240214T1945Z:rangers:ross-county:376	scotland:rangers	scotland:ross-county	sco.1:2023-24	sco.1:2023-24-rules-v1	62	7.989583333333333	15.0	2.4	0.4	1.6	0.6	21.048762993993776	6.640855775333817	0.1058561502753497	61	8.0	1.0	0.4	2.4	-0.9	0.2	10.137157442117097	14.588692252130663	0.056262224100791174	2023-24	15.0	1.0	7.989583333333333	8.0	2.4	0.4	2024-02-14 19:44:59.999999+00:00
SC0	2024-02-17	15:00	Aberdeen	Hibernian	2	2	D	1	1	D	D Munro	22	7	12	6	13	14	4	2	1	3	0	0	2.2	3.5	3.2	2.2	3.4	3.1				2.32	3.54	3.19	2.15	3.4	3.1	2.25	3.4	3.13	2.32	3.54	3.38	2.22	3.43	3.12	1.88	1.98	1.89	2.0	1.92	2.0	1.85	1.93	-0.25	1.95	1.9	2.0	1.91	2.0	1.98	1.91	1.9	2.2	3.5	3.25	2.15	3.4	3.25				2.26	3.46	3.38	2.15	3.25	3.2	2.2	3.4	3.2	2.34	3.54	3.38	2.2	3.39	3.21	1.95	1.9	1.96	1.93	1.99	1.94	1.9	1.88	-0.25	1.9	1.95	1.94	1.96	1.98	2.02	1.9	1.91	scotland																																																																										2024-02-17 15:00:00+00:00	scotland:20240217T1500Z:aberdeen:hibernian:377	scotland:aberdeen	scotland:hibernian	sco.1:2023-24	sco.1:2023-24-rules-v1	62	2.8020833333333335	3.0	1.2	1.8	-0.1	0.1	11.724713254521523	14.298705642659494	0.12372223095678683	62	9.791666666666666	2.0	1.0	2.4	-0.9	0.2	10.10211650076976	13.48616014881775	0.08772043446817947	2023-24	3.0	2.0	2.8020833333333335	9.791666666666666	1.2	1.0	2024-02-17 14:59:59.999999+00:00
SC0	2024-02-17	15:00	Celtic	Kilmarnock	1	1	D	1	0	H	J Beaton	15	13	5	6	12	8	8	4	0	3	0	0	1.22	7.0	11.0	1.21	6.5	12.5				1.22	6.93	13.6	1.17	6.5	13.0	1.22	6.0	13.0	1.23	7.0	14.0	1.21	6.53	12.49	1.48	2.6	1.53	2.59	1.53	2.65	1.48	2.56	-1.75	1.85	2.0	1.87	2.02	1.9	2.12	1.81	2.01	1.2	7.0	13.0	1.23	6.25	11.0				1.22	7.07	13.81	1.18	6.5	12.0	1.22	6.5	12.0	1.25	7.2	14.0	1.21	6.55	12.14	1.44	2.7	1.48	2.72	1.5	2.78	1.45	2.68	-1.75	1.88	1.98	1.86	2.03	1.91	2.06	1.82	2.0	scotland																																																																										2024-02-17 15:00:00+00:00	scotland:20240217T1500Z:celtic:kilmarnock:378	scotland:celtic	scotland:kilmarnock	sco.1:2023-24	sco.1:2023-24-rules-v1	63	9.791666666666666	13.0	1.8	0.6	1.1	0.4	19.32274340350872	7.570715611706753	0.11919416761576311	63	9.802083333333334	6.0	1.4	1.6	0.3	0.4	10.381913924468856	12.072841471654623	0.1464060970524142	2023-24	13.0	6.0	9.791666666666666	9.802083333333334	1.8	1.4	2024-02-17 14:59:59.999999+00:00
SC0	2024-02-17	15:00	Dundee	Ross County	2	0	H	1	0	H	C Scott	14	17	4	3	9	15	6	2	2	2	0	0	1.75	4.0	4.33	1.78	3.6	4.2				1.81	3.82	4.66	1.8	3.6	4.0	1.8	3.6	4.4	1.85	4.0	4.66	1.79	3.7	4.3	1.88	1.98	1.9	1.99	1.97	1.99	1.85	1.93	-0.75	2.03	1.83	2.05	1.87	2.11	1.89	2.0	1.82	1.62	4.5	4.75	1.58	4.1	5.0				1.63	4.3	5.47	1.55	4.2	5.0	1.6	4.0	5.5	1.81	4.56	5.6	1.61	4.2	5.01	1.65	2.2	1.69	2.26	1.81	2.28	1.67	2.17	-0.75	1.75	2.05	1.79	2.13	1.96	2.26	1.76	2.06	scotland																																																																										2024-02-17 15:00:00+00:00	scotland:20240217T1500Z:dundee:ross-county:379	scotland:dundee	scotland:ross-county	sco.1:2023-24	sco.1:2023-24-rules-v1	24	6.041666666666667	7.0	1.8	1.6	-0.4	0.1	12.510687798352263	15.909139496312179	0.1432827225761009	62	2.8020833333333335	1.0	0.6	2.4	-1.2	0.1	9.203128816277623	19.754384569925087	0.08239636517337459	2023-24	7.0	1.0	6.041666666666667	2.8020833333333335	1.8	0.6	2024-02-17 14:59:59.999999+00:00
SC0	2024-02-17	15:00	Hearts	Motherwell	2	0	H	0	0	D	C Graham	22	10	7	3	9	14	9	7	1	2	0	0	1.73	3.7	5.0	1.7	3.7	4.8				1.72	3.87	5.23	1.65	3.7	4.8	1.7	3.6	5.25	1.74	3.87	5.25	1.71	3.73	4.84	2.03	1.83	2.01	1.88	2.07	1.88	1.98	1.81	-0.75	1.93	1.93	1.93	1.97	1.95	2.0	1.9	1.9	1.7	3.75	5.0	1.7	3.6	4.75				1.7	3.91	5.36	1.65	3.7	4.8	1.7	3.75	5.0	1.77	3.91	5.5	1.71	3.73	4.85	2.0	1.85	1.98	1.91	2.1	1.91	1.96	1.82	-0.75	1.88	1.98	1.9	2.0	2.04	2.0	1.91	1.91	scotland																																																																										2024-02-17 15:00:00+00:00	scotland:20240217T1500Z:hearts:motherwell:380	scotland:hearts	scotland:motherwell	sco.1:2023-24	sco.1:2023-24-rules-v1	63	9.802083333333334	15.0	2.2	1.0	1.0	0.5	12.90543070061869	12.965240706137346	0.15019101603460916	63	2.8020833333333335	7.0	2.4	1.4	0.2	0.2	11.200584290912513	11.142198186042076	0.18462602697958108	2023-24	15.0	7.0	9.802083333333334	2.8020833333333335	2.2	2.4	2024-02-17 14:59:59.999999+00:00
SC0	2024-02-17	15:00	Livingston	St Mirren	1	0	H	1	0	H	E Anderson	6	21	3	3	12	11	4	9	1	1	0	0	3.0	3.3	2.4	3.0	3.1	2.35				3.17	3.18	2.51	3.1	3.1	2.25	3.13	3.1	2.4	3.25	3.3	2.51	3.08	3.14	2.38	2.4	1.53	2.56	1.56	2.56	1.57	2.43	1.54	0.25	1.8	2.05	1.8	2.13	1.87	2.13	1.79	2.02	3.2	3.1	2.38	3.2	3.0	2.35				3.42	3.07	2.44	3.0	3.1	2.38	3.25	3.1	2.3	3.42	3.2	2.53	3.21	3.06	2.38	2.6	1.48	2.75	1.49	2.75	1.51	2.62	1.47	0.25	1.85	2.0	1.86	2.05	1.89	2.14	1.82	2.0	scotland																																																																										2024-02-17 15:00:00+00:00	scotland:20240217T1500Z:livingston:st-mirren:381	scotland:livingston	scotland:st-mirren	sco.1:2023-24	sco.1:2023-24-rules-v1	63	9.802083333333334	1.0	0.8	2.4	-1.3	0.2	9.254492896470104	13.781882880789569	0.05841446813257276	63	9.802083333333334	9.0	1.6	0.8	0.2	0.5	11.254905372528567	11.127249054186755	0.09335283915610297	2023-24	1.0	9.0	9.802083333333334	9.802083333333334	0.8	1.6	2024-02-17 14:59:59.999999+00:00
SC0	2024-02-18	12:00	St Johnstone	Rangers	0	3	A	0	1	A	M MacDermid	4	15	0	5	24	6	3	1	3	0	0	0	9.0	7.0	1.25	10.5	5.75	1.26				12.93	6.54	1.24	12.0	5.8	1.2	12.0	5.75	1.22	13.0	7.0	1.27	11.44	6.06	1.23	1.53	2.4	1.59	2.44	1.62	2.45	1.56	2.35	1.75	1.9	1.95	1.95	1.93	1.95	2.02	1.87	1.93	11.0	6.0	1.29	11.0	5.75	1.26				13.74	6.53	1.23	12.0	5.8	1.2	11.5	5.75	1.25	13.74	6.53	1.29	11.42	5.85	1.25	1.67	2.15	1.68	2.25	1.71	2.35	1.65	2.21	1.75	1.78	2.03	1.89	2.0	1.96	2.12	1.81	2.0	scotland																																																																										2024-02-18 12:00:00+00:00	scotland:20240218T1200Z:st-johnstone:rangers:382	scotland:st-johnstone	scotland:rangers	sco.1:2023-24	sco.1:2023-24-rules-v1	63	6.916666666666667	5.0	0.8	1.0	-0.3	0.3	10.044768133245501	14.73490554818861	0.07155783028569226	63	3.6770833333333335	15.0	2.4	0.4	1.7	0.5	25.03989699508582	6.342518361636759	0.09929456692718887	2023-24	5.0	15.0	6.916666666666667	3.6770833333333335	0.8	2.4	2024-02-18 11:59:59.999999+00:00
SC0	2024-02-24	15:00	Hibernian	Dundee	2	1	H	1	0	H	J Beaton	16	7	9	1	11	11	10	2	0	2	0	0	2.05	3.6	3.5	2.0	3.5	3.4				2.08	3.7	3.6	2.0	3.6	3.25	2.05	3.6	3.4	2.11	3.7	3.6	2.06	3.57	3.39	1.73	2.08	1.76	2.15	1.81	2.15	1.74	2.06	-0.5	2.05	1.8	2.08	1.84	2.12	1.84	2.06	1.78	1.91	3.75	4.0	1.9	3.6	3.7				1.93	3.87	3.96	1.85	3.7	3.6	1.95	3.75	3.6	1.97	3.87	4.02	1.93	3.7	3.72	1.7	2.1	1.74	2.18	1.8	2.21	1.72	2.1	-0.5	1.93	1.93	1.93	1.97	1.97	1.98	1.92	1.89	scotland																																																																										2024-02-24 15:00:00+00:00	scotland:20240224T1500Z:hibernian:dundee:383	scotland:hibernian	scotland:dundee	sco.1:2023-24	sco.1:2023-24-rules-v1	63	7.0	2.0	1.0	2.4	-1.1	0.1	9.538095318811623	15.034131030850885	0.12371931651292606	25	7.0	7.0	1.4	1.4	0.0	0.2	12.781471835015488	16.107477769709963	0.14320534444538124	2023-24	2.0	7.0	7.0	7.0	1.0	1.4	2024-02-24 14:59:59.999999+00:00
SC0	2024-02-24	15:00	Kilmarnock	Aberdeen	2	0	H	1	0	H	G Grainger	20	9	9	1	17	15	5	3	1	0	0	0	2.15	3.4	3.4	2.15	3.3	3.2				2.21	3.54	3.4	2.1	3.4	3.2	2.15	3.4	3.3	2.21	3.54	3.4	2.15	3.39	3.29	2.0	1.85	2.0	1.89	2.06	1.89	1.95	1.83	-0.25	1.88	1.98	1.91	2.0	1.93	2.0	1.86	1.94	2.5	3.1	3.0	2.45	3.1	2.87				2.51	3.34	3.03	2.4	3.2	2.8	2.4	3.2	3.0	2.55	3.34	3.06	2.45	3.19	2.95	2.15	1.67	2.19	1.73	2.32	1.75	2.12	1.7	-0.25	2.08	1.73	2.15	1.79	2.19	1.79	2.08	1.75	scotland																																																																										2024-02-24 15:00:00+00:00	scotland:20240224T1500Z:kilmarnock:aberdeen:384	scotland:kilmarnock	scotland:aberdeen	sco.1:2023-24	sco.1:2023-24-rules-v1	64	7.0	6.0	1.2	1.4	0.2	0.3	10.857929574565427	12.605052113171965	0.13377282066526197	63	7.0	4.0	1.6	1.8	-0.2	0.1	13.592947208244881	12.97166825308504	0.11775620549356938	2023-24	6.0	4.0	7.0	7.0	1.2	1.6	2024-02-24 14:59:59.999999+00:00
SC0	2024-02-24	15:00	Rangers	Hearts	5	0	H	3	0	H	N Walsh	17	11	12	5	17	9	4	2	2	2	0	0	1.29	5.5	11.0	1.27	5.75	10.0				1.3	6.19	9.66	1.22	5.5	11.0	1.25	5.75	11.0	1.3	6.2	11.0	1.27	5.67	9.82	1.53	2.4	1.57	2.51	1.57	2.51	1.53	2.43	-1.75	2.03	1.78	2.09	1.82	2.09	1.87	2.01	1.8	1.29	6.0	9.0	1.28	5.75	9.75				1.29	5.98	10.31	1.25	5.5	11.0	1.25	5.75	11.0	1.31	6.3	11.0	1.27	5.83	10.1	1.53	2.4	1.59	2.44	1.6	2.48	1.55	2.4	-1.5	1.83	2.03	1.85	2.05	1.86	2.07	1.8	2.03	scotland																																																																										2024-02-24 15:00:00+00:00	scotland:20240224T1500Z:rangers:hearts:385	scotland:rangers	scotland:hearts	sco.1:2023-24	sco.1:2023-24-rules-v1	64	6.125	15.0	2.4	0.4	1.8	0.6	23.214461177797485	5.916605932248257	0.11760464566769999	64	7.0	15.0	2.2	0.8	1.3	0.6	14.558988755051654	12.426106032294191	0.13941248419360583	2023-24	15.0	15.0	6.125	7.0	2.4	2.2	2024-02-24 14:59:59.999999+00:00
SC0	2024-02-24	15:00	Ross County	Livingston	3	2	H	2	0	H	D Dickinson	12	18	6	6	11	15	6	4	2	1	0	0	2.25	3.25	3.4	2.2	3.25	3.2				2.31	3.28	3.46	2.15	3.25	3.2	2.2	3.3	3.3	2.31	3.34	3.46	2.23	3.23	3.28	2.15	1.67	2.22	1.71	2.22	1.73	2.14	1.68	-0.25	1.93	1.93	1.96	1.93	1.99	1.97	1.9	1.9	2.38	3.25	3.2	2.37	3.2	2.95				2.47	3.25	3.19	2.3	3.2	3.0	2.3	3.2	3.13	2.47	3.3	3.22	2.39	3.18	3.06	2.15	1.67	2.22	1.71	2.32	1.73	2.16	1.68	-0.25	2.05	1.8	2.1	1.83	2.16	1.86	2.03	1.79	scotland																																																																										2024-02-24 15:00:00+00:00	scotland:20240224T1500Z:ross-county:livingston:386	scotland:ross-county	scotland:livingston	sco.1:2023-24	sco.1:2023-24-rules-v1	63	7.0	1.0	0.6	2.6	-1.7	0.0	10.6207417587726	18.70813282993871	0.06741520786912467	64	7.0	4.0	0.8	2.0	-1.2	0.2	8.662766915293721	15.0942678115551	0.07809668604786256	2023-24	1.0	4.0	7.0	7.0	0.6	0.8	2024-02-24 14:59:59.999999+00:00
SC0	2024-02-24	15:00	St Mirren	St Johnstone	2	0	H	1	0	H	G Irvine	15	5	5	2	10	12	5	6	1	2	0	0	1.8	3.25	5.25	1.82	3.25	4.75				1.86	3.36	5.15	1.8	3.25	4.6	1.83	3.3	4.8	1.93	3.4	5.25	1.83	3.29	4.71	2.5	1.5	2.66	1.52	2.66	1.57	2.5	1.51	-0.5	1.83	2.03	1.86	2.05	1.89	2.07	1.82	2.0	1.8	3.3	5.5	1.78	3.2	5.0				1.81	3.36	5.56	1.75	3.25	4.75	1.8	3.3	5.0	1.91	3.36	5.56	1.8	3.28	5.08	2.6	1.48	2.66	1.52	2.66	1.53	2.56	1.49	-0.5	1.75	2.05	1.8	2.11	1.82	2.17	1.78	2.05	scotland																																																																										2024-02-24 15:00:00+00:00	scotland:20240224T1500Z:st-mirren:st-johnstone:387	scotland:st-mirren	scotland:st-johnstone	sco.1:2023-24	sco.1:2023-24-rules-v1	64	7.0	6.0	1.0	1.0	0.2	0.5	13.026740759341555	10.195021953425528	0.07637959567317515	64	6.125	4.0	0.6	1.4	-0.6	0.3	8.945719381746319	14.783104539427043	0.05854731568829367	2023-24	6.0	4.0	7.0	6.125	1.0	0.6	2024-02-24 14:59:59.999999+00:00
SC0	2024-02-25	12:00	Motherwell	Celtic	1	3	A	1	0	H	W Collum	10	18	3	7	7	10	4	4	1	2	0	0	8.0	5.75	1.33	8.5	5.25	1.33				9.11	5.71	1.34	8.0	5.5	1.29	8.5	5.25	1.3	9.5	5.75	1.34	8.4	5.39	1.32	1.5	2.5	1.54	2.59	1.54	2.59	1.52	2.47	1.5	1.93	1.93	1.96	1.94	1.96	2.02	1.9	1.91	8.0	5.75	1.33	8.25	5.25	1.32				9.45	5.91	1.32	9.5	5.5	1.25	9.0	5.5	1.3	9.5	5.91	1.35	8.48	5.51	1.31	1.44	2.7	1.48	2.77	1.5	2.77	1.46	2.64	1.5	1.95	1.9	1.99	1.92	2.02	1.97	1.92	1.88	scotland																																																																										2024-02-25 12:00:00+00:00	scotland:20240225T1200Z:motherwell:celtic:388	scotland:motherwell	scotland:celtic	sco.1:2023-24	sco.1:2023-24-rules-v1	64	7.875	6.0	2.0	1.4	0.3	0.2	10.982296238019329	13.116343970398061	0.15105765843783905	64	7.875	11.0	1.6	0.6	0.8	0.4	18.536790057416226	8.55785822776007	0.10964371289774556	2023-24	6.0	11.0	7.875	7.875	2.0	1.6	2024-02-25 11:59:59.999999+00:00
SC0	2024-02-27	20:00	Ross County	St Mirren	1	1	D	1	0	H	C Graham	6	9	1	3	13	6	3	4	2	2	0	0	3.75	3.2	2.15	3.5	3.1	2.1				3.67	3.31	2.2	3.4	3.25	2.05	3.6	3.2	2.15	3.75	3.31	2.2	3.55	3.21	2.14	2.3	1.6	2.38	1.63	2.42	1.64	2.32	1.59	0.25	2.0	1.85	2.03	1.88	2.04	1.91	1.97	1.83	3.75	3.2	2.1	3.5	3.2	2.1				3.79	3.3	2.17	3.4	3.25	2.05	3.7	3.2	2.1	3.79	3.3	2.2	3.6	3.21	2.13	2.2	1.65	2.26	1.69	2.35	1.7	2.23	1.63	0.25	2.05	1.8	2.07	1.85	2.07	1.87	1.99	1.81	scotland																																																																										2024-02-27 20:00:00+00:00	scotland:20240227T2000Z:ross-county:st-mirren:389	scotland:ross-county	scotland:st-mirren	sco.1:2023-24	sco.1:2023-24-rules-v1	64	3.2083333333333335	3.0	0.8	2.6	-1.4	0.0	10.871515984450308	18.579381406313487	0.10061244280201109	65	3.2083333333333335	9.0	1.4	0.4	0.2	0.5	13.385515166733999	9.250472507348157	0.08673482070229481	2023-24	3.0	9.0	3.2083333333333335	3.2083333333333335	0.8	1.4	2024-02-27 19:59:59.999999+00:00
SC0	2024-02-28	19:45	Aberdeen	St Johnstone	0	2	A	0	1	A	D Robertson	17	8	5	4	7	11	11	7	0	4	0	0	1.62	3.75	6.0	1.65	3.7	5.25				1.69	3.86	5.52	1.6	3.8	5.0	1.67	3.75	5.25	1.71	3.86	6.0	1.66	3.74	5.26	2.05	1.8	2.08	1.83	2.08	1.87	1.99	1.8	-0.75	1.85	2.0	1.89	2.01	1.89	2.05	1.83	1.97	1.67	3.4	6.0	1.66	3.5	5.5				1.69	3.68	6.0	1.62	3.8	5.5	1.67	3.6	5.5	1.73	3.8	6.14	1.67	3.55	5.54	2.3	1.6	2.39	1.63	2.42	1.67	2.32	1.59	-0.75	1.88	1.98	1.89	2.01	1.91	2.02	1.87	1.94	scotland																																																																										2024-02-28 19:45:00+00:00	scotland:20240228T1945Z:aberdeen:st-johnstone:390	scotland:aberdeen	scotland:st-johnstone	sco.1:2023-24	sco.1:2023-24-rules-v1	64	4.197916666666667	3.0	1.4	2.0	-0.5	0.1	12.757865897654902	14.249546752524124	0.09634598631292039	65	4.197916666666667	3.0	0.4	1.6	-0.9	0.2	8.228315857792442	14.822540077713036	0.047902349199513	2023-24	3.0	3.0	4.197916666666667	4.197916666666667	1.4	0.4	2024-02-28 19:44:59.999999+00:00
SC0	2024-02-28	19:45	Celtic	Dundee	7	1	H	6	0	H	M MacDermid	17	9	10	2	7	5	5	5	2	1	0	1	1.2	7.0	13.0	1.2	6.75	12.5				1.21	7.32	13.06	1.15	7.0	13.0	1.2	6.5	13.0	1.22	7.5	15.0	1.19	6.83	12.73	1.4	2.88	1.45	2.84	1.45	2.88	1.42	2.77	-2.0	1.98	1.88	2.02	1.87	2.03	1.9	1.96	1.85	1.14	9.0	15.0	1.14	8.75	15.5				1.13	9.66	22.29	1.11	8.5	19.0	1.12	9.0	18.0	1.16	9.66	22.29	1.13	8.73	17.54	1.29	3.6	1.29	3.72	1.31	3.75	1.28	3.57	-2.25	1.75	2.05	1.82	2.07	1.9	2.13	1.8	2.02	scotland																																																																										2024-02-28 19:45:00+00:00	scotland:20240228T1945Z:celtic:dundee:391	scotland:celtic	scotland:dundee	sco.1:2023-24	sco.1:2023-24-rules-v1	65	3.3229166666666665	11.0	1.6	0.8	1.1	0.4	18.43919186515873	8.820065822712785	0.12001152267391303	26	4.197916666666667	6.0	1.4	1.6	-0.2	0.1	11.730295137739944	16.087936357035424	0.14314203506570153	2023-24	11.0	6.0	3.3229166666666665	4.197916666666667	1.6	1.4	2024-02-28 19:44:59.999999+00:00
SC0	2024-02-28	19:45	Hearts	Hibernian	1	1	D	1	1	D	K Clancy	14	21	2	5	8	9	4	9	2	1	0	0	1.91	3.6	4.0	1.88	3.6	3.75				1.93	3.75	4.09	1.83	3.7	3.7	1.9	3.6	3.9	1.95	3.75	4.09	1.9	3.64	3.81	1.8	2.0	1.82	2.06	1.87	2.11	1.79	2.0	-0.5	1.9	1.95	1.93	1.97	1.94	2.0	1.89	1.92	2.0	3.5	3.8	1.95	3.5	3.6				2.05	3.69	3.71	1.91	3.7	3.6	2.0	3.6	3.5	2.08	3.7	3.85	2.0	3.57	3.6	1.75	2.05	1.78	2.12	1.89	2.14	1.77	2.03	-0.5	2.05	1.8	2.05	1.86	2.09	1.9	2.01	1.83	scotland																																																																										2024-02-28 19:45:00+00:00	scotland:20240228T1945Z:hearts:hibernian:392	scotland:hearts	scotland:hibernian	sco.1:2023-24	sco.1:2023-24-rules-v1	65	4.197916666666667	12.0	1.6	1.4	0.6	0.5	13.911899890496807	13.257723117331611	0.11406475979476839	64	4.197916666666667	5.0	1.4	2.0	-0.7	0.1	10.712987079027691	13.573379934332541	0.1239521680560304	2023-24	12.0	5.0	4.197916666666667	4.197916666666667	1.6	1.4	2024-02-28 19:44:59.999999+00:00
SC0	2024-02-28	19:45	Kilmarnock	Rangers	1	2	A	1	0	H	D Dickinson	10	14	3	5	8	16	8	6	3	2	0	0	8.0	4.5	1.44	7.0	4.6	1.41				8.3	4.85	1.42	7.5	4.5	1.36	8.0	4.6	1.4	8.3	4.85	1.44	7.54	4.61	1.41	1.73	2.08	1.76	2.14	1.77	2.17	1.73	2.08	1.25	1.93	1.93	1.97	1.93	1.98	1.97	1.9	1.91	8.0	4.2	1.45	6.5	4.2	1.47				7.69	4.34	1.49	7.0	4.5	1.44	7.0	4.4	1.44	8.0	4.5	1.5	7.17	4.26	1.46	1.85	2.0	1.89	1.99	1.92	2.04	1.84	1.94	1.25	1.73	2.08	1.79	2.13	1.83	2.13	1.77	2.04	scotland																																																																										2024-02-28 19:45:00+00:00	scotland:20240228T1945Z:kilmarnock:rangers:393	scotland:kilmarnock	scotland:rangers	sco.1:2023-24	sco.1:2023-24-rules-v1	65	4.197916666666667	9.0	1.4	0.8	0.3	0.4	12.520124197371713	11.949588092595244	0.12763230781703253	65	4.197916666666667	15.0	3.2	0.4	2.1	0.6	22.084559145470667	6.84085939911221	0.14969791864790427	2023-24	9.0	15.0	4.197916666666667	4.197916666666667	1.4	3.2	2024-02-28 19:44:59.999999+00:00
SC0	2024-02-28	20:00	Livingston	Motherwell	1	3	A	1	0	H	J Beaton	14	15	4	5	12	8	1	4	1	1	0	0	2.7	3.4	2.55	2.65	3.25	2.55				2.89	3.26	2.67	2.62	3.25	2.5	2.75	3.25	2.55	2.89	3.4	2.67	2.74	3.23	2.58	2.1	1.7	2.21	1.72	2.21	1.72	2.15	1.68	0.0	2.0	1.85	2.03	1.88	2.04	1.9	1.96	1.85	3.1	3.25	2.38	3.0	3.1	2.4				3.23	3.18	2.48	2.9	3.1	2.5	3.0	3.2	2.4	3.23	3.3	2.51	3.05	3.16	2.41	2.25	1.62	2.35	1.65	2.4	1.66	2.28	1.61	0.25	1.8	2.05	1.82	2.1	1.84	2.12	1.8	2.04	scotland																																																																										2024-02-28 20:00:00+00:00	scotland:20240228T2000Z:livingston:motherwell:394	scotland:livingston	scotland:motherwell	sco.1:2023-24	sco.1:2023-24-rules-v1	65	4.208333333333333	4.0	1.0	1.8	-1.2	0.2	10.36044565796759	14.531673663999626	0.08409930878663502	65	3.3333333333333335	5.0	2.0	1.8	0.1	0.2	10.803696922015813	14.004281430325687	0.1417744478127774	2023-24	4.0	5.0	4.208333333333333	3.3333333333333335	1.0	2.0	2024-02-28 19:59:59.999999+00:00
SC0	2024-03-02	15:00	Dundee	Kilmarnock	2	2	D	1	1	D	C Steven	14	9	5	7	11	10	4	6	3	4	0	1	2.6	3.5	2.6	2.55	3.4	2.6				2.75	3.3	2.77	2.5	3.3	2.7	2.63	3.25	2.7	2.75	3.5	2.77	2.61	3.33	2.64	2.03	1.83	2.04	1.85	2.07	1.88	1.96	1.83	0.0	1.93	1.93	1.94	1.96	1.96	2.0	1.9	1.91	2.88	3.5	2.4	2.8	3.25	2.45				3.1	3.33	2.47	2.8	3.4	2.38	3.0	3.3	2.38	3.18	3.56	2.47	2.98	3.31	2.38	2.05	1.75	2.12	1.78	2.21	1.81	2.06	1.75	0.25	1.78	2.1	1.81	2.11	1.89	2.12	1.8	2.03	scotland																																																																										2024-03-02 15:00:00+00:00	scotland:20240302T1500Z:dundee:kilmarnock:395	scotland:dundee	scotland:kilmarnock	sco.1:2023-24	sco.1:2023-24-rules-v1	27	2.8020833333333335	6.0	1.2	2.4	-0.5	0.1	11.233877839969045	16.25376611030171	0.13731823071032145	66	2.8020833333333335	8.0	1.2	0.8	0.2	0.3	12.061919797849583	12.322390257577926	0.12260825185029933	2023-24	6.0	8.0	2.8020833333333335	2.8020833333333335	1.2	1.2	2024-03-02 14:59:59.999999+00:00
SC0	2024-03-02	15:00	Hibernian	Ross County	2	0	H	0	0	D	C Napier	14	4	6	2	9	14	8	2	0	1	0	0	1.57	4.2	5.5	1.58	4.1	5.0				1.64	4.26	5.35	1.57	4.2	5.0	1.6	4.0	5.5	1.64	4.3	5.5	1.6	4.14	5.15	1.67	2.15	1.7	2.23	1.74	2.24	1.68	2.14	-1.0	2.03	1.83	2.09	1.83	2.09	1.87	2.01	1.8	1.4	5.0	7.0	1.39	4.8	7.0				1.4	5.19	7.92	1.36	5.0	7.5	1.36	5.0	7.5	1.43	5.19	8.0	1.39	4.95	7.4	1.57	2.35	1.62	2.41	1.62	2.41	1.58	2.33	-1.25	1.83	2.03	1.87	2.05	1.9	2.07	1.84	1.97	scotland																																																																										2024-03-02 15:00:00+00:00	scotland:20240302T1500Z:hibernian:ross-county:396	scotland:hibernian	scotland:ross-county	sco.1:2023-24	sco.1:2023-24-rules-v1	65	2.8020833333333335	5.0	1.2	1.8	-0.8	0.0	12.58335306465902	13.65094721899935	0.11007341888566989	65	3.7916666666666665	4.0	1.0	2.6	-1.3	0.0	9.985785805459344	16.83767569607467	0.11262230168649393	2023-24	5.0	4.0	2.8020833333333335	3.7916666666666665	1.2	1.0	2024-03-02 14:59:59.999999+00:00
SC0	2024-03-02	15:00	Rangers	Motherwell	1	2	A	0	1	A	A Muir	31	15	11	5	9	10	15	2	0	3	0	0	1.14	9.0	15.0	1.16	7.5	15.0				1.16	8.51	17.6	1.14	7.5	17.0	1.15	7.5	17.0	1.17	9.0	18.0	1.15	7.78	15.69	1.4	2.88	1.4	3.02	1.42	3.02	1.39	2.88	-2.25	2.03	1.83	2.05	1.85	2.14	1.85	2.01	1.8	1.14	9.0	15.0	1.16	7.5	15.0				1.16	8.4	19.69	1.14	7.0	19.0	1.15	7.5	17.0	1.18	9.29	19.69	1.15	7.71	16.98	1.48	2.6	1.5	2.67	1.5	2.67	1.47	2.59	-2.0	1.85	2.0	1.86	2.03	1.92	2.04	1.84	1.98	scotland																																																																										2024-03-02 15:00:00+00:00	scotland:20240302T1500Z:rangers:motherwell:397	scotland:rangers	scotland:motherwell	sco.1:2023-24	sco.1:2023-24-rules-v1	66	2.8020833333333335	15.0	3.0	0.6	2.0	0.5	20.614639300839638	7.415248599273626	0.1484541412314022	66	2.7916666666666665	7.0	2.4	1.8	0.3	0.1	11.566661118012938	14.003502988448288	0.15236091184681788	2023-24	15.0	7.0	2.8020833333333335	2.7916666666666665	3.0	2.4	2024-03-02 14:59:59.999999+00:00
SC0	2024-03-02	15:00	St Johnstone	Livingston	1	1	D	0	1	A	C Graham	10	8	3	4	15	16	2	2	2	2	0	0	2.38	3.25	3.1	2.35	3.2	3.0				2.4	3.19	3.36	2.25	3.3	3.1	2.38	3.1	3.2	2.4	3.3	3.38	2.34	3.16	3.16	2.3	1.6	2.38	1.63	2.45	1.63	2.29	1.6	-0.25	2.0	1.85	2.04	1.88	2.06	1.88	1.98	1.83	2.2	3.1	3.6	2.15	2.95	3.7				2.23	2.99	4.08	2.3	2.9	3.4	2.2	3.0	3.7	2.3	3.16	4.08	2.2	2.96	3.74	2.7	1.44	2.83	1.47	2.83	1.47	2.74	1.43	-0.25	1.83	2.03	1.86	2.05	1.94	2.05	1.84	1.97	scotland																																																																										2024-03-02 15:00:00+00:00	scotland:20240302T1500Z:st-johnstone:livingston:398	scotland:st-johnstone	scotland:livingston	sco.1:2023-24	sco.1:2023-24-rules-v1	66	2.8020833333333335	3.0	0.6	1.6	-0.5	0.3	8.186803883648361	15.218441881765209	0.08464737661778336	66	2.7916666666666665	3.0	0.8	2.0	-1.2	0.2	11.022182811064392	14.616823906908785	0.08179553835789619	2023-24	3.0	3.0	2.8020833333333335	2.7916666666666665	0.6	0.8	2024-03-02 14:59:59.999999+00:00
SC0	2024-03-02	15:00	St Mirren	Aberdeen	2	1	H	0	1	A	N Walsh	14	9	5	3	16	22	3	2	1	4	0	0	2.3	3.5	3.0	2.25	3.3	3.0				2.31	3.42	3.32	2.25	3.3	3.1	2.3	3.25	3.13	2.31	3.5	3.32	2.27	3.35	3.1	2.05	1.8	2.12	1.78	2.12	1.83	2.03	1.77	-0.25	1.98	1.88	1.98	1.93	2.02	1.93	1.95	1.85	2.3	3.25	3.1	2.25	3.1	3.1				2.43	3.1	3.4	2.2	3.3	3.2	2.3	3.2	3.2	2.43	3.34	3.4	2.33	3.17	3.17	2.35	1.57	2.47	1.59	2.47	1.67	2.33	1.58	-0.25	2.03	1.83	2.05	1.86	2.05	1.92	1.98	1.84	scotland																																																																										2024-03-02 15:00:00+00:00	scotland:20240302T1500Z:st-mirren:aberdeen:399	scotland:st-mirren	scotland:aberdeen	sco.1:2023-24	sco.1:2023-24-rules-v1	66	3.7916666666666665	10.0	1.6	0.4	0.2	0.4	12.588148772782363	8.659477506012127	0.09116687350389777	65	2.8020833333333335	2.0	1.2	2.2	-0.4	0.1	13.52916300717219	13.113265524792464	0.07882853425602578	2023-24	10.0	2.0	3.7916666666666665	2.8020833333333335	1.6	1.2	2024-03-02 14:59:59.999999+00:00
SC0	2024-03-03	12:00	Hearts	Celtic	2	0	H	1	0	H	D Robertson	14	17	6	6	10	11	7	7	2	2	0	1	6.5	4.33	1.5	5.5	4.5	1.51				6.36	4.73	1.51	6.0	4.5	1.5	6.0	4.5	1.45	6.5	4.73	1.52	5.97	4.45	1.49	1.57	2.35	1.6	2.44	1.6	2.44	1.58	2.34	1.0	2.05	1.75	2.1	1.81	2.1	1.84	2.04	1.78	6.5	4.75	1.45	6.0	4.6	1.46				6.68	4.78	1.49	6.0	4.75	1.44	6.5	4.75	1.45	6.81	5.07	1.51	6.24	4.67	1.46	1.53	2.4	1.55	2.57	1.59	2.62	1.52	2.5	1.25	1.83	2.03	1.86	2.05	1.93	2.05	1.83	1.99	scotland																																																																										2024-03-03 12:00:00+00:00	scotland:20240303T1200Z:hearts:celtic:400	scotland:hearts	scotland:celtic	sco.1:2023-24	sco.1:2023-24-rules-v1	66	3.6770833333333335	10.0	1.4	1.6	0.4	0.4	13.927918092224658	14.665409823271318	0.10631272554636895	66	3.6770833333333335	11.0	2.8	1.0	1.9	0.4	18.17752061694805	8.852781127674096	0.17305755598453845	2023-24	10.0	11.0	3.6770833333333335	3.6770833333333335	1.4	2.8	2024-03-03 11:59:59.999999+00:00
SC0	2024-03-13	19:45	Dundee	Aberdeen	1	0	H	0	0	D	S McLean	18	10	6	2	12	8	6	4	2	1	0	0	2.45	3.4	2.88	2.35	3.5	2.75				2.52	3.44	2.94	2.38	3.5	2.75	2.4	3.5	2.8	2.52	3.52	2.94	2.42	3.42	2.82	1.9	1.95	1.88	2.01	1.9	2.05	1.82	1.96	0.0	1.78	2.1	1.81	2.12	1.84	2.12	1.77	2.05	3.1	3.25	2.38	2.95	3.25	2.35				3.13	3.39	2.42	2.88	3.4	2.38	3.0	3.3	2.38	3.14	3.43	2.5	3.0	3.29	2.38	2.05	1.75	2.07	1.83	2.21	1.88	2.02	1.78	0.25	1.83	2.03	1.84	2.08	1.87	2.1	1.8	2.02	scotland																																																																										2024-03-13 19:45:00+00:00	scotland:20240313T1945Z:dundee:aberdeen:401	scotland:dundee	scotland:aberdeen	sco.1:2023-24	sco.1:2023-24-rules-v1	28	11.197916666666666	7.0	1.6	2.4	-0.5	0.1	11.736809141792854	14.934899544792309	0.13832530564610715	66	11.197916666666666	2.0	1.2	2.2	-0.8	0.0	12.705678824049974	13.274489974830196	0.0846980936842231	2023-24	7.0	2.0	11.197916666666666	11.197916666666666	1.6	1.2	2024-03-13 19:44:59.999999+00:00
SC0	2024-03-13	19:45	Ross County	Hibernian	2	2	D	1	0	H	D Munro	6	11	3	6	7	12	2	6	1	2	0	0	4.2	3.75	1.85	3.7	3.6	1.9				4.18	3.79	1.9	3.8	3.7	1.85	3.9	3.6	1.9	4.2	3.82	1.91	3.88	3.71	1.88	1.75	2.05	1.78	2.12	1.81	2.12	1.76	2.04	0.5	1.98	1.88	2.01	1.9	2.02	1.91	1.94	1.87	4.75	3.6	1.8	4.2	3.5	1.82				4.77	3.66	1.83	4.2	3.5	1.83	4.33	3.5	1.85	4.93	3.75	1.95	4.34	3.52	1.84	2.0	1.85	1.99	1.9	2.07	1.9	1.97	1.82	0.5	2.05	1.75	2.08	1.82	2.14	1.94	1.98	1.83	scotland																																																																										2024-03-13 19:45:00+00:00	scotland:20240313T1945Z:ross-county:hibernian:402	scotland:ross-county	scotland:hibernian	sco.1:2023-24	sco.1:2023-24-rules-v1	66	11.197916666666666	4.0	1.0	2.0	-1.5	0.0	8.897461113557643	16.321734660424728	0.09214551956167684	66	11.197916666666666	8.0	1.6	1.2	-0.5	0.1	12.840925234721015	11.896229542817649	0.11603409597139223	2023-24	4.0	8.0	11.197916666666666	11.197916666666666	1.0	1.6	2024-03-13 19:44:59.999999+00:00
SC0	2024-03-16	15:00	Celtic	St Johnstone	3	1	H	1	0	H	E Anderson	22	6	9	2	6	13	10	2	0	3	0	0	1.1	9.0	26.0	1.11	9.5	21.0				1.12	9.91	24.14	1.08	9.0	26.0	1.09	9.5	26.0	1.12	10.0	26.0	1.1	9.19	22.68	1.4	2.88	1.41	2.99	1.41	3.05	1.38	2.92	-2.5	2.0	1.85	2.03	1.86	2.04	1.89	1.97	1.84	1.13	8.5	21.0	1.14	8.5	16.0				1.13	9.61	23.05	1.11	8.5	19.0	1.13	8.5	19.0	1.15	9.61	23.05	1.13	8.6	18.91	1.36	3.1	1.4	3.03	1.42	3.1	1.39	2.92	-2.25	1.9	1.95	1.92	1.97	1.95	1.99	1.9	1.91	scotland																																																																										2024-03-16 15:00:00+00:00	scotland:20240316T1500Z:celtic:st-johnstone:403	scotland:celtic	scotland:st-johnstone	sco.1:2023-24	sco.1:2023-24-rules-v1	67	13.125	10.0	2.6	1.2	1.5	0.3	17.963425959321132	9.788639104460623	0.14159254580553146	67	14.0	4.0	0.8	1.6	-0.4	0.3	8.516475904803205	13.905997903262444	0.0874387626872773	2023-24	10.0	4.0	13.125	14.0	2.6	0.8	2024-03-16 14:59:59.999999+00:00
SC0	2024-03-16	15:00	Hibernian	Livingston	3	0	H	3	0	H	N Walsh	14	9	4	3	13	16	3	2	0	6	0	0	1.53	4.2	6.5	1.49	4.33	6.0				1.55	4.38	6.34	1.5	4.33	6.0	1.5	4.33	6.0	1.55	4.4	6.5	1.51	4.25	6.17	1.73	2.08	1.79	2.11	1.79	2.13	1.72	2.08	-1.0	1.88	1.98	1.92	1.99	1.92	2.05	1.85	1.97	1.44	4.2	8.0	1.49	4.2	6.5				1.49	4.46	7.38	1.44	4.2	7.0	1.45	4.33	6.5	1.5	4.5	8.0	1.47	4.25	6.95	1.93	1.93	1.9	1.98	1.97	2.0	1.86	1.92	-1.0	1.8	2.05	1.81	2.12	1.84	2.12	1.79	2.04	scotland																																																																										2024-03-16 15:00:00+00:00	scotland:20240316T1500Z:hibernian:livingston:404	scotland:hibernian	scotland:livingston	sco.1:2023-24	sco.1:2023-24-rules-v1	67	2.8020833333333335	9.0	1.8	1.2	-0.4	0.1	12.50621155568083	10.824187807759895	0.1279948388526267	67	14.0	4.0	1.0	1.6	-1.2	0.1	10.472695027234503	13.777401378379913	0.08965089502009688	2023-24	9.0	4.0	2.8020833333333335	14.0	1.8	1.0	2024-03-16 14:59:59.999999+00:00
SC0	2024-03-16	15:00	Kilmarnock	St Mirren	5	2	H	0	2	A	R Hardie	13	7	8	2	15	13	1	3	3	1	0	0	2.15	3.1	3.75	2.1	3.1	3.6				2.16	3.23	3.92	2.1	3.2	3.5	2.1	3.25	3.6	2.19	3.3	3.92	2.13	3.16	3.65	2.4	1.53	2.46	1.6	2.5	1.6	2.38	1.56	-0.25	1.8	2.05	1.83	2.09	1.87	2.09	1.81	2.01	2.05	2.9	4.33	2.05	3.0	3.9				2.09	3.16	4.29	2.1	3.1	3.7	2.05	3.1	4.0	2.15	3.16	4.45	2.08	3.0	4.08	2.7	1.44	2.67	1.52	2.82	1.52	2.66	1.46	-0.5	2.05	1.8	2.09	1.83	2.14	1.87	2.06	1.77	scotland																																																																										2024-03-16 15:00:00+00:00	scotland:20240316T1500Z:kilmarnock:st-mirren:405	scotland:kilmarnock	scotland:st-mirren	sco.1:2023-24	sco.1:2023-24-rules-v1	67	14.0	8.0	1.4	1.0	0.1	0.3	11.505207107331477	12.627410210745575	0.1407198828270126	67	14.0	10.0	1.4	0.6	0.5	0.4	12.844848995912841	8.721390686737195	0.10056510429539686	2023-24	8.0	10.0	14.0	14.0	1.4	1.4	2024-03-16 14:59:59.999999+00:00
SC0	2024-03-16	15:00	Motherwell	Aberdeen	0	1	A	0	1	A	W Collum	14	14	5	4	13	10	6	6	1	2	0	0	2.4	3.1	3.2	2.3	3.3	2.95				2.38	3.34	3.25	2.25	3.4	3.0	2.3	3.4	3.0	2.4	3.42	3.25	2.33	3.27	3.09	2.05	1.8	2.06	1.84	2.06	1.9	1.97	1.81	-0.25	2.0	1.85	2.03	1.88	2.12	1.88	1.99	1.83	2.38	3.3	3.1	2.35	3.25	2.9				2.43	3.29	3.21	2.3	3.4	2.9	2.38	3.3	3.0	2.5	3.4	3.25	2.37	3.24	3.06	1.98	1.88	2.0	1.88	2.1	1.89	1.96	1.83	-0.25	2.0	1.85	2.07	1.85	2.15	1.87	2.01	1.81	scotland																																																																										2024-03-16 15:00:00+00:00	scotland:20240316T1500Z:motherwell:aberdeen:406	scotland:motherwell	scotland:aberdeen	sco.1:2023-24	sco.1:2023-24-rules-v1	67	14.0	7.0	1.8	2.0	0.6	0.1	12.190904551101493	17.093775172366783	0.1489013521170934	67	2.8020833333333335	1.0	0.6	1.8	-0.9	0.0	12.21373721967725	14.13367361577016	0.06929844028709162	2023-24	7.0	1.0	14.0	2.8020833333333335	1.8	0.6	2024-03-16 14:59:59.999999+00:00
SC0	2024-03-16	15:00	Ross County	Hearts	2	1	H	1	0	H	G Irvine	11	21	3	6	7	6	2	15	2	1	0	0	4.0	3.6	1.91	4.0	3.5	1.83				4.48	3.76	1.85	4.2	3.6	1.8	4.2	3.6	1.83	4.5	3.76	1.91	4.24	3.63	1.83	1.93	1.93	1.94	1.94	2.0	1.96	1.91	1.88	0.5	2.03	1.83	2.07	1.85	2.07	1.86	2.0	1.81	4.33	3.6	1.83	4.1	3.5	1.85				4.49	3.62	1.88	4.0	3.6	1.85	4.0	3.5	1.9	4.49	3.66	1.91	4.17	3.52	1.87	2.03	1.83	2.03	1.86	2.1	1.87	1.99	1.8	0.5	2.0	1.85	2.03	1.88	2.05	1.9	1.95	1.86	scotland																																																																										2024-03-16 15:00:00+00:00	scotland:20240316T1500Z:ross-county:hearts:407	scotland:ross-county	scotland:hearts	sco.1:2023-24	sco.1:2023-24-rules-v1	67	2.8020833333333335	5.0	1.2	1.8	-1.2	0.0	8.370650002001707	15.354146540347504	0.13599784933834164	67	13.125	10.0	1.2	1.2	0.5	0.4	13.941023893638356	15.089880764494715	0.11295716505741873	2023-24	5.0	10.0	2.8020833333333335	13.125	1.2	1.2	2024-03-16 14:59:59.999999+00:00
SC0	2024-03-30	15:00	Aberdeen	Ross County	2	1	H	1	1	D	K Clancy	10	10	4	3	12	16	2	8	2	4	0	0	1.7	3.75	5.0	1.72	3.75	4.4				1.78	3.83	4.74	1.7	3.8	4.6	1.73	3.8	4.6	1.78	3.86	5.0	1.73	3.77	4.61	1.88	1.98	1.91	1.97	1.91	2.02	1.83	1.95	-0.75	1.98	1.88	2.0	1.9	2.0	1.96	1.92	1.88	1.55	4.0	6.5	1.57	3.8	5.75				1.54	4.14	6.75	1.55	3.9	6.0	1.53	4.0	6.5	1.59	4.14	6.78	1.55	3.95	6.15	2.03	1.83	2.05	1.85	2.11	1.88	2.01	1.78	-1.0	1.93	1.93	1.94	1.96	2.1	1.98	1.96	1.85	scotland																																																																										2024-03-30 15:00:00+00:00	scotland:20240330T1500Z:aberdeen:ross-county:408	scotland:aberdeen	scotland:ross-county	sco.1:2023-24	sco.1:2023-24-rules-v1	68	14.0	3.0	0.4	1.4	-0.6	0.1	12.538512270645022	14.109369321993766	0.06968573685826976	68	14.0	8.0	1.6	1.6	-1.0	0.0	8.848713638001396	16.38066535119341	0.14432881888013077	2023-24	3.0	8.0	14.0	14.0	0.4	1.6	2024-03-30 14:59:59.999999+00:00
SC0	2024-03-30	15:00	Hearts	Kilmarnock	1	1	D	1	0	H	W Collum	16	12	6	4	5	12	7	7	2	2	0	0	2.0	3.5	3.75	2.0	3.4	3.6				2.07	3.49	3.78	2.0	3.5	3.6	2.0	3.5	3.6	2.07	3.52	3.8	2.01	3.44	3.64	2.03	1.83	2.05	1.85	2.05	1.88	1.97	1.81	-0.5	2.03	1.83	2.08	1.84	2.08	1.88	2.01	1.81	2.25	3.4	3.2	2.25	3.3	3.1				2.33	3.4	3.22	2.15	3.4	3.2	2.25	3.4	3.1	2.35	3.45	3.4	2.25	3.34	3.16	2.05	1.75	2.07	1.83	2.11	1.85	2.01	1.78	-0.25	2.0	1.85	2.01	1.89	2.06	2.0	1.94	1.87	scotland																																																																										2024-03-30 15:00:00+00:00	scotland:20240330T1500Z:hearts:kilmarnock:409	scotland:hearts	scotland:kilmarnock	sco.1:2023-24	sco.1:2023-24-rules-v1	68	14.0	7.0	1.2	1.6	0.4	0.4	15.224474094795017	14.34626608004113	0.10107750734135125	68	14.0	8.0	2.2	1.4	0.3	0.2	11.776987633271208	11.604244717882743	0.1850645195158075	2023-24	7.0	8.0	14.0	14.0	1.2	2.2	2024-03-30 14:59:59.999999+00:00
SC0	2024-03-30	15:00	Motherwell	St Mirren	1	1	D	0	1	A	M MacDermid	16	17	4	4	9	8	4	4	1	1	0	0	2.45	3.4	2.88	2.4	3.25	2.85				2.61	3.23	2.94	2.45	3.25	2.8	2.5	3.3	2.8	2.61	3.4	2.94	2.49	3.23	2.86	2.2	1.65	2.26	1.69	2.26	1.7	2.18	1.67	0.0	1.8	2.05	1.84	2.08	1.84	2.11	1.79	2.05	2.55	3.4	2.8	2.6	3.1	2.65				2.72	3.21	2.83	2.5	3.3	2.7	2.55	3.2	2.8	2.72	3.43	2.85	2.58	3.21	2.77	2.15	1.67	2.25	1.69	2.32	1.7	2.18	1.66	0.0	1.88	1.98	1.92	1.99	1.92	2.08	1.84	2.0	scotland																																																																										2024-03-30 15:00:00+00:00	scotland:20240330T1500Z:motherwell:st-mirren:410	scotland:motherwell	scotland:st-mirren	sco.1:2023-24	sco.1:2023-24-rules-v1	68	14.0	6.0	1.2	1.6	0.3	0.1	12.519830996355767	16.53127059557282	0.1218283790048946	68	14.0	7.0	1.4	1.6	0.3	0.4	11.782149178474143	9.499319652784976	0.13422859182610392	2023-24	6.0	7.0	14.0	14.0	1.2	1.4	2024-03-30 14:59:59.999999+00:00
SC0	2024-03-30	15:00	Rangers	Hibernian	3	1	H	2	1	H	D Dickinson	24	6	8	1	14	7	9	4	3	3	0	0	1.29	7.0	7.5	1.28	5.75	9.25				1.25	6.46	11.05	1.25	5.8	11.0	1.25	6.0	10.5	1.29	7.0	11.05	1.26	6.09	10.17	1.48	2.6	1.5	2.65	1.52	2.7	1.48	2.57	-1.75	2.0	1.85	2.0	1.89	2.06	1.89	1.97	1.84	1.25	7.0	9.0	1.25	6.25	10.0				1.21	7.12	12.8	1.22	6.5	11.0	1.22	6.5	11.5	1.26	7.12	12.8	1.22	6.58	11.07	1.4	2.88	1.43	2.93	1.46	3.0	1.42	2.79	-1.75	1.83	2.03	1.86	2.04	1.97	2.08	1.84	1.97	scotland																																																																										2024-03-30 15:00:00+00:00	scotland:20240330T1500Z:rangers:hibernian:411	scotland:rangers	scotland:hibernian	sco.1:2023-24	sco.1:2023-24-rules-v1	67	28.0	12.0	2.8	0.8	2.0	0.5	22.502886700686975	8.794294308496603	0.12732758182862525	68	14.0	11.0	2.0	0.8	-0.1	0.2	12.77780945464795	10.492517297258095	0.14368408893136989	2023-24	12.0	11.0	28.0	14.0	2.8	2.0	2024-03-30 14:59:59.999999+00:00
SC0	2024-03-30	15:00	St Johnstone	Dundee	1	2	A	0	1	A	I Snedden	15	10	4	3	8	9	11	2	5	1	0	0	2.7	3.4	2.6	2.7	3.2	2.55				2.9	3.14	2.71	2.7	3.3	2.5	2.75	3.25	2.55	2.9	3.4	2.72	2.77	3.18	2.59	2.15	1.67	2.26	1.69	2.26	1.69	2.18	1.66	0.0	2.0	1.85	2.02	1.88	2.02	1.89	1.97	1.85	3.0	3.25	2.38	3.0	3.1	2.4				3.13	3.07	2.58	3.0	3.1	2.45	3.0	3.2	2.4	3.38	3.33	2.63	3.05	3.08	2.45	2.35	1.57	2.41	1.61	2.46	1.61	2.35	1.57	0.25	1.78	2.1	1.76	2.18	1.85	2.18	1.75	2.09	scotland																																																																										2024-03-30 15:00:00+00:00	scotland:20240330T1500Z:st-johnstone:dundee:412	scotland:st-johnstone	scotland:dundee	sco.1:2023-24	sco.1:2023-24-rules-v1	68	14.0	4.0	0.8	1.8	-0.6	0.2	8.05893483120262	15.377634648123816	0.10184383613807536	29	16.802083333333332	7.0	1.4	2.2	-0.3	0.2	12.875571116012335	14.037645082102797	0.12327626017509775	2023-24	4.0	7.0	14.0	16.802083333333332	0.8	1.4	2024-03-30 14:59:59.999999+00:00
SC0	2024-03-31	12:00	Livingston	Celtic	0	3	A	0	0	D	D Robertson	5	21	1	10	7	8	0	8	1	0	0	0	12.0	7.0	1.22	12.0	6.75	1.21				12.21	7.1	1.22	13.0	6.5	1.2	13.0	6.5	1.18	13.0	7.2	1.23	12.2	6.68	1.2	1.44	2.7	1.44	2.86	1.47	2.88	1.44	2.72	2.0	1.85	2.0	1.88	2.01	1.89	2.08	1.83	1.98	12.0	8.0	1.18	12.0	7.0	1.2				14.73	7.74	1.18	15.0	7.0	1.17	13.0	7.5	1.18	15.0	8.21	1.22	13.07	7.16	1.19	1.4	2.88	1.43	2.95	1.43	3.1	1.4	2.88	2.0	1.95	1.9	1.96	1.93	1.97	2.02	1.89	1.93	scotland																																																																										2024-03-31 11:00:00+00:00	scotland:20240331T1100Z:livingston:celtic:413	scotland:livingston	scotland:celtic	sco.1:2023-24	sco.1:2023-24-rules-v1	68	14.833333333333334	4.0	1.0	2.0	-1.3	0.1	10.204932295010048	13.81787385503811	0.07335073228917016	68	14.833333333333334	10.0	2.8	1.2	1.4	0.2	18.697348512171835	9.099795630922326	0.14064183499791416	2023-24	4.0	10.0	14.833333333333334	14.833333333333334	1.0	2.8	2024-03-31 10:59:59.999999+00:00
SC0	2024-04-06	15:00	Dundee	Motherwell	2	3	A	1	0	H	D Dickinson	6	20	2	5	7	4	3	11	2	0	0	0	2.38	3.3	3.1	2.3	3.4	2.9				2.34	3.47	3.14	2.25	3.5	3.0	2.3	3.5	2.9	2.38	3.55	3.14	2.32	3.42	2.99	1.95	1.9	1.95	1.93	1.97	1.98	1.89	1.89	-0.25	2.03	1.83	2.03	1.88	2.07	1.88	1.99	1.82	2.25	3.3	3.3	2.25	3.3	3.0				2.34	3.48	3.14	2.2	3.4	3.1	2.25	3.4	3.1	2.34	3.49	3.34	2.24	3.37	3.18	1.98	1.88	1.98	1.91	2.1	1.93	1.96	1.83	-0.25	2.0	1.85	2.02	1.88	2.02	1.94	1.93	1.89	scotland																																																																										2024-04-06 14:00:00+00:00	scotland:20240406T1400Z:dundee:motherwell:414	scotland:dundee	scotland:motherwell	sco.1:2023-24	sco.1:2023-24-rules-v1	30	6.958333333333333	7.0	1.4	2.4	-0.5	0.2	12.35274000401009	14.212618703538652	0.1372260310523527	69	6.958333333333333	7.0	1.4	1.4	0.3	0.1	13.152588997018352	16.61649412365049	0.11104140100400467	2023-24	7.0	7.0	6.958333333333333	6.958333333333333	1.4	1.4	2024-04-06 13:59:59.999999+00:00
SC0	2024-04-06	15:00	Hibernian	St Johnstone	1	2	A	0	0	D	G Irvine	13	6	6	2	6	6	13	3	1	2	0	0	1.5	4.33	6.5	1.53	4.1	5.75				1.54	4.21	6.68	1.5	4.0	6.5	1.5	4.2	6.5	1.56	4.33	6.68	1.52	4.13	6.24	1.93	1.93	1.97	1.92	1.98	1.95	1.9	1.89	-1.0	1.93	1.93	1.93	1.98	1.98	1.98	1.91	1.91	1.53	4.2	6.0	1.55	3.9	5.75				1.54	4.17	6.73	1.5	4.0	6.5	1.53	4.0	6.5	1.57	4.28	6.73	1.53	4.07	6.25	1.95	1.9	2.01	1.88	2.02	1.97	1.95	1.84	-1.0	1.93	1.93	1.93	1.97	2.02	1.97	1.91	1.9	scotland																																																																										2024-04-06 14:00:00+00:00	scotland:20240406T1400Z:hibernian:st-johnstone:415	scotland:hibernian	scotland:st-johnstone	sco.1:2023-24	sco.1:2023-24-rules-v1	69	6.958333333333333	8.0	1.8	1.2	0.0	0.2	11.545480462893778	12.948423243211167	0.14786273942869657	69	6.958333333333333	4.0	1.0	1.6	-0.7	0.2	9.320946680074872	14.399882893919486	0.09544798714327377	2023-24	8.0	4.0	6.958333333333333	6.958333333333333	1.8	1.0	2024-04-06 13:59:59.999999+00:00
SC0	2024-04-06	15:00	Kilmarnock	Ross County	1	0	H	0	0	D	E Anderson	14	10	5	4	6	15	4	3	4	4	0	0	1.5	4.2	7.0							1.52	4.26	6.97	1.44	4.2	7.0	1.5	4.0	7.0	1.53	4.3	7.0	1.5	4.17	6.55	1.93	1.93	1.98	1.91	1.98	2.0	1.9	1.89	-1.0	1.88	1.98	1.88	2.03	1.92	2.03	1.85	1.96	1.53	4.0	7.0							1.53	4.16	6.83	1.5	4.0	6.5	1.5	4.2	6.5	1.57	4.2	7.28	1.52	4.04	6.48	2.03	1.83	2.02	1.87	2.1	1.88	1.98	1.82	-1.0	1.9	1.95	1.93	1.98	1.97	2.02	1.89	1.92	scotland																																																																										2024-04-06 14:00:00+00:00	scotland:20240406T1400Z:kilmarnock:ross-county:416	scotland:kilmarnock	scotland:ross-county	sco.1:2023-24	sco.1:2023-24-rules-v1	69	6.958333333333333	8.0	2.2	1.4	0.3	0.2	11.817535336312806	12.40347295099497	0.16656794020990306	69	6.958333333333333	5.0	1.2	1.6	-1.1	0.0	9.05803843109205	15.220544378249153	0.1362690336291979	2023-24	8.0	5.0	6.958333333333333	6.958333333333333	2.2	1.2	2024-04-06 13:59:59.999999+00:00
SC0	2024-04-06	15:00	Livingston	Aberdeen	0	0	D	0	0	D	G Grainger	9	5	1	3	15	7	2	5	2	0	0	0	3.6	3.4	2.1	3.5	3.25	2.05				3.81	3.31	2.13	3.6	3.4	2.0	3.6	3.3	2.1	3.83	3.42	2.13	3.62	3.3	2.08	2.15	1.67	2.23	1.71	2.23	1.73	2.15	1.68	0.5	1.75	2.05	1.79	2.13	1.85	2.13	1.76	2.07	4.2	3.6	1.91	4.1	3.4	1.87				4.54	3.49	1.89	4.0	3.4	1.91	4.2	3.4	1.9	4.54	3.6	2.01	4.15	3.4	1.92	2.1	1.7	2.19	1.74	2.32	1.74	2.16	1.68	0.5	2.0	1.85	2.01	1.9	2.06	1.98	1.92	1.89	scotland																																																																										2024-04-06 14:00:00+00:00	scotland:20240406T1400Z:livingston:aberdeen:417	scotland:livingston	scotland:aberdeen	sco.1:2023-24	sco.1:2023-24-rules-v1	69	6.125	1.0	0.8	2.6	-1.5	0.1	9.258580968644583	15.123714972303908	0.060014235509321036	69	6.958333333333333	6.0	0.8	1.2	-0.5	0.1	12.076964585073199	13.362211263449444	0.09337923924767526	2023-24	1.0	6.0	6.125	6.958333333333333	0.8	0.8	2024-04-06 13:59:59.999999+00:00
SC0	2024-04-06	15:00	St Mirren	Hearts	1	2	A	0	1	A	A Muir	6	10	1	2	14	5	8	7	1	2	0	0	2.88	3.1	2.6	2.75	3.2	2.5				2.81	3.25	2.71	2.7	3.25	2.6	2.7	3.25	2.6	2.88	3.25	2.71	2.76	3.19	2.6	2.1	1.7	2.19	1.73	2.21	1.77	2.1	1.72	0.0	2.0	1.85	1.99	1.92	2.04	1.92	1.97	1.86	2.38	3.1	3.25	2.35	3.1	3.1				2.41	3.17	3.29	2.3	3.2	3.1	2.38	3.2	3.1	2.43	3.21	3.3	2.37	3.14	3.13	2.25	1.62	2.31	1.67	2.35	1.7	2.21	1.65	-0.25	2.03	1.83	2.06	1.85	2.06	1.88	2.01	1.81	scotland																																																																										2024-04-06 14:00:00+00:00	scotland:20240406T1400Z:st-mirren:hearts:418	scotland:st-mirren	scotland:hearts	sco.1:2023-24	sco.1:2023-24-rules-v1	69	6.958333333333333	8.0	1.6	1.6	0.0	0.3	12.730849327842481	10.681261534096798	0.12051858047804223	69	6.958333333333333	5.0	1.0	1.8	0.3	0.4	15.365478804832286	13.919672247306378	0.0940634150974692	2023-24	8.0	5.0	6.958333333333333	6.958333333333333	1.6	1.0	2024-04-06 13:59:59.999999+00:00
SC0	2024-04-07	12:00	Rangers	Celtic	3	3	D	0	2	A	J Beaton	12	14	5	7	10	23	3	2	0	4	0	0	2.2	3.6	3.1	2.2	3.5	2.95				2.25	3.61	3.2	2.2	3.5	3.0	2.2	3.5	3.0	2.26	3.61	3.2	2.22	3.53	3.07	1.73	2.08	1.77	2.13	1.79	2.13	1.74	2.07	-0.25	1.93	1.93	1.96	1.94	1.97	1.95	1.91	1.89	2.38	3.6	2.8	2.4	3.4	2.7				2.45	3.59	2.88	2.38	3.5	2.75	2.38	3.5	2.8	2.51	3.67	3.0	2.38	3.51	2.82	1.7	2.1	1.76	2.16	1.76	2.19	1.71	2.11	0.0	1.8	2.05	1.81	2.13	1.85	2.14	1.79	2.07	scotland																																																																										2024-04-07 11:00:00+00:00	scotland:20240407T1100Z:rangers:celtic:419	scotland:rangers	scotland:celtic	sco.1:2023-24	sco.1:2023-24-rules-v1	68	7.833333333333333	12.0	2.8	0.8	2.0	0.5	22.77508911874389	8.286240797860856	0.12690438513251157	69	7.0	12.0	3.2	1.0	1.6	0.3	19.11601241904968	8.354378243481904	0.14104461824504663	2023-24	12.0	12.0	7.833333333333333	7.0	2.8	3.2	2024-04-07 10:59:59.999999+00:00
SC0	2024-04-13	15:00	Aberdeen	Dundee	0	0	D	0	0	D	N Walsh	12	18	5	3	14	17	3	5	0	3	1	0	2.0	3.5	3.8	2.0	3.5	3.5				2.05	3.54	3.8	2.0	3.5	3.5	2.0	3.5	3.6	2.05	3.62	3.8	2.01	3.5	3.63	1.95	1.9	1.94	1.94	1.99	1.94	1.89	1.88	-0.5	2.03	1.83	2.06	1.86	2.06	1.86	2.0	1.82	1.91	3.5	4.0	1.9	3.5	3.75				1.97	3.55	4.05	1.85	3.6	3.9	1.91	3.6	3.9	1.98	3.6	4.1	1.93	3.51	3.89	1.98	1.88	2.01	1.88	2.02	1.91	1.94	1.85	-0.5	1.98	1.88	1.98	1.92	2.0	1.96	1.93	1.88	scotland																																																																										2024-04-13 14:00:00+00:00	scotland:20240413T1400Z:aberdeen:dundee:420	scotland:aberdeen	scotland:dundee	sco.1:2023-24	sco.1:2023-24-rules-v1	70	7.0	7.0	0.8	0.8	-0.5	0.2	10.790243751423525	12.569081942822272	0.07640119574809794	31	7.0	7.0	1.6	2.6	-0.6	0.2	11.197696366917345	15.264869848349806	0.17288190419434918	2023-24	7.0	7.0	7.0	7.0	0.8	1.6	2024-04-13 13:59:59.999999+00:00
SC0	2024-04-13	15:00	Celtic	St Mirren	3	0	H	0	0	D	S McLean	18	2	9	0	7	12	11	1	0	2	0	0	1.2	6.5	15.0	1.2	7.0	12.5				1.19	7.8	13.34	1.17	7.0	15.0	1.18	7.0	15.0	1.2	7.9	15.0	1.19	7.06	13.43	1.44	2.75	1.4	3.05	1.44	3.05	1.4	2.85	-2.0	1.93	1.93	1.93	1.96	1.97	1.98	1.91	1.9	1.17	7.5	15.0	1.19	6.75	14.0				1.19	7.63	14.61	1.17	7.0	15.0	1.18	7.0	15.0	1.2	7.83	15.2	1.18	6.95	14.23	1.5	2.63	1.49	2.67	1.51	2.7	1.48	2.6	-2.0	2.03	1.83	2.04	1.85	2.08	1.89	1.98	1.83	scotland																																																																										2024-04-13 14:00:00+00:00	scotland:20240413T1400Z:celtic:st-mirren:421	scotland:celtic	scotland:st-mirren	sco.1:2023-24	sco.1:2023-24-rules-v1	70	6.125	10.0	3.2	1.4	1.3	0.2	18.18582834285883	9.017218562848829	0.15436118116153164	70	7.0	5.0	1.4	2.0	0.2	0.3	11.507058540962028	10.557395800624652	0.12890914160324668	2023-24	10.0	5.0	6.125	7.0	3.2	1.4	2024-04-13 13:59:59.999999+00:00
SC0	2024-04-13	15:00	Hearts	Livingston	4	2	H	4	2	H	C Steven	13	8	5	3	9	17	5	5	1	0	0	1	1.4	5.0	7.0	1.38	4.75	7.5				1.37	4.96	9.22	1.35	4.75	8.5	1.36	4.8	8.5	1.4	5.0	9.22	1.37	4.83	8.23	1.73	2.1	1.78	2.13	1.78	2.17	1.73	2.07	-1.25	1.85	2.0	1.88	2.02	1.9	2.02	1.84	1.96	1.45	4.75	6.0	1.46	4.4	6.5				1.44	4.62	7.98	1.4	4.6	7.0	1.45	4.5	7.0	1.5	5.0	7.98	1.44	4.54	6.94	1.8	2.0	1.81	2.08	1.89	2.14	1.76	2.04	-1.25	2.05	1.8	2.05	1.86	2.12	1.92	2.01	1.81	scotland																																																																										2024-04-13 14:00:00+00:00	scotland:20240413T1400Z:hearts:livingston:422	scotland:hearts	scotland:livingston	sco.1:2023-24	sco.1:2023-24-rules-v1	70	7.0	8.0	1.4	1.0	0.3	0.4	14.389937203953687	12.479731838705217	0.11332461235247479	70	7.0	2.0	0.4	2.0	-1.2	0.2	9.21156624707284	13.283039522794105	0.049102556325808115	2023-24	8.0	2.0	7.0	7.0	1.4	0.4	2024-04-13 13:59:59.999999+00:00
SC0	2024-04-13	15:00	Motherwell	Hibernian	1	1	D	0	0	D	W Collum	8	8	1	4	7	10	4	6	2	4	0	0	2.7	3.4	2.6	2.65	3.5	2.45				2.75	3.54	2.59	2.62	3.5	2.45	2.7	3.5	2.5	2.76	3.6	2.6	2.7	3.45	2.51	1.8	2.0	1.79	2.1	1.83	2.1	1.77	2.02	0.0	2.0	1.85	2.02	1.89	2.08	1.89	1.99	1.85	2.8	3.4	2.45	2.6	3.5	2.45				2.84	3.66	2.45	2.62	3.6	2.45	2.75	3.5	2.45	2.86	3.75	2.55	2.72	3.53	2.45	1.67	2.2	1.71	2.22	1.75	2.25	1.7	2.13	0.0	2.05	1.8	2.11	1.81	2.12	1.89	2.03	1.82	scotland																																																																										2024-04-13 14:00:00+00:00	scotland:20240413T1400Z:motherwell:hibernian:423	scotland:motherwell	scotland:hibernian	sco.1:2023-24	sco.1:2023-24-rules-v1	70	7.0	10.0	1.8	1.2	0.4	0.1	14.397572815742288	14.686222464804946	0.11812478263964017	70	7.0	7.0	1.8	1.4	-0.1	0.2	11.809938560549453	11.685073562627316	0.13496461897312936	2023-24	10.0	7.0	7.0	7.0	1.8	1.8	2024-04-13 13:59:59.999999+00:00
SC0	2024-04-13	15:00	St Johnstone	Kilmarnock	0	2	A	0	1	A	C Scott	11	17	3	5	8	14	2	6	0	0	0	0	3.8	3.5	2.0	3.5	3.4	2.0				3.98	3.51	2.01	3.75	3.4	1.95	3.75	3.4	2.0	3.98	3.55	2.06	3.76	3.43	2.0	2.1	1.73	2.17	1.75	2.17	1.75	2.12	1.7	0.5	1.85	2.0	1.89	2.02	1.89	2.06	1.83	1.99	3.8	3.3	2.05	3.75	3.2	2.05				4.24	3.22	2.05	3.9	3.2	2.0	4.0	3.2	2.0	4.3	3.36	2.09	3.99	3.19	2.02	2.63	1.5	2.55	1.56	2.63	1.56	2.49	1.52	0.5	1.83	2.03	1.85	2.06	1.88	2.07	1.81	2.01	scotland																																																																										2024-04-13 14:00:00+00:00	scotland:20240413T1400Z:st-johnstone:kilmarnock:424	scotland:st-johnstone	scotland:kilmarnock	sco.1:2023-24	sco.1:2023-24-rules-v1	70	7.0	7.0	1.4	1.4	-0.6	0.2	8.717138192788532	14.145358731388669	0.13869986826873915	70	7.0	8.0	2.0	1.4	0.6	0.3	12.21434709334684	11.966477868995884	0.14926987315875184	2023-24	7.0	8.0	7.0	7.0	1.4	2.0	2024-04-13 13:59:59.999999+00:00
SC0	2024-04-14	12:00	Ross County	Rangers	3	2	H	0	1	A	M MacDermid	13	28	6	7	6	10	3	17	3	1	0	0	10.0	6.5	1.25	11.0	6.25	1.23				11.46	7.06	1.23	13.0	6.5	1.2	12.0	6.5	1.2	14.0	7.1	1.25	11.38	6.55	1.22	1.5	2.63	1.5	2.67	1.52	2.69	1.48	2.58	1.75	2.03	1.83	2.04	1.85	2.08	1.9	1.99	1.82	12.0	7.5	1.18	13.5	7.25	1.18				14.05	7.8	1.19	15.0	7.5	1.15	12.0	7.0	1.2	15.0	8.3	1.2	13.79	7.44	1.17	1.44	2.75	1.44	2.87	1.46	3.0	1.42	2.78	2.0	1.93	1.93	1.93	1.96	2.05	1.98	1.93	1.88	scotland																																																																										2024-04-14 11:00:00+00:00	scotland:20240414T1100Z:ross-county:rangers:425	scotland:ross-county	scotland:rangers	sco.1:2023-24	sco.1:2023-24-rules-v1	70	7.875	4.0	1.0	1.6	-1.1	0.0	9.229304170893496	14.998627218567487	0.11149284569661645	69	7.0	10.0	2.8	1.4	1.7	0.4	20.815982006245	9.3251061073407	0.14928540601750945	2023-24	4.0	10.0	7.875	7.0	1.0	2.8	2024-04-14 10:59:59.999999+00:00
SC0	2024-04-17	20:00	Dundee	Rangers	0	0	D	0	0	D	D Robertson	7	17	1	5	11	13	2	9	1	0	0	0	9.0	5.75	1.3	9.75	5.75	1.27				10.15	6.05	1.28	10.0	5.8	1.25	10.0	5.75	1.25	11.0	6.3	1.31	9.76	5.77	1.27	1.53	2.5	1.53	2.61	1.53	2.63	1.49	2.55	1.75	1.78	2.03	1.84	2.06	1.87	2.13	1.81	2.0	10.0	6.0	1.25	10.0	6.0	1.26				11.35	6.43	1.25	10.0	6.0	1.25	10.5	6.0	1.25	11.35	7.0	1.28	10.3	6.06	1.25	1.44	2.75	1.44	2.88	1.46	3.0	1.42	2.77	1.75	1.93	1.93	1.95	1.93	1.98	1.99	1.9	1.91	scotland																																																																										2024-04-17 19:00:00+00:00	scotland:20240417T1900Z:dundee:rangers:426	scotland:dundee	scotland:rangers	sco.1:2023-24	sco.1:2023-24-rules-v1	32	4.208333333333333	8.0	1.4	1.2	-0.5	0.3	12.434478845659646	14.67125714864984	0.1414488307044675	70	3.3333333333333335	7.0	2.2	2.0	1.5	0.3	22.122167096018636	9.993268633278754	0.1351296179104298	2023-24	8.0	7.0	4.208333333333333	3.3333333333333335	1.4	2.2	2024-04-17 18:59:59.999999+00:00
SC0	2024-04-27	15:00	Aberdeen	Motherwell	1	0	H	0	0	D	C Napier	23	8	5	3	9	14	10	7	1	0	0	1	2.05	3.4	3.75	2.1	3.4	3.3				2.12	3.43	3.71	2.05	3.5	3.4	2.1	3.3	3.6	2.14	3.56	3.75	2.08	3.4	3.52	2.0	1.85	2.03	1.87	2.05	1.87	1.95	1.83	-0.25	1.75	2.05	1.83	2.1	1.83	2.12	1.77	2.03	2.2	3.4	3.3	2.2	3.4	3.0				2.23	3.53	3.31	2.15	3.4	3.2	2.2	3.4	3.2	2.25	3.53	3.4	2.2	3.4	3.22	1.9	1.95	1.91	1.97	1.97	2.01	1.88	1.9	-0.25	1.9	1.95	1.93	1.97	1.96	2.0	1.88	1.93	scotland																																																																										2024-04-27 14:00:00+00:00	scotland:20240427T1400Z:aberdeen:motherwell:427	scotland:aberdeen	scotland:motherwell	sco.1:2023-24	sco.1:2023-24-rules-v1	71	14.0	8.0	0.6	0.4	-0.4	0.3	11.010199432982883	13.556521589581859	0.06251006924844377	71	14.0	8.0	1.4	1.2	0.4	0.1	13.234377758334599	13.470545653022228	0.1193748221597056	2023-24	8.0	8.0	14.0	14.0	0.6	1.4	2024-04-27 13:59:59.999999+00:00
SC0	2024-04-27	15:00	Kilmarnock	Hearts	0	0	D	0	0	D	R Hardie	16	14	2	4	9	6	8	4	4	0	0	0	2.25	3.3	3.3	2.25	3.25	3.1				2.31	3.26	3.41	2.2	3.4	3.1	2.25	3.3	3.2	2.31	3.45	3.41	2.24	3.3	3.23	2.05	1.8	2.04	1.85	2.13	1.91	1.96	1.82	-0.25	1.95	1.9	1.98	1.93	2.0	1.94	1.91	1.88	2.25	3.3	3.25	2.25	3.25	3.1				2.32	3.37	3.28	2.25	3.4	3.0	2.3	3.3	3.1	2.36	3.4	3.28	2.27	3.29	3.16	1.98	1.88	2.01	1.88	2.1	1.91	1.96	1.82	-0.25	1.95	1.9	1.99	1.91	1.99	1.98	1.94	1.88	scotland																																																																										2024-04-27 14:00:00+00:00	scotland:20240427T1400Z:kilmarnock:hearts:428	scotland:kilmarnock	scotland:hearts	sco.1:2023-24	sco.1:2023-24-rules-v1	71	14.0	11.0	2.2	1.0	0.8	0.4	13.084465803647415	11.790754620087542	0.14352027055234776	71	14.0	10.0	2.0	1.2	0.3	0.3	14.13722134868938	11.665235140758814	0.1486641933233535	2023-24	11.0	10.0	14.0	14.0	2.2	2.0	2024-04-27 13:59:59.999999+00:00
SC0	2024-04-27	15:00	Livingston	Ross County	2	0	H	1	0	H	W Collum	6	14	4	4	13	13	4	5	1	0	0	0	2.75	3.4	2.55	2.7	3.25	2.5				2.85	3.4	2.57	2.7	3.3	2.5	2.75	3.3	2.55	2.85	3.4	2.6	2.76	3.3	2.54	2.0	1.77	2.07	1.83	2.12	1.83	2.02	1.77	0.0	2.03	1.83	2.06	1.85	2.07	1.93	1.99	1.84	3.2	3.4	2.25	3.1	3.25	2.25				3.28	3.37	2.31	3.2	3.3	2.2	3.13	3.3	2.3	3.28	3.45	2.6	3.11	3.33	2.29	2.1	1.73	2.13	1.77	2.21	1.81	2.05	1.75	0.25	1.88	1.98	1.91	1.99	1.91	2.2	1.84	1.98	scotland																																																																										2024-04-27 14:00:00+00:00	scotland:20240427T1400Z:livingston:ross-county:429	scotland:livingston	scotland:ross-county	sco.1:2023-24	sco.1:2023-24-rules-v1	71	14.0	2.0	0.6	2.2	-1.4	0.2	8.991281474877777	13.231577791376994	0.08562936426657028	71	13.125	7.0	1.6	1.6	-0.5	0.0	9.914885230731041	17.362513178827943	0.1331794611643645	2023-24	2.0	7.0	14.0	13.125	0.6	1.6	2024-04-27 13:59:59.999999+00:00
SC0	2024-04-27	15:00	St Johnstone	Hibernian	1	3	A	0	2	A	D Munro	9	16	3	8	11	8	1	7	0	1	0	0	3.8	3.6	1.95	3.7	3.4	1.95				4.18	3.47	1.97	3.8	3.5	1.91	3.8	3.5	1.95	4.2	3.6	2.0	3.9	3.47	1.95	2.05	1.8	2.07	1.83	2.14	1.85	1.99	1.79	0.5	1.88	1.98	1.93	1.98	1.94	2.0	1.87	1.94	3.5	3.3	2.15	3.4	3.25	2.15				3.72	3.32	2.16	3.3	3.3	2.15	3.4	3.3	2.15	3.75	3.6	2.23	3.53	3.28	2.14	2.2	1.67	2.23	1.71	2.32	1.8	2.16	1.68	0.25	2.03	1.83	2.06	1.85	2.15	1.99	1.99	1.83	scotland																																																																										2024-04-27 14:00:00+00:00	scotland:20240427T1400Z:st-johnstone:hibernian:430	scotland:st-johnstone	scotland:hibernian	sco.1:2023-24	sco.1:2023-24-rules-v1	71	14.0	4.0	1.0	1.8	-0.9	0.1	9.13220397591789	14.664384416590728	0.11348171040169566	71	14.0	5.0	1.6	1.6	0.2	0.2	11.117222458631371	11.015060187604167	0.133152870068924	2023-24	4.0	5.0	14.0	14.0	1.0	1.6	2024-04-27 13:59:59.999999+00:00
SC0	2024-04-28	12:30	St Mirren	Rangers	1	2	A	1	1	D	N Walsh	12	20	5	6	12	12	4	8	1	1	0	0	8.0	5.0	1.36	7.75	4.8	1.37				8.11	5.1	1.39	8.0	4.8	1.36	7.5	4.8	1.36	8.5	5.1	1.4	7.7	4.9	1.37	1.58	2.3	1.68	2.28	1.68	2.3	1.63	2.23	1.25	2.0	1.85	2.05	1.87	2.05	1.9	1.97	1.83	8.5	4.75	1.4	8.5	4.6	1.36				8.85	4.93	1.38	9.0	4.75	1.33	8.5	4.8	1.36	9.44	5.1	1.4	8.71	4.77	1.36	1.85	2.0	1.87	2.03	1.89	2.08	1.82	1.97	1.25	1.98	1.88	2.01	1.9	2.05	1.91	1.97	1.84	scotland																																																																										2024-04-28 11:30:00+00:00	scotland:20240428T1130Z:st-mirren:rangers:431	scotland:st-mirren	scotland:rangers	sco.1:2023-24	sco.1:2023-24-rules-v1	71	14.895833333333334	4.0	1.2	2.4	0.0	0.3	9.778502442605294	11.910596564147443	0.10547111585720183	71	10.6875	5.0	1.8	1.8	1.2	0.3	21.19086398765161	9.449037972682618	0.11056059647216983	2023-24	4.0	5.0	14.895833333333334	10.6875	1.2	1.8	2024-04-28 11:29:59.999999+00:00
SC0	2024-04-28	15:00	Dundee	Celtic	1	2	A	0	1	A	J Beaton	11	13	6	6	10	7	8	8	0	1	0	0	8.5	6.5	1.29	8.75	5.75	1.29				9.95	6.27	1.28	9.5	5.8	1.25	9.5	5.75	1.25	10.0	6.5	1.29	9.14	5.95	1.27	1.4	3.0	1.43	2.89	1.44	3.0	1.4	2.83	1.75	1.85	2.0	1.9	1.99	1.9	2.07	1.82	1.96	10.0	7.5	1.22	11.0	6.75	1.22				12.81	7.35	1.21	11.0	7.5	1.18	12.0	7.0	1.2	13.0	7.61	1.24	11.6	7.0	1.2	1.33	3.4	1.33	3.43	1.35	3.5	1.32	3.26	2.0	1.93	1.93	1.93	1.95	1.98	2.07	1.88	1.93	scotland																																																																										2024-04-28 14:00:00+00:00	scotland:20240428T1400Z:dundee:celtic:432	scotland:dundee	scotland:celtic	sco.1:2023-24	sco.1:2023-24-rules-v1	33	10.791666666666666	8.0	1.0	0.8	-0.3	0.4	11.446391782812437	15.094664939804414	0.1157308614854734	71	15.0	10.0	2.4	1.2	1.5	0.2	18.152041371429952	7.741360642330859	0.15659854216246527	2023-24	8.0	10.0	10.791666666666666	15.0	1.0	2.4	2024-04-28 13:59:59.999999+00:00
SC0	2024-05-04	15:00	Aberdeen	St Johnstone	1	0	H	0	0	D	C Graham	15	12	6	5	10	15	7	4	1	2	0	0	1.67	3.6	5.5	1.66	3.6	5.25				1.72	3.78	5.25	1.7	3.6	4.8	1.7	3.7	5.0	1.73	3.78	5.5	1.7	3.64	5.09	2.1	1.73	2.11	1.79	2.11	1.79	2.05	1.74	-0.75	1.93	1.93	1.94	1.96	1.95	1.96	1.9	1.88	1.67	3.6	5.5	1.68	3.5	5.0				1.68	3.77	5.6	1.7	3.5	5.0	1.7	3.6	5.25	1.78	3.77	5.62	1.71	3.57	5.11	2.2	1.67	2.21	1.72	2.28	1.72	2.18	1.66	-0.75	1.85	2.0	1.9	2.01	1.99	2.02	1.91	1.88	scotland																																																																										2024-05-04 14:00:00+00:00	scotland:20240504T1400Z:aberdeen:st-johnstone:433	scotland:aberdeen	scotland:st-johnstone	sco.1:2023-24	sco.1:2023-24-rules-v1	72	7.0	11.0	0.8	0.2	-0.3	0.4	13.19016317244054	12.546244936930611	0.05904974045228403	72	7.0	3.0	1.0	2.2	-1.0	0.1	9.108166889387363	14.907223613574232	0.11305069234886209	2023-24	11.0	3.0	7.0	7.0	0.8	1.0	2024-05-04 13:59:59.999999+00:00
SC0	2024-05-04	15:00	Celtic	Hearts	3	0	H	2	0	H	K Clancy	17	5	8	2	13	7	17	8	0	2	0	0	1.22	6.5	12.0	1.23	6.5	11.0				1.23	6.98	11.38	1.2	6.5	12.0	1.22	6.5	11.5	1.24	7.1	13.0	1.22	6.57	11.28	1.4	3.0	1.41	3.0	1.44	3.0	1.39	2.88	-2.0	2.05	1.8	2.05	1.85	2.07	1.85	2.01	1.79	1.22	6.5	12.0	1.22	6.75	11.0				1.22	7.05	12.54	1.22	6.5	11.0	1.2	7.0	12.0	1.25	7.2	13.0	1.21	6.74	11.58	1.33	3.4	1.34	3.37	1.34	3.4	1.33	3.22	-2.0	1.9	1.95	1.93	1.95	2.04	1.95	1.93	1.87	scotland																																																																										2024-05-04 14:00:00+00:00	scotland:20240504T1400Z:celtic:hearts:434	scotland:celtic	scotland:hearts	sco.1:2023-24	sco.1:2023-24-rules-v1	72	6.0	13.0	2.8	1.0	1.6	0.2	17.215306576624506	8.33384052554343	0.15609810792313591	72	7.0	8.0	1.6	1.2	0.2	0.4	14.112272012564036	12.453374206075392	0.12163433999183468	2023-24	13.0	8.0	6.0	7.0	2.8	1.6	2024-05-04 13:59:59.999999+00:00
SC0	2024-05-04	15:00	Dundee	St Mirren	1	3	A	0	1	A	M MacDermid	10	12	4	7	8	9	4	8	2	1	0	0	2.5	3.25	2.88	2.45	3.3	2.75				2.55	3.25	3.01	2.45	3.3	2.75	2.45	3.4	2.8	2.56	3.4	3.01	2.49	3.22	2.85	2.0	1.8	2.09	1.81	2.1	1.81	2.01	1.77	0.0	1.8	2.05	1.8	2.13	1.8	2.13	1.78	2.03	2.7	3.0	2.8	2.6	3.0	2.8				2.77	3.06	2.9	2.6	3.1	2.75	2.63	3.1	2.8	2.77	3.15	2.95	2.67	3.02	2.83	2.5	1.53	2.46	1.59	2.51	1.61	2.39	1.55	0.0	1.88	1.98	1.91	2.0	1.91	2.0	1.85	1.96	scotland																																																																										2024-05-04 14:00:00+00:00	scotland:20240504T1400Z:dundee:st-mirren:435	scotland:dundee	scotland:st-mirren	sco.1:2023-24	sco.1:2023-24-rules-v1	34	6.0	5.0	1.0	1.2	-0.5	0.4	11.365229640482903	14.713816768930883	0.11121781228976749	72	6.104166666666667	1.0	1.0	2.6	-0.4	0.2	10.182411089404331	13.381397188847908	0.10144606448922573	2023-24	5.0	1.0	6.0	6.104166666666667	1.0	1.0	2024-05-04 13:59:59.999999+00:00
SC0	2024-05-04	15:00	Motherwell	Livingston	4	1	H	2	0	H	D Munro	14	5	6	1	2	2	6	2	2	0	0	0	1.65	4.0	5.0	1.68	3.75	4.75				1.68	3.87	5.51	1.62	3.8	5.5	1.65	3.8	5.25	1.68	4.0	5.51	1.66	3.81	5.17	1.95	1.9	1.95	1.93	1.95	1.93	1.9	1.87	-0.75	1.85	2.0	1.87	2.04	1.87	2.04	1.82	1.96	1.67	4.0	5.0	1.68	3.7	4.75				1.7	3.86	5.26	1.65	3.75	5.0	1.67	3.8	5.0	1.72	4.05	5.3	1.68	3.78	5.0	1.93	1.93	1.95	1.93	1.97	1.93	1.9	1.87	-0.75	1.88	1.98	1.91	2.0	1.91	2.0	1.86	1.94	scotland																																																																										2024-05-04 14:00:00+00:00	scotland:20240504T1400Z:motherwell:livingston:436	scotland:motherwell	scotland:livingston	sco.1:2023-24	sco.1:2023-24-rules-v1	72	7.0	5.0	1.0	1.2	-0.2	0.0	12.282672711364672	15.203173716109095	0.09767030903975912	72	7.0	4.0	0.8	2.0	-0.9	0.3	8.44741211580909	13.37129092021754	0.1306664495514363	2023-24	5.0	4.0	7.0	7.0	1.0	0.8	2024-05-04 13:59:59.999999+00:00
SC0	2024-05-04	15:00	Ross County	Hibernian	2	1	H	1	1	D	D Robertson	12	20	4	5	3	8	5	7	1	0	0	0	3.8	3.4	2.0	3.4	3.6	1.98				3.64	3.77	2.02	3.4	3.6	2.0	3.5	3.75	1.95	3.8	3.8	2.05	3.53	3.62	1.99	1.73	2.1	1.76	2.15	1.76	2.15	1.71	2.08	0.5	1.85	2.0	1.88	2.03	1.88	2.03	1.82	1.98	3.1	3.2	2.38	2.85	3.4	2.35				3.01	3.55	2.39	2.8	3.5	2.38	2.88	3.5	2.38	3.26	3.55	2.4	2.93	3.41	2.36	1.83	2.03	1.85	2.04	1.89	2.08	1.78	2.0	0.25	1.8	2.05	1.84	2.08	1.85	2.08	1.79	2.01	scotland																																																																										2024-05-04 14:00:00+00:00	scotland:20240504T1400Z:ross-county:hibernian:437	scotland:ross-county	scotland:hibernian	sco.1:2023-24	sco.1:2023-24-rules-v1	72	7.0	6.0	1.2	1.6	-0.5	0.0	10.657633370598123	15.296601691768316	0.10896501367993458	72	7.0	7.0	1.8	1.4	0.5	0.2	12.005000193425666	10.648685608039772	0.14303416642002872	2023-24	6.0	7.0	7.0	7.0	1.2	1.8	2024-05-04 13:59:59.999999+00:00
SC0	2024-05-05	13:00	Rangers	Kilmarnock	4	1	H	1	1	D	D Dickinson	41	5	15	2	11	9	16	1	0	2	0	1	1.25	6.5	10.0	1.26	5.75	10.5				1.25	6.36	11.48	1.22	6.0	11.0	1.22	6.0	11.0	1.26	6.5	12.0	1.24	6.13	10.59	1.53	2.5	1.53	2.61	1.54	2.63	1.49	2.51	-1.75	1.95	1.9	1.94	1.94	1.95	1.95	1.9	1.87	1.22	6.5	12.0	1.26	5.75	10.5				1.25	5.99	12.64	1.25	5.8	11.0	1.25	6.0	11.0	1.28	6.63	13.0	1.24	5.93	11.52	1.57	2.38	1.6	2.42	1.6	2.45	1.56	2.37	-1.75	1.98	1.88	2.01	1.88	2.01	1.92	1.95	1.85	scotland																																																																										2024-05-05 12:00:00+00:00	scotland:20240505T1200Z:rangers:kilmarnock:438	scotland:rangers	scotland:kilmarnock	sco.1:2023-24	sco.1:2023-24-rules-v1	72	7.020833333333333	8.0	2.0	1.6	1.2	0.3	20.974343262624043	9.912849250376686	0.1086404880226844	72	7.916666666666667	11.0	1.8	0.6	0.8	0.5	13.614562930256977	12.192435598253443	0.11742567590646634	2023-24	8.0	11.0	7.020833333333333	7.916666666666667	2.0	1.8	2024-05-05 11:59:59.999999+00:00
SC0	2024-05-11	12:30	Celtic	Rangers	2	1	H	2	1	H	W Collum	22	8	6	1	14	17	10	5	3	0	0	1	1.85	3.75	4.0	1.9	3.8	3.5				1.9	3.94	3.93	1.85	3.9	3.6	1.87	4.0	3.6	1.91	4.0	4.0	1.88	3.86	3.75	1.57	2.38	1.6	2.45	1.6	2.48	1.56	2.39	-0.5	1.88	1.98	1.91	2.0	1.91	2.0	1.87	1.92	1.8	4.0	4.0	1.8	3.9	3.8				1.82	4.09	4.14	1.8	4.0	3.9	1.8	4.0	3.9	1.91	4.1	4.5	1.82	3.95	3.94	1.5	2.63	1.52	2.63	1.56	2.7	1.51	2.52	-0.5	1.8	2.0	1.82	2.08	1.88	2.12	1.82	1.99	scotland																																																																										2024-05-11 11:30:00+00:00	scotland:20240511T1130Z:celtic:rangers:439	scotland:celtic	scotland:rangers	sco.1:2023-24	sco.1:2023-24-rules-v1	73	6.895833333333333	13.0	2.8	0.8	1.8	0.3	17.17615992632914	7.727687702717351	0.15980219525261924	73	5.979166666666667	8.0	2.2	1.6	1.3	0.3	24.615371760328763	9.01960393212638	0.10662603122033379	2023-24	13.0	8.0	6.895833333333333	5.979166666666667	2.8	2.2	2024-05-11 11:29:59.999999+00:00
SC0	2024-05-11	15:00	Hearts	Dundee	3	0	H	1	0	H	N Walsh	16	15	8	4	8	8	2	5	0	3	0	0	1.67	4.0	4.75	1.66	3.9	4.6				1.7	4.24	4.67	1.65	4.0	4.6	1.67	4.0	4.75	1.71	4.24	5.0	1.67	4.02	4.69	1.73	2.1	1.72	2.21	1.73	2.21	1.69	2.13	-0.75	1.88	1.98	1.9	2.0	1.9	2.0	1.84	1.95	1.57	4.33	5.0	1.6	4.2	4.8				1.62	4.52	5.07	1.62	4.2	4.6	1.62	4.33	4.75	1.7	4.52	5.15	1.62	4.26	4.83	1.57	2.38	1.59	2.46	1.68	2.46	1.57	2.35	-0.75	1.75	2.05	1.77	2.15	1.92	2.15	1.77	2.04	scotland																																																																										2024-05-11 14:00:00+00:00	scotland:20240511T1400Z:hearts:dundee:440	scotland:hearts	scotland:dundee	sco.1:2023-24	sco.1:2023-24-rules-v1	73	7.0	8.0	1.4	1.4	-0.2	0.3	12.455495283006936	13.28003344133441	0.09951900544786473	35	7.0	2.0	0.8	1.6	-0.9	0.3	11.117006069486012	14.220395538216176	0.1091782100552643	2023-24	8.0	2.0	7.0	7.0	1.4	0.8	2024-05-11 13:59:59.999999+00:00
SC0	2024-05-11	15:00	Livingston	St Johnstone	2	1	H	0	1	A	J Beaton	15	25	8	7	12	9	4	8	2	1	0	0	2.9	2.88	2.7	2.65	3.1	2.65				3.0	3.14	2.63	2.7	3.2	2.6	2.8	3.2	2.55	3.0	3.2	2.75	2.83	3.07	2.63	2.3	1.62	2.41	1.62	2.41	1.62	2.31	1.59	0.0	2.03	1.83	2.09	1.83	2.09	1.91	1.98	1.83	2.8	3.2	2.63	2.8	3.1	2.5				2.91	3.18	2.67	2.9	3.1	2.45	2.8	3.2	2.55	3.05	3.25	2.69	2.87	3.13	2.56	2.1	1.73	2.22	1.71	2.38	1.73	2.18	1.66	0.0	2.03	1.83	2.04	1.87	2.16	1.87	2.05	1.8	scotland																																																																										2024-05-11 14:00:00+00:00	scotland:20240511T1400Z:livingston:st-johnstone:441	scotland:livingston	scotland:st-johnstone	sco.1:2023-24	sco.1:2023-24-rules-v1	73	7.0	4.0	1.0	2.2	-1.1	0.3	7.82060991293471	13.485601661996167	0.14327254963299332	73	7.0	3.0	0.8	1.8	-1.0	0.1	9.633954727680567	14.924092047469824	0.09249602101270533	2023-24	4.0	3.0	7.0	7.0	1.0	0.8	2024-05-11 13:59:59.999999+00:00
SC0	2024-05-11	15:00	Ross County	Motherwell	1	5	A	1	2	A	K Clancy	14	14	2	7	14	4	8	5	3	2	0	0	2.3	3.3	3.1	2.35	3.4	2.8				2.34	3.64	3.02	2.3	3.5	2.88	2.3	3.6	2.9	2.38	3.64	3.1	2.31	3.48	2.94	1.83	2.03	1.83	2.05	1.83	2.05	1.79	1.99	-0.25	2.0	1.85	2.04	1.87	2.04	1.87	1.97	1.82	2.15	3.5	3.3	2.2	3.4	3.0				2.17	3.6	3.39	2.2	3.5	3.0	2.2	3.5	3.13	2.34	3.6	3.39	2.21	3.48	3.15	1.88	1.98	1.87	2.02	1.97	2.05	1.83	1.95	-0.25	1.85	2.0	1.88	2.02	2.04	2.02	1.91	1.9	scotland																																																																										2024-05-11 14:00:00+00:00	scotland:20240511T1400Z:ross-county:motherwell:442	scotland:ross-county	scotland:motherwell	sco.1:2023-24	sco.1:2023-24-rules-v1	73	7.0	6.0	1.2	1.6	-0.2	0.0	10.901700030489373	16.151765020537713	0.11945622331388586	73	7.0	8.0	1.8	1.2	0.1	0.0	12.594914036571094	13.348051222271078	0.13186012298058214	2023-24	6.0	8.0	7.0	7.0	1.2	1.8	2024-05-11 13:59:59.999999+00:00
SC0	2024-05-11	15:00	St Mirren	Kilmarnock	0	1	A	0	1	A	E Anderson	10	15	2	4	10	13	8	5	0	2	0	0	2.7	3.0	2.8	2.6	3.1	2.7				2.78	3.04	2.91	2.6	3.2	2.7	2.63	3.2	2.75	2.78	3.2	2.91	2.67	3.06	2.77	2.3	1.62	2.38	1.62	2.38	1.62	2.29	1.6	0.0	1.88	1.98	1.91	2.0	1.91	2.0	1.86	1.94	2.4	3.0	3.2	2.37	3.0	3.1				2.46	3.04	3.37	2.4	2.9	3.2	2.38	3.1	3.13	2.78	3.1	3.37	2.44	3.0	3.16	2.38	1.57	2.43	1.61	2.45	1.63	2.34	1.57	-0.25	2.03	1.83	2.08	1.84	2.35	1.85	2.06	1.77	scotland																																																																										2024-05-11 14:00:00+00:00	scotland:20240511T1400Z:st-mirren:kilmarnock:443	scotland:st-mirren	scotland:kilmarnock	sco.1:2023-24	sco.1:2023-24-rules-v1	73	7.0	4.0	1.2	1.8	-0.4	0.1	10.512881800421725	12.76659769996647	0.12845587094573013	73	6.083333333333333	8.0	1.0	1.0	0.4	0.4	12.048278761119345	17.430174580389178	0.1324391893780179	2023-24	4.0	8.0	7.0	6.083333333333333	1.2	1.0	2024-05-11 13:59:59.999999+00:00
SC0	2024-05-12	15:00	Hibernian	Aberdeen	0	4	A	0	2	A	G Irvine	16	16	4	4	13	5	8	3	2	1	0	0	2.0	3.5	3.6	2.05	3.6	3.25				2.06	3.68	3.61	2.05	3.6	3.25	2.0	3.7	3.3	2.1	3.7	3.61	2.04	3.58	3.39	1.73	2.1	1.79	2.11	1.8	2.11	1.73	2.05	-0.5	2.03	1.83	2.07	1.85	2.1	1.85	2.03	1.79	2.0	3.6	3.5	2.0	3.6	3.3				2.05	3.79	3.55	2.0	3.7	3.3	2.0	3.75	3.4	2.06	3.8	3.59	2.01	3.69	3.43	1.62	2.3	1.63	2.37	1.63	2.39	1.59	2.3	-0.5	2.03	1.83	2.06	1.86	2.06	1.86	2.0	1.81	scotland																																																																										2024-05-12 14:00:00+00:00	scotland:20240512T1400Z:hibernian:aberdeen:444	scotland:hibernian	scotland:aberdeen	sco.1:2023-24	sco.1:2023-24-rules-v1	73	8.0	4.0	1.4	1.8	0.4	0.2	13.458636521893727	10.894379133850721	0.12611886343456893	73	8.0	11.0	0.8	0.2	-0.2	0.5	13.519224413814985	12.4469276756705	0.060434636127626326	2023-24	4.0	11.0	8.0	8.0	1.4	0.8	2024-05-12 13:59:59.999999+00:00
SC0	2024-05-14	19:30	Rangers	Dundee	5	2	H	1	2	A	M MacDermid	31	11	13	5	6	6	6	5	0	0	0	0	1.14	8.0	17.0	1.14	8.5	15.5				1.16	8.7	16.16	1.11	8.5	19.0	1.13	8.5	18.0	1.16	9.0	19.0	1.14	8.35	16.81	1.33	3.4	1.32	3.48	1.34	3.52	1.3	3.37	-2.25	1.85	2.0	1.91	1.98	1.91	2.04	1.84	1.96	1.18	7.0	13.0	1.17	8.0	12.5				1.18	8.22	14.36	1.15	7.5	15.0	1.15	8.0	15.0	1.2	8.3	15.0	1.17	7.82	13.77	1.29	3.75	1.28	3.81	1.29	3.84	1.27	3.66	-2.25	2.0	1.85	2.01	1.88	2.01	1.94	1.94	1.86	scotland																																																																										2024-05-14 18:30:00+00:00	scotland:20240514T1830Z:rangers:dundee:445	scotland:rangers	scotland:dundee	sco.1:2023-24	sco.1:2023-24-rules-v1	74	3.2916666666666665	7.0	1.8	1.4	0.9	0.2	21.594395076632622	11.379675944467039	0.10996675281663673	36	3.1875	2.0	0.4	1.6	-1.1	0.3	11.823004965943099	14.543959985813235	0.08932762640885261	2023-24	7.0	2.0	3.2916666666666665	3.1875	1.8	0.4	2024-05-14 18:29:59.999999+00:00
SC0	2024-05-15	19:30	Kilmarnock	Celtic	0	5	A	0	3	A	D Robertson	12	30	2	12	7	12	2	9	2	0	0	0	6.5	5.75	1.36	7.25	5.25	1.36				7.93	5.38	1.38	8.0	5.0	1.33	7.5	5.25	1.36	8.0	5.75	1.38	7.48	5.22	1.36	1.44	2.75	1.48	2.75	1.48	2.75	1.45	2.65	1.5	1.85	2.0	1.89	2.01	1.91	2.04	1.84	1.96	7.5	6.25	1.3	8.25	5.75	1.3				9.5	5.79	1.3	8.5	5.5	1.3	9.0	5.75	1.29	9.6	6.45	1.33	8.77	5.88	1.29	1.4	3.0	1.4	3.04	1.4	3.1	1.38	2.99	1.75	1.78	2.03	1.86	2.03	1.9	2.04	1.81	2.0	scotland																																																																										2024-05-15 18:30:00+00:00	scotland:20240515T1830Z:kilmarnock:celtic:446	scotland:kilmarnock	scotland:celtic	sco.1:2023-24	sco.1:2023-24-rules-v1	74	4.1875	10.0	1.0	0.8	0.5	0.5	12.584955350006737	16.079233747591147	0.12048054888504495	74	4.291666666666667	13.0	2.6	1.0	1.9	0.3	18.05322175790566	7.777199029496014	0.14727617628106862	2023-24	10.0	13.0	4.1875	4.291666666666667	1.0	2.6	2024-05-15 18:29:59.999999+00:00
SC0	2024-05-15	19:45	Aberdeen	Livingston	5	1	H	0	0	D	A Muir	17	9	7	3	13	18	6	3	2	2	0	0	1.5	4.2	6.5	1.55	4.1	5.5				1.55	4.37	6.11	1.53	4.2	5.5	1.53	4.33	5.75	1.57	4.4	6.5	1.53	4.25	5.8	1.73	2.1	1.76	2.15	1.76	2.15	1.72	2.09	-1.0	1.9	1.95	1.93	1.98	1.95	2.0	1.89	1.91	1.53	4.2	6.0	1.53	4.2	5.5				1.56	4.36	6.0	1.44	4.5	6.5	1.53	4.4	5.5	1.57	4.6	6.5	1.53	4.34	5.82	1.67	2.2	1.68	2.27	1.69	2.33	1.64	2.23	-1.0	1.85	2.0	1.93	1.98	1.97	2.1	1.86	1.95	scotland																																																																										2024-05-15 18:45:00+00:00	scotland:20240515T1845Z:aberdeen:livingston:447	scotland:aberdeen	scotland:livingston	sco.1:2023-24	sco.1:2023-24-rules-v1	74	3.1979166666666665	11.0	1.2	0.0	0.4	0.6	13.970274520394078	13.092940825548588	0.09490106592260336	74	4.197916666666667	7.0	1.4	1.8	-1.1	0.2	9.125953565128398	15.579128632542318	0.1414654193966915	2023-24	11.0	7.0	3.1979166666666665	4.197916666666667	1.2	1.4	2024-05-15 18:44:59.999999+00:00
SC0	2024-05-15	19:45	Hibernian	Motherwell	3	0	H	2	0	H	I Snedden	12	9	5	3	6	5	8	4	1	1	0	0	1.83	3.75	4.0	1.83	3.7	3.9				1.9	3.86	4.0	1.83	3.75	3.9	1.85	3.8	3.9	1.92	3.86	4.0	1.86	3.76	3.91	1.73	2.1	1.71	2.22	1.75	2.22	1.7	2.13	-0.5	1.88	1.98	1.91	2.0	1.93	2.02	1.85	1.96	2.1	3.7	3.1	2.15	3.6	3.0				2.27	3.66	3.13	2.15	3.7	3.0	2.2	3.75	3.0	2.27	3.82	3.25	2.2	3.63	3.04	1.57	2.38	1.64	2.37	1.64	2.43	1.58	2.33	-0.25	1.9	1.95	1.98	1.93	2.0	1.99	1.9	1.9	scotland																																																																										2024-05-15 18:45:00+00:00	scotland:20240515T1845Z:hibernian:motherwell:448	scotland:hibernian	scotland:motherwell	sco.1:2023-24	sco.1:2023-24-rules-v1	74	3.1979166666666665	4.0	1.2	2.0	-0.1	0.2	13.92070260882214	11.822673836786954	0.10318816099192003	74	4.197916666666667	10.0	2.6	1.2	0.7	0.0	12.850384211739984	13.466587363676336	0.17282062010099578	2023-24	4.0	10.0	3.1979166666666665	4.197916666666667	1.2	2.6	2024-05-15 18:44:59.999999+00:00
SC0	2024-05-15	19:45	St Johnstone	Ross County	1	1	D	0	1	A	N Walsh	9	10	3	5	6	11	4	4	1	4	0	0	2.4	3.25	3.0	2.3	3.2	3.0				2.51	3.21	3.09	2.38	3.25	2.9	2.4	3.3	2.9	2.51	3.34	3.1	2.41	3.21	3.0	2.1	1.73	2.17	1.75	2.17	1.78	2.1	1.71	-0.25	2.1	1.78	2.15	1.79	2.15	1.85	2.04	1.77	2.3	3.2	3.1	2.37	3.1	3.0				2.42	3.22	3.23	2.25	3.25	3.1	2.3	3.25	3.1	2.43	3.3	3.3	2.36	3.17	3.13	2.2	1.67	2.27	1.69	2.32	1.7	2.21	1.65	-0.25	2.03	1.83	2.07	1.85	2.08	1.87	2.0	1.81	scotland																																																																										2024-05-15 18:45:00+00:00	scotland:20240515T1845Z:st-johnstone:ross-county:449	scotland:st-johnstone	scotland:ross-county	sco.1:2023-24	sco.1:2023-24-rules-v1	74	4.197916666666667	3.0	0.8	1.8	-0.8	0.1	12.427781140829556	14.9378934933844	0.08295128991948618	74	4.197916666666667	6.0	1.2	2.2	-0.7	0.0	11.465027297673123	15.760535016803582	0.11072392297110141	2023-24	3.0	6.0	4.197916666666667	4.197916666666667	0.8	1.2	2024-05-15 18:44:59.999999+00:00
SC0	2024-05-15	19:45	St Mirren	Hearts	2	2	D	1	1	D	J Beaton	14	10	5	4	7	10	4	3	0	0	0	0	2.7	3.2	2.63	2.6	3.3	2.55				2.78	3.35	2.67	2.62	3.4	2.5	2.7	3.4	2.55	2.78	3.45	2.68	2.7	3.29	2.6	2.0	1.85	2.01	1.88	2.02	1.91	1.97	1.81	0.0	1.98	1.88	2.0	1.91	2.04	1.91	1.95	1.87	2.55	3.25	2.75	2.5	3.3	2.7				2.6	3.38	2.84	2.5	3.3	2.7	2.5	3.4	2.75	2.62	3.45	2.84	2.54	3.33	2.75	1.95	1.9	2.0	1.88	2.02	1.94	1.93	1.86	0.0	1.85	2.0	1.87	2.04	1.9	2.06	1.84	1.99	scotland																																																																										2024-05-15 18:45:00+00:00	scotland:20240515T1845Z:st-mirren:hearts:450	scotland:st-mirren	scotland:hearts	sco.1:2023-24	sco.1:2023-24-rules-v1	74	4.197916666666667	3.0	1.0	1.8	-0.4	0.1	10.41963056398141	13.17267084542711	0.10510025804650647	74	4.197916666666667	10.0	1.8	1.2	-0.1	0.3	13.099950686096584	13.592754633819062	0.11551554991188931	2023-24	3.0	10.0	4.197916666666667	4.197916666666667	1.0	1.8	2024-05-15 18:44:59.999999+00:00
SC0	2024-05-18	12:30	Celtic	St Mirren	3	2	H	2	2	D	M MacDermid	12	9	4	3	7	9	11	3	0	0	0	0	1.22	5.75	13.0	1.22	6.75	11.0				1.22	7.12	12.08	1.2	6.5	12.0	1.2	7.0	12.0	1.24	7.3	13.0	1.22	6.59	11.7	1.4	3.0	1.43	2.91	1.43	3.0	1.4	2.84	-2.0	2.03	1.83	2.05	1.85	2.06	1.86	2.01	1.81	1.14	7.5	17.0	1.16	8.25	13.5				1.15	8.88	16.66	1.15	8.0	13.0	1.14	8.5	15.0	1.18	8.94	17.0	1.16	7.94	14.38	1.29	3.75	1.29	3.74	1.31	3.75	1.28	3.55	-2.25	1.88	1.98	1.91	1.98	2.04	2.02	1.92	1.88	scotland																																																																										2024-05-18 11:30:00+00:00	scotland:20240518T1130Z:celtic:st-mirren:451	scotland:celtic	scotland:st-mirren	sco.1:2023-24	sco.1:2023-24-rules-v1	75	2.7083333333333335	15.0	3.0	0.4	2.2	0.4	20.225363256468267	8.5449810241331	0.150801719987541	75	2.6979166666666665	4.0	1.2	1.8	-0.6	0.0	11.070606825075698	12.595821600803998	0.11196514619389489	2023-24	15.0	4.0	2.7083333333333335	2.6979166666666665	3.0	1.2	2024-05-18 11:29:59.999999+00:00
SC0	2024-05-18	12:30	Dundee	Kilmarnock	1	1	D	1	1	D	C Scott	11	11	2	3	7	10	4	3	1	3	0	1	2.88	3.4	2.38	2.8	3.4	2.37				2.99	3.4	2.47	2.8	3.5	2.38	2.8	3.5	2.38	2.99	3.52	2.5	2.87	3.4	2.4	1.83	2.03	1.85	2.04	1.86	2.04	1.81	1.98	0.25	1.78	2.1	1.8	2.13	1.81	2.14	1.76	2.05	2.35	3.7	2.8	2.3	3.5	2.85				2.45	3.63	2.86	2.25	3.6	2.88	2.25	3.7	2.9	2.45	3.7	3.0	2.3	3.56	2.91	1.73	2.1	1.72	2.21	1.8	2.32	1.67	2.17	-0.25	2.05	1.8	2.13	1.79	2.14	1.86	1.99	1.81	scotland																																																																										2024-05-18 11:30:00+00:00	scotland:20240518T1130Z:dundee:kilmarnock:452	scotland:dundee	scotland:kilmarnock	sco.1:2023-24	sco.1:2023-24-rules-v1	37	3.7083333333333335	1.0	0.8	2.6	-0.8	0.3	11.67336769940799	17.535967261119918	0.10614409102873064	75	2.7083333333333335	7.0	0.8	1.8	-0.2	0.4	12.478599831823693	18.61028215712003	0.09857499454230949	2023-24	1.0	7.0	3.7083333333333335	2.7083333333333335	0.8	0.8	2024-05-18 11:29:59.999999+00:00
SC0	2024-05-18	12:30	Hearts	Rangers	3	3	D	1	0	H	D Robertson	13	22	4	10	10	11	2	6	1	1	0	0	4.2	4.33	1.7	4.33	4.2	1.65				4.58	4.34	1.7	4.2	4.33	1.67	4.33	4.33	1.67	4.6	4.4	1.73	4.4	4.28	1.68	1.44	2.75	1.49	2.72	1.49	2.75	1.45	2.65	0.75	2.0	1.85	2.02	1.88	2.05	1.88	1.96	1.83	3.6	4.2	1.8	3.7	4.1	1.8				3.77	4.38	1.85	4.0	4.33	1.7	3.75	4.33	1.75	4.22	4.43	1.88	3.91	4.24	1.77	1.4	3.0	1.4	3.09	1.41	3.09	1.39	2.94	0.75	1.78	2.03	1.84	2.06	1.97	2.13	1.87	1.94	scotland																																																																										2024-05-18 11:30:00+00:00	scotland:20240518T1130Z:hearts:rangers:453	scotland:hearts	scotland:rangers	sco.1:2023-24	sco.1:2023-24-rules-v1	75	2.6979166666666665	8.0	1.8	1.4	0.4	0.3	12.536323288624477	13.666799245851958	0.13087635901881853	75	3.7083333333333335	10.0	2.4	1.2	0.7	0.1	23.304505062699416	11.31064395456394	0.11929831095554735	2023-24	8.0	10.0	2.6979166666666665	3.7083333333333335	1.8	2.4	2024-05-18 11:29:59.999999+00:00
SC0	2024-05-19	15:00	Livingston	Hibernian	1	1	D	0	0	D	D Munro	4	13	2	3	6	8	4	9	0	1	0	0	4.0	3.8	1.8	4.1	3.7	1.78				4.34	3.85	1.83	4.2	3.8	1.75	4.2	3.8	1.75	4.34	3.87	1.84	4.21	3.77	1.79	1.8	2.0	1.79	2.1	1.8	2.1	1.76	2.02	0.5	2.05	1.75	2.08	1.84	2.09	1.84	2.03	1.78	4.0	4.2	1.75	3.9	4.0	1.77				4.26	4.07	1.8	4.2	3.9	1.73	4.1	4.0	1.75	4.33	4.29	1.81	4.1	4.03	1.77	1.57	2.38	1.59	2.48	1.59	2.55	1.53	2.44	0.75	1.85	2.0	1.88	2.03	1.9	2.03	1.85	1.95	scotland																																																																										2024-05-19 14:00:00+00:00	scotland:20240519T1400Z:livingston:hibernian:454	scotland:livingston	scotland:hibernian	sco.1:2023-24	sco.1:2023-24-rules-v1	75	3.8020833333333335	6.0	1.6	2.8	-1.4	0.2	9.103052916923234	15.837468881170988	0.13594645425385868	75	3.8020833333333335	7.0	1.6	1.6	0.2	0.3	13.57148395267266	11.309460411916598	0.12988122262975277	2023-24	6.0	7.0	3.8020833333333335	3.8020833333333335	1.6	1.6	2024-05-19 13:59:59.999999+00:00
SC0	2024-05-19	15:00	Motherwell	St Johnstone	1	2	A	0	2	A	C Steven	13	9	5	4	7	9	7	3	0	1	0	0	2.4	3.4	2.8	2.35	3.4	2.8				2.47	3.75	2.77	2.38	3.4	2.8	2.4	3.4	2.75	2.47	3.76	2.81	2.39	3.54	2.75	1.98	1.88	2.01	1.88	2.01	1.89	1.93	1.84	-0.25	2.08	1.73	2.15	1.77	2.15	1.81	2.07	1.74	2.2	3.6	3.1	2.2	3.5	3.0				2.21	3.67	3.25	2.2	3.5	3.0	2.2	3.6	3.1	2.33	3.75	3.3	2.2	3.57	3.09	1.8	2.0	1.81	2.08	1.89	2.08	1.79	2.0	-0.25	1.9	1.95	1.93	1.98	2.06	2.02	1.91	1.89	scotland																																																																										2024-05-19 14:00:00+00:00	scotland:20240519T1400Z:motherwell:st-johnstone:455	scotland:motherwell	scotland:st-johnstone	sco.1:2023-24	sco.1:2023-24-rules-v1	75	3.8020833333333335	7.0	2.0	1.4	0.6	0.0	12.150314355059987	13.199935115735183	0.14139868917354198	75	3.8020833333333335	1.0	0.6	1.8	-0.6	0.1	11.804548206133273	14.040094676405419	0.08807125740887253	2023-24	7.0	1.0	3.8020833333333335	3.8020833333333335	2.0	0.6	2024-05-19 13:59:59.999999+00:00
SC0	2024-05-19	15:00	Ross County	Aberdeen	2	2	D	1	1	D	C Graham	15	11	6	4	14	10	3	7	4	1	0	1	2.5	3.9	2.45	2.55	3.5	2.5				2.61	3.71	2.62	2.6	3.6	2.5	2.5	3.6	2.5	2.63	3.9	2.62	2.56	3.61	2.53	1.73	2.1	1.76	2.12	1.76	2.14	1.72	2.07	0.0	1.93	1.93	1.95	1.95	1.97	1.95	1.92	1.9	2.25	4.0	2.7	2.3	3.6	2.75				2.32	3.91	2.88	2.38	3.6	2.7	2.3	3.75	2.8	2.38	4.07	2.9	2.3	3.77	2.8	1.62	2.3	1.65	2.35	1.65	2.35	1.62	2.26	-0.25	2.03	1.83	2.05	1.86	2.07	1.89	2.0	1.81	scotland																																																																										2024-05-19 14:00:00+00:00	scotland:20240519T1400Z:ross-county:aberdeen:456	scotland:ross-county	scotland:aberdeen	sco.1:2023-24	sco.1:2023-24-rules-v1	75	3.8020833333333335	7.0	1.4	2.2	-0.7	0.0	11.19865869809619	14.531346831930202	0.10877411879453752	75	3.8020833333333335	13.0	2.2	0.2	1.0	0.6	14.521133698504244	12.348769766357936	0.13112226249282521	2023-24	7.0	13.0	3.8020833333333335	3.8020833333333335	1.4	2.2	2024-05-19 13:59:59.999999+00:00
	2024-08-03	12:30	Hearts	Rangers	0	0	D	0	0	D	N Walsh	17	7	3	3	14	11	8	7	3	1	0	0	5.0	4.33	1.57	5.0	4.2	1.6				5.09	4.42	1.61	4.8	4.2	1.6				5.1	4.5	1.62	4.91	4.34	1.59	1.57	2.38	1.59	2.45	1.59	2.45	1.56	2.38	0.75	2.1	1.7	2.14	1.76	2.14	1.79	2.09	1.73	4.33	4.1	1.67	4.33	4.0	1.7				4.56	4.32	1.71	4.4	4.0	1.75				4.7	4.33	1.77	4.3	4.11	1.72	1.57	2.38	1.58	2.5	1.6	2.51	1.56	2.39	0.75	1.98	1.88	2.01	1.9	2.01	1.95	1.93	1.89	scotland	SC0	5.0	4.5	1.55	4.95	4.33	1.62	5.5	4.5	1.66	1.56	2.46	2.13	1.78	4.0	4.0	1.73	4.52	4.23	1.73	4.7	4.4	1.77	1.62	2.58	2.01	1.97																																															2024-08-03 11:30:00+00:00	scotland:20240803T1130Z:hearts:rangers:457	scotland:hearts	scotland:rangers	sco.1:2024-25	sco.1:2024-25-rules-v1	76	77.0	6.0	1.6	1.6	0.4	0.3	12.620628145238207	15.181926655697056	0.14903869933707528	76	77.0	10.0	3.0	1.8	0.6	0.1	23.067322324026794	11.617799599188677	0.12240109739338172	2024-25	6.0	10.0	77.0	77.0	1.6	3.0	2024-08-03 11:29:59.999999+00:00
	2024-08-03	15:00	Motherwell	Ross County	0	0	D	0	0	D	J Beaton	11	13	6	3	5	13	9	3	0	2	0	0	1.85	3.6	4.1	1.93	3.6	3.6				1.9	3.7	3.92	1.85	3.75	3.75				1.95	3.8	4.1	1.9	3.67	3.8	1.73	2.1	1.75	2.1	1.81	2.11	1.74	2.07	-0.5	1.93	1.93	1.92	1.95	1.95	1.98	1.9	1.92	2.25	3.1	3.4	2.25	3.2	3.2				2.32	3.24	3.4	2.2	3.4	3.3				2.32	3.4	3.61	2.25	3.21	3.32	2.1	1.73	2.16	1.75	2.26	1.79	2.11	1.71	-0.25	1.95	1.9	1.99	1.92	2.02	1.95	1.92	1.9	scotland	SC0	1.85	3.6	3.9	1.91	3.8	3.78	1.94	3.8	4.0	1.75	2.1	1.94	1.99	2.2	3.3	3.3	2.25	3.18	3.61	2.32	3.35	3.6	2.3	1.75	1.98	2.01																																															2024-08-03 14:00:00+00:00	scotland:20240803T1400Z:motherwell:ross-county:458	scotland:motherwell	scotland:ross-county	sco.1:2024-25	sco.1:2024-25-rules-v1	76	76.0	6.0	2.0	1.6	0.3	0.0	12.304802654139987	12.436310549237877	0.12967585058254832	76	76.0	5.0	1.2	2.2	-0.5	0.0	11.8898116620787	13.889283771579256	0.11323943052886402	2024-25	6.0	5.0	76.0	76.0	2.0	1.2	2024-08-03 13:59:59.999999+00:00
	2024-08-04	13:30	Dundee United	Dundee	2	2	D	2	1	H	D Dickinson	9	10	5	6	7	6	5	6	2	0	0	0	2.38	3.25	3.0	2.3	3.4	2.85				2.36	3.44	2.98	2.25	3.4	3.0				2.4	3.5	3.03	2.34	3.37	2.96	1.88	1.98	1.86	1.98	1.91	2.04	1.85	1.94	-0.25	2.05	1.8	2.05	1.81	2.11	1.85	2.01	1.8	2.38	3.1	3.1	2.37	3.2	2.95				2.49	3.16	3.18	2.45	3.1	3.1				2.49	3.3	3.18	2.41	3.19	3.04	2.1	1.73	2.19	1.73	2.21	1.85	2.09	1.73	-0.25	2.05	1.8	2.12	1.81	2.14	1.84	2.04	1.78	scotland	SC0	2.38	3.3	2.9	2.4	3.3	3.01	2.46	3.6	2.98	1.87	1.99	2.12	1.83	2.3	3.25	3.0	2.46	3.18	3.18	2.52	3.3	3.25	2.2	1.81	2.14	1.86																																															2024-08-04 12:30:00+00:00	scotland:20240804T1230Z:dundee-united:dundee:459	scotland:dundee-united	scotland:dundee	sco.1:2024-25	sco.1:2024-25-rules-v1	38	433.9375	0.0	0.8	2.4	-0.6	0.1	11.606350438919863	15.87607248470078	0.1029000785619483	38	78.04166666666667	1.0	1.0	2.8	-0.8	0.3	11.550937208606536	16.347609577279933	0.10337409100697796	2024-25	0.0	1.0	433.9375	78.04166666666667	0.8	1.0	2024-08-04 12:29:59.999999+00:00
	2024-08-04	15:00	St Mirren	Hibernian	3	0	H	0	0	D	M MacDermid	11	14	3	1	9	0	4	8	3	1	0	0	2.45	3.3	2.8	2.37	3.3	2.85				2.47	3.31	2.92	2.38	3.4	2.88				2.5	3.45	2.96	2.44	3.31	2.85	1.98	1.88	1.96	1.88	2.05	1.93	1.94	1.85	0.0	1.8	2.05	1.78	2.1	1.85	2.14	1.79	2.07	2.63	3.25	2.6	2.7	3.25	2.5				2.76	3.34	2.69	2.75	3.25	2.62				2.84	3.36	2.69	2.72	3.27	2.59	2.0	1.85	2.01	1.88	2.04	2.0	1.96	1.84	0.0	1.93	1.93	1.98	1.93	2.05	1.95	1.97	1.88	scotland	SC0	2.45	3.3	2.8	2.44	3.44	2.85	2.6	3.4	2.84			1.75	1.99	2.75	3.2	2.55	2.84	3.3	2.63	2.9	3.45	2.7	2.06	1.9	2.07	1.92																																															2024-08-04 14:00:00+00:00	scotland:20240804T1400Z:st-mirren:hibernian:460	scotland:st-mirren	scotland:hibernian	sco.1:2024-25	sco.1:2024-25-rules-v1	76	78.10416666666667	4.0	1.6	1.8	-0.7	0.0	10.694132856880117	12.487490400657816	0.1320118872899544	76	77.0	7.0	1.6	1.6	0.0	0.2	13.467577779459448	9.980467609749942	0.12025246886490261	2024-25	4.0	7.0	78.10416666666667	77.0	1.6	1.6	2024-08-04 13:59:59.999999+00:00
	2024-08-04	16:30	Celtic	Kilmarnock	4	0	H	2	0	H	D Robertson	20	4	10	2	7	12	10	1	0	2	0	0	1.17	7.0	17.0	1.16	8.25	14.0				1.16	8.08	14.35	1.14	7.5	17.0				1.18	8.7	18.0	1.16	7.7	14.8	1.36	3.2	1.35	3.16	1.37	3.35	1.34	3.13	-2.25	2.0	1.85	1.99	1.85	2.03	1.93	1.96	1.85	1.13	9.0	19.0	1.12	9.25	17.5				1.12	10.17	21.8	1.12	8.5	21.0				1.14	10.17	23.0	1.12	8.94	19.68	1.33	3.4	1.35	3.39	1.37	3.56	1.34	3.2	-2.5	2.0	1.85	2.0	1.88	2.08	1.88	2.01	1.83	scotland	SC0	1.13	8.0	18.0	1.16	8.0	14.6	1.18	9.0	18.0	1.34	3.3	1.82	1.73	1.08	10.0	23.0	1.14	9.38	19.8	1.12	12.0	36.0	1.37	3.55	2.05	1.92																																															2024-08-04 15:30:00+00:00	scotland:20240804T1530Z:celtic:kilmarnock:461	scotland:celtic	scotland:kilmarnock	sco.1:2024-25	sco.1:2024-25-rules-v1	76	78.16666666666667	15.0	3.0	0.8	1.7	0.4	18.729842664383128	8.62771174701799	0.16883777089889718	76	78.16666666666667	5.0	0.6	2.0	-0.1	0.4	12.20976349876484	17.226594492189115	0.09718119388172429	2024-25	15.0	5.0	78.16666666666667	78.16666666666667	3.0	0.6	2024-08-04 15:29:59.999999+00:00
	2024-08-05	20:00	St Johnstone	Aberdeen	1	2	A	0	1	A	K Clancy	18	21	8	10	11	13	12	7	2	1	0	0	3.1	3.1	2.38	2.85	3.3	2.35				3.0	3.33	2.4	2.9	3.4	2.3				3.1	3.41	2.43	2.95	3.32	2.36	2.03	1.83	2.02	1.83	2.07	1.83	1.99	1.79	0.25	1.8	2.05	1.8	2.07	1.84	2.14	1.79	2.01	3.9	3.6	1.9	1.9	3.5	1.88				4.14	3.7	1.91	4.33	3.4	1.91				4.33	3.7	1.99	4.01	3.57	1.9	1.88	1.98	1.88	2.01	1.93	2.13	1.85	1.94	0.5	1.95	1.9	1.98	1.93	1.99	1.96	1.93	1.89	scotland	SC0	2.9	3.3	2.3	2.96	3.4	2.38	3.15	3.45	2.24					4.2	3.5	1.85	3.99	3.68	1.94	4.5	3.75	1.94	1.96	2.02	2.06	1.93																																															2024-08-05 19:00:00+00:00	scotland:20240805T1900Z:st-johnstone:aberdeen:462	scotland:st-johnstone	scotland:aberdeen	sco.1:2024-25	sco.1:2024-25-rules-v1	76	78.20833333333333	4.0	1.0	1.6	-0.7	0.0	11.294630350472678	13.850986553422613	0.11246234192039065	76	78.20833333333333	13.0	2.6	0.6	1.1	0.6	13.880927571503472	12.830811627020129	0.14033970237016277	2024-25	4.0	13.0	78.20833333333333	78.20833333333333	1.0	2.6	2024-08-05 18:59:59.999999+00:00
	2024-08-10	15:00	Rangers	Motherwell	2	1	H	2	1	H	K Clancy	19	7	9	1	9	8	6	4	2	0	0	0	1.2	7.0	11.0	1.21	6.75	12.0				1.2	7.16	11.19	1.22	6.5	13.0				1.22	7.7	13.0	1.21	6.84	11.67	1.4	3.0	1.38	3.01	1.41	3.1	1.38	2.93	-2.0	2.0	1.85	1.97	1.88	2.06	1.91	1.96	1.86	1.2	7.5	11.0	1.19	7.25	13.0				1.18	7.93	14.32	1.22	6.5	13.0				1.22	8.28	15.0	1.19	7.15	12.86	1.36	3.2	1.4	3.04	1.43	3.2	1.4	2.89	-2.0	1.93	1.93	1.89	2.0	2.0	2.0	1.9	1.92	scotland	SC0	1.2	7.0	12.0	1.22	6.85	12.0	1.25	7.2	13.5	1.43	3.1	1.99	1.86	1.13	7.0	14.0	1.2	8.28	12.6	1.19	8.6	20.0	1.44	3.1	1.88	2.01																																															2024-08-10 14:00:00+00:00	scotland:20240810T1400Z:rangers:motherwell:463	scotland:rangers	scotland:motherwell	sco.1:2024-25	sco.1:2024-25-rules-v1	77	7.104166666666667	8.0	2.6	1.6	0.7	0.2	20.145990992385556	12.596381490245282	0.10014635241276686	77	7.0	7.0	2.0	1.4	0.2	0.1	12.067565807932716	12.538799540285535	0.10609842320390317	2024-25	8.0	7.0	7.104166666666667	7.0	2.6	2.0	2024-08-10 13:59:59.999999+00:00
	2024-08-10	15:00	Ross County	Dundee United	1	1	D	0	0	D	C Napier	21	12	5	2	11	13	7	5	1	2	0	0	2.55	3.25	2.75	2.5	3.3	2.7				2.59	3.33	2.75	2.5	3.3	2.88				2.62	3.4	2.88	2.56	3.31	2.73	2.05	1.8	2.02	1.84	2.09	1.87	1.99	1.8	0.0	1.85	2.0	1.88	2.0	1.89	2.02	1.85	1.98	3.25	3.4	2.2	3.1	3.3	2.2				3.39	3.52	2.2	3.3	3.4	2.2				3.39	3.52	2.35	3.23	3.39	2.19	1.93	1.93	1.97	1.92	1.98	1.93	1.93	1.86	0.25	1.98	1.88	2.0	1.91	2.01	2.0	1.93	1.88	scotland	SC0	2.6	3.3	2.7	2.54	3.4	2.73	2.66	3.4	2.8	2.06	1.84	1.9	2.0	3.2	3.25	2.1	3.31	3.46	2.25	3.45	3.6	2.28	2.04	1.94	2.0	1.96																																															2024-08-10 14:00:00+00:00	scotland:20240810T1400Z:ross-county:dundee-united:464	scotland:ross-county	scotland:dundee-united	sco.1:2024-25	sco.1:2024-25-rules-v1	77	7.0	6.0	1.2	1.8	-0.5	0.1	12.091664087155298	13.363959449473937	0.09265044315997965	39	6.0625	1.0	1.2	2.6	-0.6	0.1	11.132468540934433	14.807695669300637	0.12459501377290719	2024-25	6.0	1.0	7.0	6.0625	1.2	1.2	2024-08-10 13:59:59.999999+00:00
	2024-08-10	17:30	Dundee	Hearts	3	1	H	3	0	H	D Robertson	11	14	6	3	8	12	2	10	3	4	0	0	3.2	3.4	2.2	3.0	3.5	2.15				3.15	3.64	2.18	3.2	3.6	2.2				3.21	3.73	2.25	3.11	3.57	2.18	1.73	2.1	1.69	2.2	1.73	2.25	1.68	2.16	0.25	1.93	1.93	1.95	1.92	1.97	2.0	1.91	1.89	3.1	3.4	2.25	2.95	3.5	2.25				3.06	3.64	2.32	3.0	3.5	2.3				3.18	3.64	2.32	2.99	3.49	2.27	1.73	2.1	1.74	2.18	1.76	2.2	1.72	2.1	0.25	1.85	2.0	1.88	2.02	1.88	2.04	1.85	1.96	scotland	SC0	3.0	3.5	2.2	3.13	3.68	2.17	3.2	3.75	2.26	1.69	2.22	1.96	1.96	2.88	3.4	2.2	3.18	3.48	2.3	3.15	3.7	2.38	1.79	2.22	1.92	2.07																																															2024-08-10 16:30:00+00:00	scotland:20240810T1630Z:dundee:hearts:465	scotland:dundee	scotland:hearts	sco.1:2024-25	sco.1:2024-25-rules-v1	39	6.166666666666667	2.0	1.2	2.8	-0.9	0.2	11.268948625223528	15.011680563229035	0.12094243809661834	77	7.208333333333333	6.0	1.6	1.6	0.2	0.3	13.416877573376713	13.6943036273885	0.12194075400306159	2024-25	2.0	6.0	6.166666666666667	7.208333333333333	1.2	1.6	2024-08-10 16:29:59.999999+00:00
	2024-08-11	12:30	Hibernian	Celtic	0	2	A	0	2	A	N Walsh	4	19	0	7	11	10	3	5	2	1	0	0	9.0	5.0	1.33	7.25	5.0	1.36				8.12	5.31	1.34	8.5	5.0	1.36				9.0	5.5	1.38	7.84	5.14	1.35	1.5	2.63	1.47	2.7	1.5	2.7	1.46	2.6	1.5	1.88	1.98	1.88	1.97	1.91	2.02	1.85	1.97	8.5	5.5	1.3	8.25	5.75	1.3				9.04	5.99	1.3	9.5	5.8	1.3				10.0	6.16	1.33	8.71	5.72	1.3	1.4	3.0	1.39	3.08	1.41	3.35	1.38	2.98	1.5	2.03	1.83	2.06	1.82	2.09	1.83	2.02	1.8	scotland	SC0	8.5	5.5	1.3	7.8	5.35	1.36	9.4	6.2	1.36	1.5	2.78	1.96	1.96	8.0	5.5	1.25	9.28	5.79	1.33	9.8	6.4	1.34	1.44	3.25	2.07	1.9																																															2024-08-11 11:30:00+00:00	scotland:20240811T1130Z:hibernian:celtic:466	scotland:hibernian	scotland:celtic	sco.1:2024-25	sco.1:2024-25-rules-v1	77	6.895833333333333	4.0	1.0	2.0	-0.3	0.2	13.56438181955773	10.165837135249951	0.09838838361673849	77	6.833333333333333	15.0	3.4	0.6	2.3	0.5	18.960780361768013	7.786309611196537	0.17450363073546132	2024-25	4.0	15.0	6.895833333333333	6.833333333333333	1.0	3.4	2024-08-11 11:29:59.999999+00:00
	2024-08-11	15:00	Aberdeen	St Mirren	3	1	H	1	1	D	G Irvine	11	10	3	5	15	14	6	2	2	3	0	0	1.95	3.5	3.75	1.93	3.3	3.9				1.92	3.43	4.16	2.0	3.4	4.0				2.0	3.5	4.2	1.93	3.43	3.98	2.1	1.73	2.1	1.75	2.21	1.76	2.11	1.71	-0.5	1.95	1.9	1.93	1.93	1.99	1.98	1.92	1.89	1.7	3.75	5.0	1.73	3.6	4.5				1.72	3.85	5.13	1.73	3.75	4.8				1.79	3.85	5.13	1.72	3.7	4.74	1.93	1.93	1.93	1.95	1.96	2.0	1.89	1.89	-0.75	2.05	1.8	1.94	1.96	2.05	2.0	1.91	1.89	scotland	SC0	1.91	3.4	4.0	1.94	3.5	4.01	1.93	3.5	4.1	2.16	1.73	1.92	1.84	1.62	3.6	4.75	1.73	3.82	5.09	1.75	4.0	5.5	2.02	1.97	1.96	2.02																																															2024-08-11 14:00:00+00:00	scotland:20240811T1400Z:aberdeen:st-mirren:467	scotland:aberdeen	scotland:st-mirren	sco.1:2024-25	sco.1:2024-25-rules-v1	77	5.791666666666667	13.0	2.8	0.8	1.3	0.6	15.175304376684657	13.770664058471015	0.1321394101643323	77	7.0	7.0	2.0	1.4	-0.5	0.1	10.749745064720095	12.762492145992757	0.15759650282401225	2024-25	13.0	7.0	5.791666666666667	7.0	2.8	2.0	2024-08-11 13:59:59.999999+00:00
	2024-08-11	15:00	Kilmarnock	St Johnstone	0	3	A	0	2	A	C Graham	14	12	2	7	14	14	4	4	3	4	1	0	1.73	3.75	4.5	1.75	3.5	4.6				1.79	3.52	4.72	1.83	3.5	4.6				1.85	3.8	4.8	1.78	3.59	4.51	2.1	1.73	2.08	1.77	2.21	1.78	2.08	1.74	-0.75	2.03	1.83	2.05	1.81	2.12	1.89	2.02	1.8	1.57	4.2	5.0	1.58	4.0	5.25				1.61	4.13	5.76	1.65	3.9	5.5				1.7	4.35	5.76	1.6	4.02	5.29	1.8	2.0	1.85	2.05	1.89	2.09	1.81	1.98	-0.75	1.73	2.08	1.78	2.15	1.9	2.15	1.76	2.07	scotland	SC0	1.73	3.8	4.5	1.81	3.64	4.49	1.79	3.85	5.0			1.91	1.79	1.53	3.9	5.5	1.63	4.35	5.18	1.65	4.2	6.2	1.9	2.08	1.82	2.18																																															2024-08-11 14:00:00+00:00	scotland:20240811T1400Z:kilmarnock:st-johnstone:468	scotland:kilmarnock	scotland:st-johnstone	sco.1:2024-25	sco.1:2024-25-rules-v1	77	6.9375	4.0	0.6	2.8	-0.5	0.4	10.71707922626214	17.73085003906382	0.07951188590322895	77	5.791666666666667	4.0	1.0	1.4	-0.8	0.0	12.513788468568555	15.150807180073047	0.10211565349042062	2024-25	4.0	4.0	6.9375	5.791666666666667	0.6	1.0	2024-08-11 13:59:59.999999+00:00
	2024-08-24	15:00	Dundee United	St Johnstone	2	0	H	0	0	D	D Robertson	3	10	2	1	14	11	2	6	2	2	0	1	1.9	3.7	3.75	1.93	3.5	3.7				1.9	3.55	4.08	1.95	3.5	4.0				2.0	3.75	4.08	1.91	3.57	3.87	1.98	1.88	1.98	1.87	2.02	1.93	1.93	1.85	-0.5	1.9	1.95	1.92	1.95	2.0	1.97	1.9	1.91	1.75	3.9	4.2	1.75	3.7	4.33				1.76	3.85	4.83	1.8	3.6	4.75				1.84	4.01	5.0	1.77	3.74	4.44	1.88	1.98	1.93	1.96	1.97	2.02	1.89	1.91	-0.75	2.0	1.85	2.0	1.91	2.08	1.92	1.99	1.83	scotland	SC0	1.91	3.75	3.75	1.92	3.62	3.92	1.96	3.65	4.1	2.04	1.92	1.96	1.94	1.73	3.75	4.6	1.8	4.01	4.32	1.83	3.95	4.8	1.95	2.04	2.07	1.9																																															2024-08-24 14:00:00+00:00	scotland:20240824T1400Z:dundee-united:st-johnstone:469	scotland:dundee-united	scotland:st-johnstone	sco.1:2024-25	sco.1:2024-25-rules-v1	40	14.0	2.0	1.2	2.2	-0.4	0.1	11.290201533491807	15.933569183973248	0.11709289005662102	78	13.0	7.0	1.6	1.2	-0.3	0.1	12.420372383374271	14.941569510968854	0.1290037164921623	2024-25	2.0	7.0	14.0	13.0	1.2	1.6	2024-08-24 13:59:59.999999+00:00
	2024-08-24	15:00	Hibernian	Dundee	2	2	D	1	1	D	C Steven	13	9	2	5	14	15	5	4	4	4	0	0	2.1	3.5	3.3	2.0	3.6	3.3				2.1	3.72	3.28	2.15	3.6	3.3				2.11	3.72	3.3	2.08	3.62	3.25	1.73	2.1	1.73	2.15	1.73	2.2	1.7	2.12	-0.25	1.83	2.03	1.85	2.03	1.88	2.06	1.82	2.0	2.05	3.5	3.4	2.0	3.6	3.4				2.08	3.75	3.58	2.1	3.6	3.4				2.12	3.75	3.71	2.04	3.63	3.42	1.73	2.1	1.74	2.18	1.8	2.21	1.71	2.12	-0.5	2.05	1.75	2.09	1.83	2.12	1.88	2.04	1.79	scotland	SC0	2.1	3.6	3.3	2.1	3.7	3.28	2.2	3.75	3.5	1.74	2.22	1.9	2.06	2.0	3.6	3.4	2.01	3.71	3.71	2.1	3.85	3.7	1.76	2.26	2.1	1.89																																															2024-08-24 14:00:00+00:00	scotland:20240824T1400Z:hibernian:dundee:470	scotland:hibernian	scotland:dundee	sco.1:2024-25	sco.1:2024-25-rules-v1	78	13.104166666666666	4.0	0.8	2.0	-0.8	0.1	11.825403306910868	11.772048565204505	0.0804995865955133	40	13.895833333333334	5.0	1.6	2.4	-0.8	0.2	11.220048875182886	14.827738642641936	0.1485396807567373	2024-25	4.0	5.0	13.104166666666666	13.895833333333334	0.8	1.6	2024-08-24 13:59:59.999999+00:00
	2024-08-24	15:00	Rangers	Ross County	6	0	H	2	0	H	R Hardie	17	4	9	2	10	12	5	0	1	3	0	0	1.18	7.0	13.0	1.19	7.25	12.0				1.18	7.39	13.46	1.2	6.5	15.0				1.21	7.39	15.0	1.18	7.07	12.97	1.4	3.0	1.4	2.97	1.4	3.1	1.38	2.95	-2.0	1.88	1.98	1.87	1.99	1.92	2.02	1.87	1.95	1.14	8.0	15.0	1.16	8.0	14.0				1.16	8.4	16.98	1.17	7.5	17.0				1.18	8.6	17.0	1.15	7.95	15.2	1.36	3.2	1.37	3.17	1.37	3.32	1.34	3.13	-2.25	1.98	1.88	2.01	1.88	2.01	1.96	1.95	1.86	scotland	SC0	1.17	7.0	13.0	1.2	7.2	13.0	1.2	8.0	16.5	1.42	3.1	1.89	2.0	1.13	8.5	15.0	1.17	8.0	14.5	1.17	9.8	21.0	1.38	3.5	2.02	1.94																																															2024-08-24 14:00:00+00:00	scotland:20240824T1400Z:rangers:ross-county:471	scotland:rangers	scotland:ross-county	sco.1:2024-25	sco.1:2024-25-rules-v1	78	14.0	8.0	2.2	1.6	0.6	0.2	19.937628993769998	11.578857582927958	0.10107668068221594	78	14.0	4.0	1.0	1.8	-0.6	0.1	13.711361525854334	13.115966822296857	0.08446291669799201	2024-25	8.0	4.0	14.0	14.0	2.2	1.0	2024-08-24 13:59:59.999999+00:00
	2024-08-25	12:00	St Mirren	Celtic	0	3	A	0	2	A	C Graham	3	21	1	8	12	7	2	10	2	1	0	0	8.5	6.0	1.29	9.25	5.75	1.28				9.66	5.89	1.27	10.0	5.5	1.3				10.5	6.2	1.3	9.43	5.8	1.28	1.5	2.63	1.48	2.62	1.5	2.66	1.47	2.59	1.5	2.05	1.75	2.06	1.78	2.08	1.88	2.04	1.79	11.0	6.5	1.22	12.5	6.5	1.21				13.94	6.68	1.22	15.0	6.5	1.2				15.0	7.11	1.24	12.45	6.55	1.21	1.53	2.5	1.56	2.53	1.56	2.7	1.5	2.54	1.75	2.03	1.83	2.04	1.85	2.08	1.91	2.0	1.82	scotland	SC0	10.5	6.0	1.22	9.3	5.8	1.3	11.0	6.4	1.3	1.47	2.72	2.02	1.75	15.0	7.0	1.17	11.6	7.11	1.24	18.5	7.8	1.22	1.58	2.68	2.06	1.89																																															2024-08-25 11:00:00+00:00	scotland:20240825T1100Z:st-mirren:celtic:472	scotland:st-mirren	scotland:celtic	sco.1:2024-25	sco.1:2024-25-rules-v1	78	13.875	4.0	1.6	1.8	-0.4	0.1	10.613427780225532	12.442039028539527	0.14712441140146457	78	13.979166666666666	15.0	3.2	0.6	2.3	0.6	18.967911205082917	7.097889681888075	0.16191445385532957	2024-25	4.0	15.0	13.875	13.979166666666666	1.6	3.2	2024-08-25 10:59:59.999999+00:00
	2024-08-25	15:00	Aberdeen	Kilmarnock	2	0	H	1	0	H	M MacDermid	12	7	3	2	14	12	8	6	3	0	0	1	1.73	3.5	5.25	1.78	3.6	4.33				1.72	3.77	4.83	1.75	3.8	4.6				1.78	3.84	5.25	1.74	3.71	4.66	1.95	1.9	1.9	1.93	2.02	1.95	1.91	1.88	-0.75	1.98	1.88	1.95	1.9	2.09	1.92	1.97	1.86	1.75	3.4	5.25	1.77	3.5	4.5				1.79	3.56	5.14	1.8	3.6	4.75				1.8	3.6	5.48	1.76	3.49	4.84	2.1	1.73	2.09	1.8	2.14	1.83	2.02	1.78	-0.75	2.03	1.83	2.05	1.86	2.09	1.9	2.0	1.84	scotland	SC0	1.67	3.7	5.0	1.75	3.82	4.63	1.77	3.8	5.5	1.94	1.94	1.97	1.94	1.73	3.4	4.5	1.78	3.5	5.33	1.83	3.75	5.2	2.12	1.86	2.08	1.9																																															2024-08-25 14:00:00+00:00	scotland:20240825T1400Z:aberdeen:kilmarnock:473	scotland:aberdeen	scotland:kilmarnock	sco.1:2024-25	sco.1:2024-25-rules-v1	78	14.0	13.0	3.2	1.0	1.4	0.5	14.416158126378354	13.085088775112649	0.15770083972123056	78	14.0	4.0	0.4	2.6	-1.1	0.4	11.313973912396294	16.68887730468858	0.06505517937536914	2024-25	13.0	4.0	14.0	14.0	3.2	0.4	2024-08-25 13:59:59.999999+00:00
	2024-08-25	15:00	Motherwell	Hearts	3	1	H	1	0	H	J Beaton	14	9	6	3	8	17	8	7	1	4	0	0	2.8	3.4	2.4	2.9	3.5	2.25				2.82	3.44	2.47	2.9	3.5	2.38				2.9	3.6	2.48	2.82	3.45	2.39	1.8	2.0	1.8	2.03	1.83	2.1	1.78	2.02	0.25	1.73	2.08	1.74	2.14	1.83	2.14	1.76	2.06	3.2	3.2	2.3	3.0	3.25	2.25				3.23	3.31	2.37	3.0	3.4	2.38				3.23	3.4	2.38	3.09	3.3	2.3	2.0	1.8	2.09	1.82	2.13	1.95	1.96	1.83	0.25	1.85	2.0	1.88	2.04	1.9	2.05	1.85	1.97	scotland	SC0	2.8	3.3	2.4	2.83	3.55	2.41	2.8	3.55	2.5	1.79	2.1	1.75	2.16	3.0	3.2	2.2	3.17	3.38	2.35	3.3	3.5	2.38	2.1	1.88	1.93	2.05																																															2024-08-25 14:00:00+00:00	scotland:20240825T1400Z:motherwell:hearts:474	scotland:motherwell	scotland:hearts	sco.1:2024-25	sco.1:2024-25-rules-v1	78	15.0	4.0	1.4	1.6	0.2	0.1	11.146190206490404	13.713563260233618	0.11278182677721947	78	14.895833333333334	6.0	1.8	1.6	0.1	0.3	13.522899832762764	13.20443024059059	0.11275672080769975	2024-25	4.0	6.0	15.0	14.895833333333334	1.4	1.8	2024-08-25 13:59:59.999999+00:00
	2024-08-31	15:00	Dundee	St Mirren	2	2	D	1	2	A	L Wilson	14	14	5	6	9	16	6	1	2	4	0	0	2.1	3.4	3.4	2.1	3.4	3.3				2.19	3.4	3.48	2.2	3.3	3.4				2.23	3.48	3.5	2.16	3.37	3.35	2.0	1.85	2.01	1.87	2.05	1.87	1.97	1.82	-0.25	1.88	1.98	1.88	2.01	1.9	2.02	1.85	1.96	2.3	3.4	3.0	2.25	3.3	3.0				2.35	3.36	3.22	2.38	3.3	3.1				2.38	3.49	3.3	2.28	3.35	3.11	2.0	1.85	2.02	1.87	2.02	1.91	1.93	1.86	-0.25	2.0	1.85	2.02	1.88	2.04	1.95	1.95	1.86	scotland	SC0	2.2	3.3	3.3	2.16	3.48	3.32	1.63	2.38	3.55	2.0	1.9	1.77	2.01	2.25	3.3	3.2	2.36	3.49	3.08	2.38	3.5	3.35	2.04	1.93	2.05	1.94																																															2024-08-31 14:00:00+00:00	scotland:20240831T1400Z:dundee:st-mirren:475	scotland:dundee	scotland:st-mirren	sco.1:2024-25	sco.1:2024-25-rules-v1	41	7.0	6.0	2.0	2.2	-0.7	0.2	10.816403625149634	14.495422525797947	0.16193650647773455	79	6.125	4.0	1.6	2.2	-0.7	0.1	9.229168183820889	13.998031932441432	0.12037451841938009	2024-25	6.0	4.0	7.0	6.125	2.0	1.6	2024-08-31 13:59:59.999999+00:00
	2024-08-31	15:00	St Johnstone	Motherwell	1	2	A	0	1	A	I Snedden	13	14	5	6	12	11	4	13	1	0	1	0	2.75	3.6	2.38	2.8	3.3	2.4				3.01	3.31	2.47	2.9	3.25	2.5				3.03	3.6	2.5	2.9	3.32	2.42	2.05	1.8	2.07	1.81	2.14	1.82	2.03	1.77	0.25	1.78	2.1	1.79	2.13	1.8	2.13	1.76	2.06	3.0	3.5	2.25	2.95	3.2	2.35				3.22	3.32	2.37	3.0	3.25	2.45				3.22	3.59	2.47	2.99	3.31	2.37	2.1	1.73	2.09	1.81	2.21	1.81	2.04	1.76	0.25	1.85	2.0	1.87	2.04	1.89	2.06	1.81	2.01	scotland	SC0	2.8	3.5	2.4	2.91	3.38	2.43	2.92	2.28	2.06	1.78	1.89	1.72	1.98	2.88	3.25	2.4	3.08	3.59	2.31	3.3	3.5	2.4	2.14	1.84	1.93	2.06																																															2024-08-31 14:00:00+00:00	scotland:20240831T1400Z:st-johnstone:motherwell:476	scotland:st-johnstone	scotland:motherwell	sco.1:2024-25	sco.1:2024-25-rules-v1	79	7.0	7.0	1.4	1.2	-0.4	0.1	11.980304677306222	12.770375054429062	0.10554849531176914	79	6.0	4.0	1.0	1.6	0.4	0.1	11.665064714401238	12.85655175837296	0.13123707905149123	2024-25	7.0	4.0	7.0	6.0	1.4	1.0	2024-08-31 13:59:59.999999+00:00
	2024-08-31	17:45	Ross County	Aberdeen	0	1	A	0	0	D	E Anderson	8	9	4	3	11	13	1	12	3	1	0	0	3.7	3.6	1.95	3.5	3.6	1.95				3.7	3.77	1.93	3.8	3.6	1.95				3.9	3.81	2.0	3.63	3.67	1.95	1.8	2.0	1.78	2.08	1.83	2.08	1.77	2.03	0.5	1.9	1.95	1.92	1.95	1.95	1.99	1.87	1.95	4.2	3.5	1.83	4.2	3.6	1.8				4.43	3.63	1.87	4.4	3.7	1.8				4.61	3.73	1.89	4.24	3.6	1.83	1.98	1.88	2.03	1.87	2.03	2.0	1.94	1.86	0.5	2.0	1.85	2.03	1.88	2.03	1.89	1.99	1.83	scotland	SC0	3.9	3.6	1.91	3.67	3.7	1.97	4.1	3.7	2.0	1.04	1.43	1.98	2.0	4.2	3.5	1.75	4.61	3.7	1.82	4.6	3.85	1.89	2.06	1.93	2.09	1.9																																															2024-08-31 16:45:00+00:00	scotland:20240831T1645Z:ross-county:aberdeen:477	scotland:ross-county	scotland:aberdeen	sco.1:2024-25	sco.1:2024-25-rules-v1	79	7.114583333333333	4.0	0.8	2.0	-1.1	0.1	11.945659430244454	13.822154672788336	0.06910602275290255	79	6.114583333333333	13.0	2.8	1.0	1.5	0.6	13.976856648855016	11.978708997819439	0.1593309900749462	2024-25	4.0	13.0	7.114583333333333	6.114583333333333	0.8	2.8	2024-08-31 16:44:59.999999+00:00
	2024-09-01	12:30	Celtic	Rangers	3	0	H	2	0	H	J Beaton	14	13	4	4	12	11	7	4	4	5	0	0	1.62	4.2	5.0	1.63	4.33	4.4				1.63	4.26	4.82	1.62	4.33	5.0				1.66	4.4	5.25	1.62	4.28	4.75	1.5	2.63	1.49	2.63	1.5	2.68	1.47	2.6	-1.0	2.05	1.8	2.07	1.8	2.12	1.85	2.03	1.79	1.67	3.9	4.75	1.65	4.1	4.5				1.67	4.12	5.12	1.62	4.33	5.0				1.7	4.33	5.12	1.65	4.08	4.78	1.57	2.38	1.57	2.46	1.6	2.52	1.55	2.41	-0.75	1.83	2.03	1.86	2.05	1.86	2.08	1.81	2.0	scotland	SC0	1.57	4.33	5.0	1.66	4.35	4.56	1.63	4.7	5.4	1.51	2.68	1.64	1.19	1.57	4.0	4.75	1.7	4.01	5.07	1.69	4.3	5.4	1.63	2.56	1.86	2.13																																															2024-09-01 11:30:00+00:00	scotland:20240901T1130Z:celtic:rangers:478	scotland:celtic	scotland:rangers	sco.1:2024-25	sco.1:2024-25-rules-v1	79	7.020833333333333	15.0	3.4	0.4	2.3	0.6	19.337381895067843	6.352818830635698	0.1584494882192956	79	7.895833333333333	11.0	3.2	1.2	1.2	0.3	19.40351463126636	10.200883476941055	0.1468702253710109	2024-25	15.0	11.0	7.020833333333333	7.895833333333333	3.4	3.2	2024-09-01 11:29:59.999999+00:00
	2024-09-01	15:00	Hearts	Dundee United	0	1	A	0	0	D	N Walsh	14	12	2	3	15	6	6	4	2	4	0	0	1.8	3.9	4.0	1.82	3.8	3.8				1.83	4.08	3.84	1.83	3.8	4.2				1.86	4.2	4.2	1.81	3.96	3.89	1.67	2.2	1.66	2.25	1.67	2.32	1.64	2.22	-0.75	2.0	1.8	2.06	1.79	2.11	1.85	2.02	1.8	1.85	3.6	4.0	1.88	3.5	3.8				1.92	3.73	4.06	1.95	3.5	4.0				1.95	3.73	4.12	1.88	3.6	3.96	1.95	1.9	1.94	1.94	1.97	1.94	1.89	1.89	-0.5	1.9	1.95	1.93	1.98	1.93	1.99	1.88	1.92	scotland	SC0	1.8	3.8	4.0	1.83	3.94	4.01	1.87	3.7	3.9	1.39	2.1	1.93	1.72	1.83	3.5	3.9	1.91	3.71	4.12	1.96	3.8	4.3	1.96	2.02	1.96	2.03																																															2024-09-01 14:00:00+00:00	scotland:20240901T1400Z:hearts:dundee-united:479	scotland:hearts	scotland:dundee-united	sco.1:2024-25	sco.1:2024-25-rules-v1	79	7.0	3.0	1.4	2.2	-0.1	0.3	12.700554408624079	13.349079287755936	0.11245751904468362	41	8.0	5.0	1.4	1.8	-0.3	0.2	9.782892163766023	14.854738423250838	0.21701539489481114	2024-25	3.0	5.0	7.0	8.0	1.4	1.4	2024-09-01 13:59:59.999999+00:00
	2024-09-01	15:00	Kilmarnock	Hibernian	1	1	D	0	0	D	C Scott	14	9	3	4	10	17	4	7	2	3	0	0	2.8	3.2	2.55	2.55	3.3	2.6				2.83	3.28	2.55	2.8	3.4	2.5				2.88	3.44	2.6	2.77	3.3	2.51	1.95	1.9	1.94	1.89	2.0	1.91	1.92	1.86	0.0	2.03	1.83	2.03	1.83	2.1	1.89	2.03	1.82	2.55	3.1	2.8	2.5	3.2	2.75				2.66	3.26	2.86	2.6	3.25	2.8				2.66	3.26	2.9	2.58	3.18	2.78	2.1	1.73	2.08	1.81	2.12	1.81	2.02	1.76	0.0	1.85	2.0	1.88	2.03	1.89	2.05	1.85	2.0	scotland	SC0	2.7	3.3	2.55	2.78	3.44	2.47	2.7	2.38	2.7	1.61	1.63	1.95	1.63	2.5	3.1	2.7	2.64	3.21	2.9	2.7	3.4	2.92	2.14	1.84	1.92	2.07																																															2024-09-01 14:00:00+00:00	scotland:20240901T1400Z:kilmarnock:hibernian:480	scotland:kilmarnock	scotland:hibernian	sco.1:2024-25	sco.1:2024-25-rules-v1	79	7.0	1.0	0.2	3.0	-1.3	0.4	10.529615019233331	15.836354158381566	0.05322696494348384	79	8.0	5.0	1.2	1.6	-0.6	0.1	12.038966342017982	11.268039735167322	0.09383532609562975	2024-25	1.0	5.0	7.0	8.0	0.2	1.2	2024-09-01 13:59:59.999999+00:00
	2024-09-14	15:00	Aberdeen	Motherwell	2	1	H	1	0	H	C Graham	11	13	4	4	14	16	6	5	4	5	0	0	1.67	3.75	5.0	1.68	3.75	4.8				1.68	3.79	5.03	1.7	3.75	5.0				1.71	4.0	5.2	1.68	3.79	4.9	1.9	1.95	1.87	1.96	1.93	1.98	1.85	1.93	-0.75	1.9	1.95	1.89	1.96	1.95	1.97	1.88	1.93	1.67	3.75	5.0	1.65	3.75	5.0				1.7	3.76	5.45	1.65	3.8	5.5				1.72	3.89	5.56	1.67	3.75	5.1	1.93	1.93	1.98	1.91	1.98	1.94	1.9	1.89	-0.75	1.85	2.0	1.92	1.99	1.93	2.08	1.87	1.96	scotland	SC0	1.67	3.8	5.0	1.7	3.92	4.8	1.74	3.75	4.9	1.83	1.94	1.92	1.94	1.62	3.75	5.0	1.67	3.89	5.56	1.72	4.0	5.6	1.99	1.97	1.93	2.03																																															2024-09-14 14:00:00+00:00	scotland:20240914T1400Z:aberdeen:motherwell:481	scotland:aberdeen	scotland:motherwell	sco.1:2024-25	sco.1:2024-25-rules-v1	80	13.885416666666666	13.0	2.0	0.8	1.6	0.6	13.071973621790466	11.255307361852267	0.15056373935424888	80	14.0	7.0	1.4	1.2	0.4	0.1	12.089598402691921	12.882633256850603	0.13334981792524606	2024-25	13.0	7.0	13.885416666666666	14.0	2.0	1.4	2024-09-14 13:59:59.999999+00:00
	2024-09-14	15:00	Celtic	Hearts	2	0	H	0	0	D	C Steven	18	7	6	3	9	11	5	3	1	1	0	0	1.17	8.0	12.0	1.18	7.75	12.0				1.15	8.52	13.77	1.18	7.5	15.0				1.21	8.9	16.0	1.17	7.81	13.28	1.33	3.4	1.31	3.43	1.36	3.44	1.33	3.17	-2.25	2.03	1.78	2.0	1.84	2.08	1.84	2.02	1.79	1.13	9.0	19.0	1.14	9.0	14.5				1.13	9.93	18.6	1.15	8.0	17.0				1.15	10.0	19.1	1.13	8.75	16.97	1.33	3.4	1.32	3.52	1.33	3.52	1.31	3.34	-2.25	1.88	1.98	1.91	1.98	1.94	2.02	1.87	1.95	scotland	SC0	1.14	8.5	15.0	1.21	7.3	11.5	1.19	9.0	17.5	1.38	3.45	1.95	1.78	1.08	8.5	18.0	1.14	9.38	19.1	1.15	10.5	26.0	1.36	3.7	1.9	2.04																																															2024-09-14 14:00:00+00:00	scotland:20240914T1400Z:celtic:hearts:482	scotland:celtic	scotland:hearts	sco.1:2024-25	sco.1:2024-25-rules-v1	80	13.104166666666666	15.0	3.0	0.4	2.6	0.7	18.366948823237326	7.561397225065571	0.16860152932228079	80	13.0	2.0	1.0	2.0	-0.3	0.3	12.9368172434197	13.103792144527583	0.09201069740019568	2024-25	15.0	2.0	13.104166666666666	13.0	3.0	1.0	2024-09-14 13:59:59.999999+00:00
	2024-09-14	15:00	Hibernian	St Johnstone	2	0	H	1	0	H	N Walsh	17	5	4	1	6	17	5	7	1	4	0	1	1.65	3.9	5.25	1.68	3.7	4.75				1.64	3.94	5.19	1.6	3.9	5.8				1.68	4.0	5.8	1.65	3.86	5.07	1.88	1.98	1.9	1.93	1.95	2.02	1.87	1.91	-0.75	1.83	2.03	1.83	2.03	1.93	2.04	1.83	1.99	1.57	4.1	5.25	1.57	4.1	5.25				1.59	4.28	5.71	1.6	4.0	5.8				1.63	4.4	5.8	1.58	4.15	5.39	1.8	2.0	1.8	2.09	1.81	2.14	1.74	2.07	-1.0	1.98	1.88	2.01	1.89	2.02	1.92	1.97	1.86	scotland	SC0	1.62	3.9	5.0	1.67	3.94	5.05	1.69	4.0	5.8	1.82	2.04	1.84	2.0	1.55	4.1	5.5	1.63	4.24	5.43	1.61	4.4	6.2	1.83	2.18	2.03	1.94																																															2024-09-14 14:00:00+00:00	scotland:20240914T1400Z:hibernian:st-johnstone:483	scotland:hibernian	scotland:st-johnstone	sco.1:2024-25	sco.1:2024-25-rules-v1	80	13.0	3.0	0.8	1.8	-0.5	0.1	11.486427007105622	11.764759783318718	0.09697637791662636	80	14.0	6.0	1.4	1.4	-0.6	0.1	12.165703826886908	12.99394322635105	0.10034387378655237	2024-25	3.0	6.0	13.0	14.0	0.8	1.4	2024-09-14 13:59:59.999999+00:00
	2024-09-14	15:00	Ross County	Dundee	2	0	H	2	0	H	G Irvine	9	8	5	3	13	12	3	8	2	1	0	0	2.8	3.6	2.3	2.7	3.5	2.4				2.77	3.59	2.42	2.8	3.5	2.45				2.82	3.67	2.45	2.76	3.56	2.39	1.73	2.1	1.76	2.07	1.81	2.13	1.74	2.04	0.25	1.74	1.99	1.75	2.1	1.81	2.2	1.75	2.06	2.8	3.6	2.3	2.8	3.4	2.35				2.9	3.55	2.46	2.8	3.4	2.5				2.9	3.72	2.5	2.81	3.51	2.38	1.83	2.03	1.85	2.04	1.89	2.16	1.8	2.0	0.25	1.8	2.05	1.79	2.13	1.82	2.14	1.77	2.07	scotland	SC0	2.7	3.6	2.38	2.79	3.58	2.4	2.9	1.42	2.24	1.04	1.07	1.79	2.05	2.8	3.3	2.3	2.89	3.72	2.38	3.05	3.65	2.48	1.88	2.1	1.86	2.14																																															2024-09-14 14:00:00+00:00	scotland:20240914T1400Z:ross-county:dundee:484	scotland:ross-county	scotland:dundee	sco.1:2024-25	sco.1:2024-25-rules-v1	80	13.885416666666666	3.0	0.6	2.0	-1.1	0.1	11.228266806563644	12.94539927773591	0.0565412913432839	42	14.0	7.0	2.0	1.6	-0.7	0.1	11.395239329667882	14.405345702925592	0.1584675312739906	2024-25	3.0	7.0	13.885416666666666	14.0	0.6	2.0	2024-09-14 13:59:59.999999+00:00
	2024-09-14	15:00	St Mirren	Kilmarnock	2	2	D	2	1	H	M MacDermid	14	11	2	3	15	9	3	10	2	3	0	1	2.2	3.5	3.1	2.25	3.2	3.1				2.25	3.24	3.34	2.3	3.25	3.25				2.3	3.5	3.37	2.24	3.28	3.22	2.2	1.67	2.19	1.68	2.22	1.71	2.17	1.67	-0.25	1.87	1.87	1.93	1.92	1.97	1.96	1.91	1.89	2.35	3.2	3.0	2.4	3.1	3.0				2.5	3.18	3.15	2.45	3.0	3.2				2.5	3.31	3.2	2.41	3.13	3.07	2.2	1.67	2.35	1.64	2.4	1.67	2.3	1.61	-0.25	2.05	1.8	2.13	1.8	2.14	1.83	2.05	1.78	scotland	SC0	2.2	3.4	3.0	2.25	3.32	3.29	2.3	3.35	3.5	2.18	1.68	1.98	1.97	2.38	3.0	3.1	2.43	3.31	3.1	2.52	3.3	3.25	2.36	1.7	2.14	1.86																																															2024-09-14 14:00:00+00:00	scotland:20240914T1400Z:st-mirren:kilmarnock:485	scotland:st-mirren	scotland:kilmarnock	sco.1:2024-25	sco.1:2024-25-rules-v1	80	14.0	4.0	1.6	2.2	-0.6	0.1	10.096592150398909	13.998389762906625	0.12446226831715512	80	13.0	2.0	0.4	2.2	-1.4	0.3	11.160594106645451	14.593380675039462	0.05653634794077249	2024-25	4.0	2.0	14.0	13.0	1.6	0.4	2024-09-14 13:59:59.999999+00:00
	2024-09-15	12:00	Dundee United	Rangers	0	1	A	0	1	A	D Robertson	5	11	0	6	11	13	4	4	4	6	0	0	7.0	4.5	1.44	6.75	4.75	1.41				6.64	4.8	1.43	6.5	4.6	1.44				7.0	5.0	1.48	6.52	4.69	1.43	1.67	2.2	1.68	2.2	1.73	2.26	1.66	2.18	1.25	1.85	2.0	1.87	1.96	1.9	2.03	1.85	1.97	6.0	4.33	1.5	5.5	4.33	1.52				6.02	4.61	1.53	6.0	4.5	1.5				6.5	4.7	1.53	5.86	4.44	1.51	1.67	2.2	1.68	2.28	1.71	2.29	1.65	2.21	1.0	2.0	1.85	2.02	1.89	2.06	1.9	1.98	1.85	scotland	SC0	7.0	4.6	1.4	6.15	4.8	1.47	7.4	4.6	1.48	1.7	2.18	1.79	2.07	6.5	4.5	1.44	6.38	4.45	1.53	7.0	4.8	1.53	1.74	2.32	2.07	1.92																																															2024-09-15 11:00:00+00:00	scotland:20240915T1100Z:dundee-united:rangers:486	scotland:dundee-united	scotland:rangers	sco.1:2024-25	sco.1:2024-25-rules-v1	42	13.875	8.0	1.6	1.2	-0.3	0.3	10.186002679444927	14.69933143720523	0.19270956551999696	80	13.979166666666666	8.0	2.2	1.4	1.0	0.3	18.239239243763386	10.891631935679044	0.1201665480308271	2024-25	8.0	8.0	13.875	13.979166666666666	1.6	2.2	2024-09-15 10:59:59.999999+00:00
	2024-09-21	15:00	Ross County	St Johnstone	3	3	D	1	1	D	D McFarlane	14	8	6	3	13	15	1	3	2	4	0	0	2.05	3.5	3.5	2.05	3.3	3.5				2.09	3.5	3.48	2.1	3.4	3.6				2.11	3.5	3.65	2.07	3.43	3.47	2.0	1.85	2.01	1.85	2.02	1.9	1.97	1.82	-0.5	2.05	1.8	2.09	1.77	2.11	1.85	2.05	1.77	1.83	3.5	4.5	1.85	3.4	4.2				1.87	3.53	4.59	1.91	3.6	4.0				2.0	3.6	4.59	1.9	3.43	4.15	2.2	1.67	2.19	1.74	2.32	1.8	2.14	1.7	-0.5	1.83	2.03	1.88	2.03	1.96	2.08	1.89	1.93	scotland	SC0	2.0	3.3	3.6	2.09	3.5	3.49	2.1	3.55	3.85	2.04	1.89	2.11	1.87	1.87	3.4	4.2	1.9	3.59	4.31	1.98	3.55	4.6	2.26	1.76	1.97	2.02																																															2024-09-21 14:00:00+00:00	scotland:20240921T1400Z:ross-county:st-johnstone:487	scotland:ross-county	scotland:st-johnstone	sco.1:2024-25	sco.1:2024-25-rules-v1	81	7.0	5.0	0.6	1.6	-1.0	0.2	10.823127387188435	12.046235772693018	0.08666509695763631	81	7.0	3.0	1.0	1.6	-0.6	0.1	10.862848585634744	13.722317185196314	0.08209953309808829	2024-25	5.0	3.0	7.0	7.0	0.6	1.0	2024-09-21 13:59:59.999999+00:00
	2024-09-21	15:00	St Mirren	Hearts	2	1	H	2	1	H	D Robertson	11	9	2	2	14	9	5	4	3	3	0	0	2.8	3.4	2.45	2.8	3.4	2.35				2.86	3.36	2.49	3.0	3.3	2.4				3.0	3.45	2.5	2.84	3.36	2.43	1.95	1.9	1.95	1.9	1.97	1.93	1.92	1.87	0.0	2.05	1.8	2.08	1.81	2.11	1.84	2.07	1.79	2.7	3.3	2.6	2.7	3.25	2.5				2.76	3.39	2.66	2.88	3.25	2.6				2.88	3.39	2.66	2.77	3.27	2.56	2.03	1.83	2.04	1.85	2.21	1.85	2.06	1.76	0.0	1.98	1.88	1.99	1.92	2.06	1.92	2.0	1.87	scotland	SC0	2.88	3.3	2.45	2.84	3.45	2.45	2.9	3.4	2.6	1.95	1.94	2.1	1.86	2.8	3.2	2.55	2.82	3.34	2.62	2.92	3.4	2.72	2.14	1.86	2.06	1.93																																															2024-09-21 14:00:00+00:00	scotland:20240921T1400Z:st-mirren:hearts:488	scotland:st-mirren	scotland:hearts	sco.1:2024-25	sco.1:2024-25-rules-v1	81	7.0	5.0	1.6	2.0	-0.3	0.1	10.806302668508197	13.453227987832692	0.12780679096078926	81	7.0	1.0	0.4	1.8	-0.7	0.3	11.8573959264343	13.994011754613476	0.07528147969106919	2024-25	5.0	1.0	7.0	7.0	1.6	0.4	2024-09-21 13:59:59.999999+00:00
	2024-09-28	15:00	Dundee	Aberdeen	1	2	A	1	2	A	C Scott	14	8	6	2	6	8	10	4	0	3	0	0	2.8	3.8	2.25	3.0	3.3	2.25				3.01	3.62	2.27	3.1	3.3	2.38				3.1	3.8	2.38	2.98	3.51	2.26	1.98	1.88	1.92	1.93	2.0	1.93	1.91	1.88	0.25	1.88	1.98	1.88	1.99	1.9	2.0	1.84	1.95	2.9	3.8	2.2	3.1	3.4	2.15				3.14	3.67	2.26	3.1	3.4	2.3				3.19	3.9	2.3	3.08	3.57	2.2	1.85	2.0	1.88	2.02	1.89	2.05	1.83	1.96	0.25	1.88	1.98	1.93	1.97	1.95	2.0	1.89	1.92	scotland	SC0	3.0	3.5	2.2	3.02	3.45	2.32	3.15	3.75	2.34	1.95	1.94	1.95	2.03	3.1	3.5	2.2	3.08	3.9	2.2	3.3	3.75	2.3	1.9	2.08	1.98	1.99																																															2024-09-28 14:00:00+00:00	scotland:20240928T1400Z:dundee:aberdeen:489	scotland:dundee	scotland:aberdeen	sco.1:2024-25	sco.1:2024-25-rules-v1	43	14.0	6.0	1.8	1.8	-0.9	0.0	10.777923087910086	13.422555575120938	0.12965525286053775	81	14.0	15.0	2.0	0.6	1.7	0.5	12.69525114510129	11.572524205151854	0.15624636525678215	2024-25	6.0	15.0	14.0	14.0	1.8	2.0	2024-09-28 13:59:59.999999+00:00
	2024-09-28	15:00	Hearts	Ross County	1	1	D	0	1	A	I Snedden	21	13	8	2	8	8	11	5	1	4	0	0	1.65	4.0	4.75	1.68	3.7	4.8				1.66	3.96	5.03	1.7	3.75	5.0				1.7	4.0	5.2	1.67	3.84	4.92	1.85	2.0	1.85	2.01	1.93	2.02	1.84	1.95	-0.75	1.88	1.98	1.86	2.01	1.94	2.02	1.85	1.95	1.57	4.1	5.5	1.61	3.8	5.25				1.61	4.09	5.83	1.65	3.8	5.5				1.65	4.11	5.83	1.61	3.94	5.45	1.93	1.93	1.94	1.94	2.0	1.98	1.89	1.9	-1.0	2.03	1.83	2.07	1.85	2.08	1.88	2.04	1.8	scotland	SC0	1.67	3.8	5.0	1.69	3.94	4.9	1.72	4.0	5.3	1.87	2.02	1.91	2.01	1.57	3.9	5.5	1.65	4.11	5.4	1.65	4.2	6.2	1.98	1.98	2.13	1.84																																															2024-09-28 14:00:00+00:00	scotland:20240928T1400Z:hearts:ross-county:490	scotland:hearts	scotland:ross-county	sco.1:2024-25	sco.1:2024-25-rules-v1	82	7.0	0.0	0.6	2.2	-0.8	0.2	11.337869394355335	13.44964598104739	0.0817959581310768	82	7.0	5.0	1.2	2.2	-0.8	0.2	11.40074058951781	11.310556541294288	0.10986884556274139	2024-25	0.0	5.0	7.0	7.0	0.6	1.2	2024-09-28 13:59:59.999999+00:00
	2024-09-28	15:00	Kilmarnock	Dundee United	3	3	D	0	1	A	C Napier	15	19	3	8	8	12	7	3	1	2	0	0	2.3	3.25	3.1	2.3	3.2	3.1				2.35	3.13	3.29	2.38	3.2	3.2				2.38	3.28	3.34	2.32	3.16	3.19	2.2	1.67	2.23	1.67	2.29	1.68	2.19	1.65	-0.25	1.98	1.88	2.01	1.86	2.02	1.95	1.97	1.84	2.05	3.4	3.5	2.05	3.3	3.5				2.09	3.39	3.84	2.1	3.3	3.7				2.13	3.5	3.84	2.07	3.3	3.65	2.0	1.8	2.09	1.8	2.21	1.8	2.07	1.74	-0.5	2.05	1.75	2.1	1.83	2.14	1.83	2.05	1.77	scotland	SC0	2.3	3.2	3.2	2.32	3.28	3.17	2.38	3.2	3.5	2.22	1.72	2.02	1.92	2.0	3.25	3.8	2.11	3.5	3.61	2.16	3.4	4.0	2.2	1.81	2.16	1.85																																															2024-09-28 14:00:00+00:00	scotland:20240928T1400Z:kilmarnock:dundee-united:491	scotland:kilmarnock	scotland:dundee-united	sco.1:2024-25	sco.1:2024-25-rules-v1	81	14.0	2.0	0.6	2.4	-1.6	0.2	11.131395178164459	14.48549327957774	0.07931486319121055	43	13.125	8.0	1.2	0.8	-0.6	0.2	9.243093101364032	14.026725721349733	0.15767146269817933	2024-25	2.0	8.0	14.0	13.125	0.6	1.2	2024-09-28 13:59:59.999999+00:00
	2024-09-28	15:00	Motherwell	St Mirren	2	1	H	2	1	H	L Wilson	9	15	4	9	12	13	9	6	4	2	1	1	2.38	3.3	2.88	2.37	3.25	2.85				2.45	3.22	3.02	2.4	3.3	3.0				2.5	3.4	3.06	2.43	3.26	2.93	2.05	1.8	2.12	1.75	2.12	1.84	2.04	1.77	-0.25	2.1	1.78	2.12	1.78	2.12	1.81	2.06	1.76	2.1	3.3	3.4	2.1	3.2	3.5				2.2	3.3	3.64	2.2	3.3	3.4				2.2	3.42	3.67	2.15	3.26	3.49	2.1	1.73	2.14	1.76	2.21	1.78	2.08	1.73	-0.25	1.85	2.0	1.88	2.03	1.89	2.06	1.84	1.98	scotland	SC0	2.38	3.3	3.0	2.44	3.36	2.9	2.44	3.25	3.05	2.02	1.77	2.1	1.75	2.1	3.2	3.6	2.18	3.42	3.52	2.24	3.4	3.75	2.18	1.81	1.93	2.04																																															2024-09-28 14:00:00+00:00	scotland:20240928T1400Z:motherwell:st-mirren:492	scotland:motherwell	scotland:st-mirren	sco.1:2024-25	sco.1:2024-25-rules-v1	81	14.0	7.0	1.4	1.2	0.3	0.1	12.255125965838843	12.540336301059584	0.12309041047030621	82	7.0	5.0	1.4	2.2	-0.1	0.1	10.841520365143069	12.643550171863112	0.13762704384395152	2024-25	7.0	5.0	14.0	7.0	1.4	1.4	2024-09-28 13:59:59.999999+00:00
	2024-09-28	17:45	St Johnstone	Celtic	0	6	A	0	3	A	D Robertson	5	19	1	11	9	8	3	13	1	1	0	0	13.0	7.0	1.18	13.0	7.25	1.19				13.82	7.48	1.17	17.0	7.0	1.18				17.0	8.0	1.2	13.88	7.19	1.18	1.4	3.0	1.4	2.97	1.42	3.05	1.39	2.87	2.0	2.0	1.85	1.99	1.86	2.02	1.94	1.96	1.86	17.0	8.0	1.14	15.5	8.5	1.15				18.81	9.0	1.14	19.0	8.0	1.14				21.0	9.5	1.16	17.73	8.42	1.13	1.33	3.4	1.33	3.41	1.34	3.41	1.33	3.28	2.25	1.98	1.88	2.0	1.89	2.05	1.92	1.96	1.86	scotland	SC0	15.0	7.5	1.15	13.2	7.4	1.19	17.5	8.2	1.21	1.42	3.05	1.91	1.8	21.0	9.5	1.1	18.1	8.54	1.16	29.0	10.5	1.14	1.36	3.65	2.06	1.91																																															2024-09-28 16:45:00+00:00	scotland:20240928T1645Z:st-johnstone:celtic:493	scotland:st-johnstone	scotland:celtic	sco.1:2024-25	sco.1:2024-25-rules-v1	82	7.114583333333333	4.0	1.4	1.8	-0.4	0.1	10.34233066097388	13.772804969706074	0.1353541634438904	81	14.114583333333334	15.0	2.8	0.0	2.5	0.7	18.300230855375993	7.459325002326375	0.158148726011159	2024-25	4.0	15.0	7.114583333333333	14.114583333333334	1.4	2.8	2024-09-28 16:44:59.999999+00:00
	2024-09-29	12:00	Rangers	Hibernian	1	0	H	1	0	H	N Walsh	18	18	4	3	11	12	4	7	2	2	0	0	1.36	5.0	7.5	1.38	5.0	7.0				1.35	5.09	8.16	1.36	5.0	8.5				1.39	5.6	8.5	1.36	5.04	7.57	1.5	2.63	1.47	2.68	1.5	2.8	1.46	2.61	-1.5	2.0	1.85	1.98	1.87	2.09	1.88	1.99	1.82	1.29	5.25	10.0	1.28	5.75	9.25				1.28	5.77	12.44	1.29	5.5	11.0				1.33	6.1	12.44	1.28	5.51	10.31	1.53	2.5	1.56	2.54	1.56	2.63	1.53	2.46	-1.5	1.83	2.03	1.86	2.05	1.9	2.06	1.84	1.98	scotland	SC0	1.33	5.0	7.5	1.37	5.25	7.6	1.38	5.5	7.8	1.46	2.56	1.96	1.87	1.22	5.5	10.5	1.33	5.37	10.6	1.3	6.0	14.0	1.61	2.6	1.93	2.05																																															2024-09-29 11:00:00+00:00	scotland:20240929T1100Z:rangers:hibernian:494	scotland:rangers	scotland:hibernian	sco.1:2024-25	sco.1:2024-25-rules-v1	81	14.0	10.0	1.8	0.8	1.1	0.3	16.923013926715498	9.820426129191944	0.11484701037232961	81	14.875	5.0	1.0	1.6	-0.3	0.2	12.488894823995508	10.534803459078951	0.10073468353606327	2024-25	10.0	5.0	14.0	14.875	1.8	1.0	2024-09-29 10:59:59.999999+00:00
	2024-10-05	15:00	Dundee	Kilmarnock	2	3	A	1	0	H	G Irvine	10	25	3	5	13	9	2	10	1	1	1	0	2.25	3.6	3.0	2.2	3.4	3.0				2.3	3.38	3.13	2.3	3.4	3.1				2.33	3.6	3.18	2.27	3.41	3.05	1.98	1.88	1.93	1.92	2.0	1.92	1.92	1.87	-0.25	1.98	1.88	2.0	1.88	2.02	1.9	1.95	1.85	2.2	3.7	3.0	2.2	3.4	3.1				2.29	3.49	3.22	2.3	3.4	3.1				2.3	3.78	3.25	2.24	3.44	3.09	1.9	1.95	1.93	1.96	1.97	1.97	1.9	1.88	-0.25	1.98	1.88	1.99	1.92	2.0	1.94	1.95	1.87	scotland	SC0	2.25	3.5	2.9	2.29	3.48	3.05	2.36	3.4	3.2	1.97	1.92	2.02	1.89	2.15	3.3	3.0	2.25	3.78	3.06	2.38	3.6	3.2	1.95	2.02	2.06	1.93																																															2024-10-05 14:00:00+00:00	scotland:20241005T1400Z:dundee:kilmarnock:495	scotland:dundee	scotland:kilmarnock	sco.1:2024-25	sco.1:2024-25-rules-v1	44	7.0	5.0	1.6	1.8	-0.9	0.0	11.363755253744614	12.436636379644403	0.11906858350927114	82	7.0	3.0	1.2	2.2	-1.6	0.1	11.834777873043649	15.306312683290878	0.10125761533826316	2024-25	5.0	3.0	7.0	7.0	1.6	1.2	2024-10-05 13:59:59.999999+00:00
	2024-10-05	15:00	Hibernian	Motherwell	1	2	A	0	0	D	M MacDermid	17	11	7	5	18	6	10	5	3	3	1	0	2.0	3.5	3.6	2.05	3.5	3.4				2.08	3.46	3.55	2.1	3.5	3.5				2.11	3.65	3.65	2.05	3.51	3.47	1.88	1.98	1.87	1.98	1.93	2.02	1.85	1.94	-0.25	1.75	2.05	1.81	2.07	1.85	2.12	1.77	2.03	1.8	3.6	4.33	1.8	3.6	4.2				1.85	3.68	4.46	1.83	3.6	4.4				1.87	3.7	4.5	1.82	3.61	4.27	1.93	1.93	1.97	1.92	1.98	1.98	1.9	1.89	-0.75	2.05	1.75	2.13	1.79	2.14	1.83	2.07	1.77	scotland	SC0	2.0	3.5	3.4	2.08	3.58	3.43	2.08	3.6	3.65	1.86	2.0	1.82	2.12	1.75	3.5	4.33	1.85	3.7	4.45	1.87	3.8	4.8	2.0	1.98	2.13	1.85																																															2024-10-05 14:00:00+00:00	scotland:20241005T1400Z:hibernian:motherwell:496	scotland:hibernian	scotland:motherwell	sco.1:2024-25	sco.1:2024-25-rules-v1	82	6.125	5.0	1.0	1.2	-0.6	0.2	13.490913946905415	11.892111921064597	0.08241928652950631	82	7.0	9.0	1.8	1.4	0.5	0.1	11.663284881140871	12.987547882685114	0.14111437624338186	2024-25	5.0	9.0	6.125	7.0	1.0	1.8	2024-10-05 13:59:59.999999+00:00
	2024-10-05	15:00	St Mirren	Dundee United	0	1	A	0	0	D	R Hardie	16	12	3	3	4	6	3	3	0	3	0	0	2.3	3.3	3.1	2.3	3.2	3.1				2.34	3.24	3.18	2.38	3.25	3.2				2.38	3.45	3.21	2.3	3.3	3.09	2.1	1.73	2.08	1.76	2.16	1.78	2.07	1.73	-0.25	2.0	1.85	2.02	1.85	2.05	1.89	1.97	1.83	2.3	3.3	3.1	2.35	3.2	2.95				2.36	3.25	3.31	2.45	3.2	3.0				2.45	3.38	3.35	2.34	3.23	3.1	2.1	1.73	2.12	1.78	2.21	1.8	2.07	1.75	-0.25	2.0	1.85	2.02	1.89	2.05	1.92	1.98	1.84	scotland	SC0	2.2	3.4	3.0	2.31	3.35	3.13	2.34	3.35	3.25	2.02	1.73	2.01	1.88	2.25	3.1	3.0	2.35	3.38	3.17	2.4	3.35	3.45	2.18	1.81	2.05	1.94																																															2024-10-05 14:00:00+00:00	scotland:20241005T1400Z:st-mirren:dundee-united:497	scotland:st-mirren	scotland:dundee-united	sco.1:2024-25	sco.1:2024-25-rules-v1	83	7.0	5.0	1.4	2.0	-0.4	0.1	11.597607571480694	11.981086504251635	0.12472515708444518	44	7.0	8.0	1.4	1.0	-0.5	0.2	11.017076173843298	14.203684681104328	0.15771205799707497	2024-25	5.0	8.0	7.0	7.0	1.4	1.4	2024-10-05 13:59:59.999999+00:00
	2024-10-06	12:00	Ross County	Celtic	1	2	A	1	0	H	K Clancy	8	23	5	6	11	11	1	9	3	1	0	0	13.0	8.0	1.17	13.5	7.5	1.17				13.57	8.29	1.16	17.0	7.5	1.17				17.0	8.9	1.18	13.87	7.8	1.16	1.36	3.2	1.34	3.24	1.37	3.24	1.34	3.08	2.0	2.05	1.75	2.1	1.75	2.11	1.85	2.06	1.77	13.0	7.0	1.18	12.5	7.5	1.18				15.04	8.36	1.17	15.0	6.5	1.2				17.0	9.0	1.22	13.81	7.48	1.17	1.4	3.0	1.41	3.02	1.43	3.15	1.39	2.91	2.0	1.98	1.88	1.98	1.91	2.04	1.94	1.94	1.89	scotland	SC0	15.0	7.5	1.15	14.0	7.8	1.17	15.5	8.8	1.19	1.39	3.35	2.0	1.73	17.0	8.0	1.13	13.0	7.31	1.22	21.0	9.0	1.18	1.45	3.15	2.03	1.9																																															2024-10-06 11:00:00+00:00	scotland:20241006T1100Z:ross-county:celtic:498	scotland:ross-county	scotland:celtic	sco.1:2024-25	sco.1:2024-25-rules-v1	83	7.875	5.0	1.2	2.2	-0.9	0.2	11.691515027787299	13.072273533786236	0.10387870581007512	82	7.760416666666667	15.0	3.2	0.0	3.0	0.8	18.427461608943993	7.0121750019033975	0.186810680133532	2024-25	5.0	15.0	7.875	7.760416666666667	1.2	3.2	2024-10-06 10:59:59.999999+00:00
	2024-10-06	15:00	Aberdeen	Hearts	3	2	H	1	1	D	A Beaton	11	11	3	3	8	17	2	5	1	4	0	1	1.67	4.0	4.75	1.66	3.75	4.8				1.68	4.03	4.75	1.73	3.75	4.8				1.73	4.2	4.9	1.68	3.94	4.69	1.88	1.98	1.85	1.99	1.96	2.0	1.84	1.95	-0.75	1.88	1.98	1.88	1.97	1.92	2.0	1.86	1.93	1.8	3.9	4.1	1.85	3.6	3.9				1.84	3.89	4.25	1.91	3.6	4.0				1.91	3.91	4.27	1.85	3.74	4.01	1.8	2.0	1.85	2.05	1.85	2.12	1.8	1.99	-0.5	1.83	2.03	1.85	2.07	1.88	2.09	1.84	1.98	scotland	SC0	1.67	4.0	4.6	1.7	3.92	4.8	1.69	4.4	4.9	1.86	1.98			1.83	3.6	4.1	1.83	3.91	4.27	1.9	3.95	4.4	1.86	2.12	1.89	2.11																																															2024-10-06 14:00:00+00:00	scotland:20241006T1400Z:aberdeen:hearts:499	scotland:aberdeen	scotland:hearts	sco.1:2024-25	sco.1:2024-25-rules-v1	82	8.0	15.0	2.0	0.6	1.7	0.4	11.841569118719237	12.01388344057879	0.17329248066463993	83	8.0	1.0	0.6	1.8	-0.5	0.2	13.094620413563456	13.3678921663115	0.07558197440161694	2024-25	15.0	1.0	8.0	8.0	2.0	0.6	2024-10-06 13:59:59.999999+00:00
	2024-10-06	20:00	Rangers	St Johnstone	2	0	H	1	0	H	D Dickinson	21	10	6	2	22	12	7	3	1	1	0	0	1.14	8.5	15.0	1.14	9.0	15.5				1.12	9.26	16.89	1.14	8.0	19.0				1.15	10.0	21.0	1.13	8.53	17.29	1.36	3.2	1.37	3.08	1.37	3.25	1.34	3.11	-2.25	1.85	2.0	1.88	1.96	1.91	2.03	1.87	1.92	1.08	11.0	21.0	1.09	12.0	23.0				1.09	11.97	26.05	1.08	11.0	26.0				1.11	13.0	30.0	1.08	10.81	24.5	1.25	4.0	1.28	3.76	1.29	4.1	1.26	3.75	-2.75	1.93	1.93	1.97	1.9	1.99	1.96	1.93	1.88	scotland	SC0	1.11	8.5	20.0	1.14	8.5	18.0	1.16	9.6	16.0	1.29	3.4			1.06	13.0	29.0	1.09	12.7	24.0	1.09	15.5	40.0	1.3	4.2	2.01	1.98																																															2024-10-06 19:00:00+00:00	scotland:20241006T1900Z:rangers:st-johnstone:500	scotland:rangers	scotland:st-johnstone	sco.1:2024-25	sco.1:2024-25-rules-v1	82	7.333333333333333	12.0	2.0	0.8	1.1	0.4	17.118829576403588	11.307621378429772	0.10406674586018887	83	8.09375	1.0	0.8	3.0	-0.9	0.1	9.370997813524085	14.723204066123152	0.11074431554500122	2024-25	12.0	1.0	7.333333333333333	8.09375	2.0	0.8	2024-10-06 18:59:59.999999+00:00
	2024-10-19	15:00	Celtic	Aberdeen	2	2	D	2	0	H	N Walsh	32	8	7	4	12	15	19	2	1	5	0	0	1.22	6.5	10.0	1.24	6.5	10.0				1.23	6.76	10.17	1.25	6.0	12.0				1.25	7.2	12.0	1.23	6.52	10.72	1.44	2.75	1.42	2.83	1.44	3.0	1.41	2.79	-1.75	1.83	2.03	1.85	2.0	1.92	2.06	1.84	1.97	1.18	7.5	12.0	1.19	7.25	12.0				1.19	7.8	13.64	1.22	6.5	13.0				1.23	7.8	15.0	1.19	7.14	12.69	1.36	3.2	1.39	3.08	1.39	3.2	1.36	3.06	-2.0	1.85	2.0	1.89	1.99	1.97	2.06	1.89	1.93	scotland	SC0	1.2	6.5	12.0	1.25	6.35	11.0	1.26	7.2	13.5	1.42	3.0	1.79	1.98	1.17	7.0	13.0	1.23	7.31	12.1	1.22	8.2	16.5	1.41	3.35	1.92	2.05																																															2024-10-19 14:00:00+00:00	scotland:20241019T1400Z:celtic:aberdeen:501	scotland:celtic	scotland:aberdeen	sco.1:2024-25	sco.1:2024-25-rules-v1	83	13.125	15.0	3.2	0.2	2.8	0.7	19.25883222549963	7.191779547011871	0.16865537860727714	83	13.0	15.0	2.0	0.8	1.7	0.3	11.688556551679374	11.82954099683719	0.1913715337669368	2024-25	15.0	15.0	13.125	13.0	3.2	2.0	2024-10-19 13:59:59.999999+00:00
	2024-10-19	15:00	Dundee United	Hibernian	3	2	H	1	1	D	C Graham	8	8	4	4	14	14	5	5	2	2	0	1	2.3	3.25	3.1	2.37	3.3	2.85				2.36	3.34	3.06	2.4	3.3	3.0				2.4	3.45	3.11	2.36	3.31	2.99	1.95	1.9	1.97	1.88	2.02	1.93	1.93	1.85	-0.25	1.97	1.77	2.05	1.83	2.09	1.87	2.0	1.8	2.88	3.25	2.45	2.7	3.3	2.45				2.9	3.4	2.54	2.88	3.3	2.5				2.9	3.4	2.57	2.8	3.32	2.49	1.98	1.88	2.0	1.89	2.02	1.93	1.93	1.86	0.0	2.1	1.78	2.09	1.83	2.14	1.83	2.07	1.81	scotland	SC0	2.38	3.3	3.0	2.35	3.45	2.97	2.36	3.45	3.05	1.91	1.9	2.03	1.87	2.8	3.25	2.45	2.88	3.34	2.57	3.05	3.4	2.56	2.02	1.93	2.16	1.83																																															2024-10-19 14:00:00+00:00	scotland:20241019T1400Z:dundee-united:hibernian:502	scotland:dundee-united	scotland:hibernian	sco.1:2024-25	sco.1:2024-25-rules-v1	45	14.0	10.0	1.4	0.8	-0.2	0.3	11.19578959678088	14.530287466358086	0.14418865351275828	83	14.0	5.0	1.2	1.2	-0.6	0.2	14.12892959292261	11.729909753598307	0.07812914887173511	2024-25	10.0	5.0	14.0	14.0	1.4	1.2	2024-10-19 13:59:59.999999+00:00
	2024-10-19	15:00	Hearts	St Mirren	4	0	H	1	0	H	C Steven	12	5	4	0	10	15	1	6	0	5	0	0	1.8	3.75	4.2	1.8	3.6	4.2				1.8	3.72	4.35	1.83	3.6	4.4				1.84	3.82	4.4	1.8	3.7	4.23	1.88	1.98	1.88	1.96	1.95	1.99	1.86	1.93	-0.5	1.78	2.03	1.82	2.07	1.83	2.09	1.79	2.01	1.75	3.75	4.33	1.75	3.6	4.33				1.78	3.82	4.72	1.8	3.7	4.5				1.81	3.87	4.75	1.77	3.72	4.45	1.9	1.95	1.93	1.96	1.97	1.99	1.88	1.9	-0.75	2.0	1.85	2.02	1.88	2.05	1.89	1.99	1.83	scotland	SC0	1.75	3.75	4.4	1.82	3.75	4.26	1.83	3.85	4.6	1.86	1.91	1.83	2.17	1.75	3.6	4.75	1.81	3.87	4.47	1.82	3.85	5.0	1.93	2.04	2.05	1.91																																															2024-10-19 14:00:00+00:00	scotland:20241019T1400Z:hearts:st-mirren:503	scotland:hearts	scotland:st-mirren	sco.1:2024-25	sco.1:2024-25-rules-v1	84	13.0	1.0	0.8	1.8	-0.9	0.1	12.7137803383701	12.937366317891225	0.09489764847735602	84	14.0	5.0	1.4	1.6	-0.4	0.1	12.398042558484203	11.984525321660428	0.10204785579636423	2024-25	1.0	5.0	13.0	14.0	0.8	1.4	2024-10-19 13:59:59.999999+00:00
	2024-10-19	15:00	Motherwell	Dundee	0	1	A	0	1	A	E Anderson	10	15	3	4	10	13	3	5	0	2	0	0	2.05	3.75	3.25	2.0	3.6	3.4				2.11	3.45	3.48	2.2	3.4	3.3				2.2	3.75	3.51	2.1	3.53	3.32	1.8	2.0	1.81	2.05	1.85	2.09	1.79	2.0	-0.25	1.83	2.03	1.84	2.04	1.88	2.06	1.81	1.99	1.95	3.8	3.4	2.0	3.6	3.4				2.01	3.78	3.68	2.05	3.6	3.6				2.05	3.92	3.71	2.0	3.66	3.51	1.73	2.1	1.71	2.23	1.8	2.23	1.71	2.12	-0.5	2.0	1.85	2.02	1.89	2.04	1.92	1.99	1.83	scotland	SC0	2.1	3.5	3.3	2.12	3.6	3.3	2.14	3.6	3.45	1.79	2.12	1.87	2.07	1.95	3.7	3.6	2.02	3.92	3.51	2.06	3.9	3.75	1.77	2.26	2.06	1.92																																															2024-10-19 14:00:00+00:00	scotland:20241019T1400Z:motherwell:dundee:504	scotland:motherwell	scotland:dundee	sco.1:2024-25	sco.1:2024-25-rules-v1	83	14.0	12.0	2.0	1.2	0.3	0.1	11.542687630024348	13.717084631287818	0.14851506816607274	45	14.0	2.0	1.4	2.2	-0.8	0.0	11.115799753063774	14.720884310618146	0.13378338650758548	2024-25	12.0	2.0	14.0	14.0	2.0	1.4	2024-10-19 13:59:59.999999+00:00
	2024-10-19	15:00	St Johnstone	Ross County	3	0	H	2	0	H	J Beaton	18	7	7	1	8	12	5	3	1	0	0	2	2.55	3.3	2.7	2.55	3.2	2.7				2.62	3.16	2.84	2.62	3.2	2.8				2.67	3.3	2.87	2.58	3.22	2.77	2.1	1.73	2.13	1.73	2.21	1.76	2.11	1.71	0.0	1.79	1.94	1.85	2.02	1.88	2.04	1.85	1.97	2.55	3.2	2.8	2.55	3.1	2.8				2.66	3.16	2.93	2.6	3.2	2.88				2.67	3.3	2.93	2.58	3.14	2.83	2.3	1.62	2.28	1.68	2.31	1.72	2.22	1.64	0.0	1.83	2.03	1.86	2.05	1.87	2.09	1.84	2.03	scotland	SC0	2.6	3.2	2.75	2.59	3.3	2.73	2.66	3.2	2.9	2.08	1.72	1.87	2.01	2.63	3.0	2.8	2.62	3.28	2.87	2.72	3.25	3.0	2.38	1.7	1.87	2.08																																															2024-10-19 14:00:00+00:00	scotland:20241019T1400Z:st-johnstone:ross-county:505	scotland:st-johnstone	scotland:ross-county	sco.1:2024-25	sco.1:2024-25-rules-v1	84	12.791666666666666	1.0	0.8	3.0	-1.0	0.1	9.485361847428795	15.864439690464396	0.09060898544591009	84	13.125	5.0	1.4	1.4	-0.6	0.2	11.020330477280517	14.877314709461464	0.10771894111733418	2024-25	1.0	5.0	12.791666666666666	13.125	0.8	1.4	2024-10-19 13:59:59.999999+00:00
	2024-10-20	12:00	Kilmarnock	Rangers	1	0	H	0	0	D	S McLean	10	15	3	3	12	13	1	6	1	3	0	0	6.25	4.33	1.48	5.75	4.4	1.5				6.17	4.48	1.49	6.0	4.33	1.53				6.3	4.52	1.53	5.96	4.4	1.49	1.62	2.3	1.64	2.28	1.65	2.38	1.6	2.27	1.0	2.03	1.83	2.06	1.81	2.06	1.87	2.01	1.8	5.75	4.2	1.53	5.75	4.4	1.5				6.01	4.46	1.55	6.0	4.33	1.53				6.12	4.5	1.57	5.75	4.37	1.52	1.62	2.3	1.65	2.33	1.65	2.41	1.6	2.31	1.0	2.0	1.85	2.0	1.9	2.08	1.9	1.98	1.85	scotland	SC0	6.0	4.4	1.47	5.95	4.5	1.51	6.2	4.7	1.52	1.66	2.26			6.0	4.0	1.44	6.12	4.31	1.56	7.0	4.5	1.55	1.67	2.44	2.08	1.91																																															2024-10-20 11:00:00+00:00	scotland:20241020T1100Z:kilmarnock:rangers:506	scotland:kilmarnock	scotland:rangers	sco.1:2024-25	sco.1:2024-25-rules-v1	83	14.875	6.0	1.8	2.0	-1.2	0.1	14.228454623399347	14.341528559056172	0.10466532164039713	83	13.666666666666666	12.0	2.0	0.6	1.0	0.5	17.82449692614839	11.069872036897086	0.10246153665617183	2024-25	6.0	12.0	14.875	13.666666666666666	1.8	2.0	2024-10-20 10:59:59.999999+00:00
	2024-10-26	15:00	Dundee	St Johnstone	1	2	A	1	0	H	K Clancy	8	20	4	4	10	10	2	3	3	2	0	0	1.67	3.75	5.0	1.68	3.8	4.6				1.66	3.94	5.02	1.7	3.9	4.8				1.71	4.05	5.2	1.68	3.87	4.85	1.73	2.08	1.78	2.09	1.85	2.14	1.76	2.04	-0.75	1.88	1.98	1.87	2.01	1.94	2.01	1.85	1.95	1.75	3.6	4.5	1.77	3.6	4.33				1.83	3.76	4.51	1.8	3.7	4.6				1.83	3.85	5.0	1.77	3.7	4.46	1.85	2.0	1.89	2.0	1.93	2.04	1.83	1.96	-0.75	2.03	1.78	2.08	1.83	2.11	1.91	2.0	1.82	scotland	SC0	1.67	3.9	4.75	1.69	4.05	4.72	1.71	4.0	5.2	1.76	2.16	1.91	1.99	1.73	3.6	4.6	1.81	3.72	4.65	1.83	3.85	5.0	1.9	2.08	2.06	1.92																																															2024-10-26 14:00:00+00:00	scotland:20241026T1400Z:dundee:st-johnstone:507	scotland:dundee	scotland:st-johnstone	sco.1:2024-25	sco.1:2024-25-rules-v1	46	7.0	4.0	1.2	1.8	-0.4	0.1	11.82201797977945	13.862541708687573	0.12158034653650932	85	7.0	4.0	1.2	2.6	-0.7	0.2	11.033477875169014	14.252723383107233	0.10443765475877492	2024-25	4.0	4.0	7.0	7.0	1.2	1.2	2024-10-26 13:59:59.999999+00:00
	2024-10-26	15:00	Ross County	Kilmarnock	2	1	H	0	1	A	M MacDermid	14	9	3	2	10	10	5	5	1	2	0	1	3.1	3.4	2.25	3.1	3.4	2.2				3.23	3.31	2.28	3.3	3.3	2.25				3.3	3.4	2.31	3.17	3.33	2.25	2.03	1.83	2.04	1.82	2.06	1.87	1.99	1.8	0.25	1.88	1.98	1.89	1.98	1.91	2.02	1.87	1.93	3.8	3.4	1.95	3.75	3.3	1.98				4.04	3.37	2.04	3.9	3.25	2.05				4.04	3.51	2.06	3.81	3.33	2.01	2.1	1.7	2.19	1.73	2.21	1.76	2.12	1.71	0.5	1.83	2.03	1.86	2.05	1.93	2.06	1.81	2.01	scotland	SC0	3.2	3.3	2.25	3.19	3.32	2.29	3.3	3.3	2.38	2.08	1.74	1.89	2.03	3.8	3.3	1.95	3.92	3.51	2.02	4.1	3.55	2.08	2.3	1.76	1.92	2.07																																															2024-10-26 14:00:00+00:00	scotland:20241026T1400Z:ross-county:kilmarnock:508	scotland:ross-county	scotland:kilmarnock	sco.1:2024-25	sco.1:2024-25-rules-v1	85	7.0	5.0	1.4	1.8	-0.9	0.2	10.28936129959315	15.44507567137756	0.08813367909600069	84	6.125	9.0	2.0	1.6	-1.2	0.1	13.459644691872192	14.461250639227778	0.10381708134214311	2024-25	5.0	9.0	7.0	6.125	1.4	2.0	2024-10-26 13:59:59.999999+00:00
	2024-10-26	17:30	Aberdeen	Dundee United	1	0	H	0	0	D	S McLean	12	8	5	0	9	18	8	2	1	3	0	0	1.65	3.9	5.0	1.68	3.8	4.6				1.65	4.0	5.01	1.7	3.8	5.0				1.7	4.1	5.1	1.66	3.94	4.85	1.8	2.0	1.76	2.09	1.81	2.13	1.75	2.04	-0.75	1.83	2.03	1.85	2.03	1.93	2.05	1.83	1.97	1.75	3.7	4.5	1.8	3.6	4.2				1.83	3.73	4.55	1.85	3.6	4.33				1.85	3.8	4.62	1.8	3.65	4.37	1.95	1.9	1.94	1.94	1.97	2.0	1.89	1.9	-0.75	2.03	1.83	2.08	1.83	2.08	1.87	2.02	1.81	scotland	SC0	1.67	3.9	4.75	1.68	4.05	4.76	1.7	4.1	5.3	1.78	2.08	1.86	2.02	1.73	3.7	4.6	1.8	3.8	4.62	1.84	3.8	5.0	1.98	2.0	2.08	1.89																																															2024-10-26 16:30:00+00:00	scotland:20241026T1630Z:aberdeen:dundee-united:509	scotland:aberdeen	scotland:dundee-united	sco.1:2024-25	sco.1:2024-25-rules-v1	84	7.104166666666667	13.0	2.0	1.2	1.3	0.2	11.017909905919488	15.496897179230428	0.202031254900221	46	7.104166666666667	10.0	1.6	1.2	0.0	0.3	10.61473694282072	13.342962472474797	0.18615435287407495	2024-25	13.0	10.0	7.104166666666667	7.104166666666667	2.0	1.6	2024-10-26 16:29:59.999999+00:00
	2024-10-27	12:00	Hibernian	Hearts	1	1	D	0	0	D	D Robertson	12	11	7	2	11	12	1	6	2	3	0	0	2.25	3.4	3.1	2.25	3.4	2.95				2.35	3.47	2.98	2.3	3.5	3.0				2.38	3.54	3.1	2.31	3.45	2.95	1.77	1.97	1.8	2.03	1.88	2.06	1.8	1.99	-0.25	2.0	1.85	2.04	1.83	2.05	1.9	1.98	1.82	2.3	3.25	3.1	2.25	3.3	3.0				2.33	3.37	3.24	2.38	3.3	3.1				2.38	3.4	3.24	2.31	3.3	3.09	2.0	1.85	2.02	1.87	2.06	1.93	1.96	1.84	-0.25	2.0	1.85	2.01	1.9	2.05	1.9	1.98	1.84	scotland	SC0	2.3	3.4	2.9	2.33	3.54	2.93	2.4	3.6	3.1	1.83	2.06	2.07	1.89	2.3	3.2	3.1	2.37	3.34	3.18	2.42	3.4	3.35	2.04	1.94	2.07	1.92																																															2024-10-27 12:00:00+00:00	scotland:20241027T1200Z:hibernian:hearts:510	scotland:hibernian	scotland:hearts	sco.1:2024-25	sco.1:2024-25-rules-v1	84	7.916666666666667	4.0	1.2	1.4	-0.3	0.2	13.014578757845772	11.05174434385316	0.10937839453141963	85	7.916666666666667	4.0	1.6	1.6	-0.5	0.2	12.584002095030081	11.494208805547366	0.1382495911784428	2024-25	4.0	4.0	7.916666666666667	7.916666666666667	1.2	1.6	2024-10-27 11:59:59.999999+00:00
	2024-10-27	15:00	Motherwell	Celtic	0	3	A	0	1	A	D Dickinson	9	21	2	10	11	9	3	10	1	2	1	0	8.0	7.0	1.25	9.5	6.0	1.26				9.58	6.06	1.26	10.0	5.8	1.29				10.5	7.0	1.29	9.4	6.09	1.26	1.37	3.0	1.42	2.84	1.43	3.05	1.39	2.86	1.75	1.93	1.93	1.91	1.93	1.95	2.0	1.89	1.91	9.0	7.5	1.22	11.5	6.5	1.22				12.77	6.91	1.22	15.0	6.5	1.2				15.0	8.09	1.25	11.57	6.86	1.21	1.4	3.0	1.41	2.98	1.41	3.25	1.37	3.0	2.0	1.83	2.03	1.83	2.08	1.9	2.08	1.84	1.99	scotland	SC0	10.5	6.5	1.22	9.4	6.05	1.28	6.0	7.2	1.28	1.01	2.12			13.0	8.0	1.15	9.17	8.09	1.25	16.5	8.6	1.21	1.4	3.4	1.91	2.03																																															2024-10-27 15:00:00+00:00	scotland:20241027T1500Z:motherwell:celtic:511	scotland:motherwell	scotland:celtic	sco.1:2024-25	sco.1:2024-25-rules-v1	84	8.041666666666666	9.0	1.4	1.2	-0.2	0.1	11.26219897001992	13.950341971053668	0.12151232849951404	84	8.041666666666666	13.0	3.0	0.6	2.7	0.7	21.575408184499697	7.33872872028244	0.14935440067868128	2024-25	9.0	13.0	8.041666666666666	8.041666666666666	1.4	3.0	2024-10-27 14:59:59.999999+00:00
	2024-10-27	15:00	Rangers	St Mirren	2	1	H	1	1	D	C Scott	16	8	7	3	10	9	7	3	2	2	0	0	1.22	6.25	11.0	1.23	6.25	11.0				1.21	6.73	11.63	1.25	6.0	12.0				1.25	6.8	13.0	1.22	6.38	11.46	1.48	2.6	1.46	2.7	1.48	2.85	1.44	2.67	-1.75	1.83	2.03	1.81	2.03	1.9	2.06	1.81	1.99	1.29	5.0	10.0	1.29	5.5	9.25				1.27	6.17	11.88	1.25	5.8	13.0				1.31	6.17	13.0	1.27	5.56	10.68	1.6	2.3	1.64	2.35	1.67	2.41	1.62	2.28	-1.5	1.85	2.0	1.88	2.04	1.91	2.04	1.86	1.97	scotland	SC0	1.2	6.5	13.0	1.23	6.5	12.0	1.18	7.0	15.5	1.26	2.02			1.2	5.5	13.0	1.31	5.44	11.3	1.28	6.4	15.5	1.66	2.44	1.9	2.08																																															2024-10-27 15:00:00+00:00	scotland:20241027T1500Z:rangers:st-mirren:512	scotland:rangers	scotland:st-mirren	sco.1:2024-25	sco.1:2024-25-rules-v1	84	7.166666666666667	9.0	0.8	0.8	1.0	0.5	17.310952030485048	10.875349848370343	0.08383216635504967	85	8.041666666666666	4.0	1.0	2.0	-0.8	0.1	11.052943911487073	11.98733889954035	0.08349370019702528	2024-25	9.0	4.0	7.166666666666667	8.041666666666666	0.8	1.0	2024-10-27 14:59:59.999999+00:00
	2024-10-30	19:45	Celtic	Dundee	2	0	H	0	0	D	R Hardie	24	3	5	1	12	7	7	2	1	2	0	0	1.1	9.5	21.0	1.11	9.75	19.5				1.1	10.44	22.46	1.11	8.5	29.0				1.12	12.0	36.0	1.1	9.8	22.69	1.36	3.2	1.34	3.27	1.37	3.35	1.34	3.1	-2.5	1.98	1.88	1.95	1.9	2.04	1.91	1.95	1.86	1.18	7.5	15.0	1.17	8.0	12.5				1.15	8.65	17.09	1.17	7.5	17.0				1.2	8.8	19.0	1.16	7.94	14.55	1.33	3.4	1.32	3.49	1.33	3.6	1.3	3.43	-2.25	2.0	1.85	2.04	1.85	2.05	1.9	1.98	1.84	scotland	SC0	1.08	11.0	23.0	1.11	9.4	25.0	1.11	13.0	32.0	1.37	3.35	1.87	1.84	1.1	8.0	17.0	1.2	7.22	16.0	1.16	9.6	28.0	1.33	3.9	2.04	1.91																																															2024-10-30 19:45:00+00:00	scotland:20241030T1945Z:celtic:dundee:513	scotland:celtic	scotland:dundee	sco.1:2024-25	sco.1:2024-25-rules-v1	85	3.1979166666666665	13.0	3.0	0.6	2.5	0.7	21.47078851459066	7.64077804386745	0.1481730810747652	47	4.239583333333333	3.0	1.0	1.8	-0.2	0.1	11.127105619819549	14.978443216198922	0.12220210171168944	2024-25	13.0	3.0	3.1979166666666665	4.239583333333333	3.0	1.0	2024-10-30 19:44:59.999999+00:00
	2024-10-30	19:45	Dundee United	Motherwell	1	2	A	1	1	D	L Wilson	17	9	5	3	11	12	11	3	3	4	0	0	2.2	3.4	3.2	2.15	3.3	3.2				2.2	3.31	3.41	2.2	3.4	3.3				2.24	3.5	3.41	2.18	3.37	3.28	1.95	1.9	1.93	1.93	2.0	1.94	1.91	1.88	-0.25	1.9	1.95	1.9	1.97	1.95	2.0	1.87	1.93	1.9	3.6	4.0	1.88	3.4	3.9				1.94	3.58	4.17	1.95	3.6	3.9				1.97	3.66	4.17	1.93	3.53	3.89	1.95	1.9	1.93	1.95	1.99	1.95	1.9	1.89	-0.5	1.93	1.93	1.95	1.95	1.98	2.0	1.93	1.88	scotland	SC0	2.15	3.3	3.3	2.17	3.5	3.27	2.26	3.55	3.5	1.96	1.91	1.94	2.01	1.85	3.4	3.9	1.94	3.66	4.07	1.96	3.75	4.3	1.99	2.0	1.96	2.03																																															2024-10-30 19:45:00+00:00	scotland:20241030T1945Z:dundee-united:motherwell:514	scotland:dundee-united	scotland:motherwell	sco.1:2024-25	sco.1:2024-25-rules-v1	47	4.135416666666667	7.0	1.4	1.4	0.2	0.3	10.139330225944224	13.098787477479378	0.1523081068969704	85	3.1979166666666665	6.0	1.0	1.6	-0.2	0.1	10.850890066379934	15.232097976316636	0.09941917786323876	2024-25	7.0	6.0	4.135416666666667	3.1979166666666665	1.4	1.0	2024-10-30 19:44:59.999999+00:00
	2024-10-30	19:45	Hearts	Kilmarnock	1	2	A	1	0	H	E Anderson	18	15	5	4	14	9	10	1	1	3	0	0	1.91	3.6	3.8	1.88	3.6	3.7				1.92	3.63	3.93	1.95	3.6	3.8				1.95	3.75	4.1	1.92	3.61	3.82	1.83	2.03	1.79	2.04	1.83	2.07	1.78	2.01	-0.5	1.93	1.93	1.93	1.93	1.98	1.97	1.91	1.9	1.75	3.6	4.5	1.73	3.7	4.5				1.81	3.75	4.6	1.8	3.6	4.6				1.84	3.79	4.6	1.79	3.67	4.4	1.98	1.88	1.98	1.91	2.02	1.93	1.91	1.87	-0.75	2.03	1.83	2.07	1.85	2.12	1.87	2.02	1.81	scotland	SC0	1.95	3.5	3.75	1.92	3.74	3.78	1.97	3.75	4.0	1.76	1.98	1.98	1.96	1.73	3.5	4.33	1.83	3.72	4.5	1.86	3.85	4.8	1.99	1.98	2.12	1.87																																															2024-10-30 19:45:00+00:00	scotland:20241030T1945Z:hearts:kilmarnock:515	scotland:hearts	scotland:kilmarnock	sco.1:2024-25	sco.1:2024-25-rules-v1	86	3.3229166666666665	5.0	1.8	1.4	-0.5	0.2	12.296001714115521	11.58617084090239	0.12964222749310608	85	4.239583333333333	8.0	2.0	1.8	-0.8	0.1	12.648800202440885	14.377386886640908	0.10514326857286455	2024-25	5.0	8.0	3.3229166666666665	4.239583333333333	1.8	2.0	2024-10-30 19:44:59.999999+00:00
	2024-10-30	19:45	Ross County	Hibernian	0	0	D	0	0	D	G Irvine	13	12	2	2	10	13	4	2	1	1	0	0	3.4	3.4	2.1	3.3	3.4	2.1				3.54	3.38	2.12	3.6	3.4	2.1				3.63	3.52	2.15	3.46	3.4	2.1	1.95	1.9	1.97	1.88	1.99	1.98	1.92	1.86	0.25	2.0	1.85	2.04	1.84	2.05	1.9	2.0	1.8	4.2	3.4	1.9	3.9	3.3	1.95				4.34	3.47	1.93	4.2	3.4	1.95				4.34	3.5	1.96	4.08	3.4	1.92	2.1	1.73	2.11	1.79	2.21	1.81	2.07	1.74	0.5	1.93	1.93	1.96	1.94	1.98	1.98	1.89	1.92	scotland	SC0	3.5	3.4	2.0	3.47	3.52	2.09	3.45	3.5	2.2	1.96	1.9	2.02	1.95	4.0	3.3	1.85	4.29	3.48	1.94	4.5	3.65	1.97	2.14	1.86	2.03	1.96																																															2024-10-30 19:45:00+00:00	scotland:20241030T1945Z:ross-county:hibernian:516	scotland:ross-county	scotland:hibernian	sco.1:2024-25	sco.1:2024-25-rules-v1	86	4.239583333333333	5.0	1.4	2.0	-0.8	0.2	10.964022881485302	14.273243731127094	0.0980833997798447	85	3.3229166666666665	4.0	1.2	1.4	-0.6	0.1	12.830109892782904	11.042336281334403	0.10464292885904031	2024-25	5.0	4.0	4.239583333333333	3.3229166666666665	1.4	1.2	2024-10-30 19:44:59.999999+00:00
	2024-10-30	19:45	St Mirren	St Johnstone	3	1	H	1	1	D	S McLean	17	5	5	2	14	9	9	2	2	1	0	0	1.8	3.6	4.33	1.8	3.6	4.2				1.81	3.64	4.41	1.83	3.6	4.4				1.84	3.71	4.41	1.81	3.6	4.26	1.98	1.88	1.97	1.88	2.02	1.91	1.93	1.86	-0.5	1.83	2.03	1.83	2.05	1.85	2.11	1.81	2.0	1.95	3.4	3.9	1.98	3.3	3.75				1.99	3.38	4.25	2.0	3.4	3.9				2.01	3.49	4.25	1.97	3.36	3.93	2.1	1.73	2.12	1.78	2.21	1.79	2.08	1.74	-0.5	1.98	1.88	2.0	1.91	2.01	1.93	1.97	1.85	scotland	SC0	1.8	3.5	4.33	1.83	3.7	4.24	1.93	3.7	4.5	2.0	1.88	1.93	2.04	1.95	3.3	4.0	2.0	3.49	4.0	2.02	3.55	4.3	2.16	1.84	2.02	1.97																																															2024-10-30 19:45:00+00:00	scotland:20241030T1945Z:st-mirren:st-johnstone:517	scotland:st-mirren	scotland:st-johnstone	sco.1:2024-25	sco.1:2024-25-rules-v1	86	3.1979166666666665	3.0	0.8	2.0	-0.8	0.1	10.497863200307606	12.716913645078467	0.09104030016120249	86	4.239583333333333	7.0	1.6	2.4	-0.7	0.2	12.663754625138283	13.115864586178645	0.10363080843899766	2024-25	3.0	7.0	3.1979166666666665	4.239583333333333	0.8	1.6	2024-10-30 19:44:59.999999+00:00
	2024-10-30	20:00	Aberdeen	Rangers	2	1	H	1	0	H	J Beaton	19	17	6	3	6	20	4	6	5	3	0	0	3.3	3.5	2.1	3.4	3.6	2.0				3.39	3.53	2.12	3.4	3.6	2.1				3.45	3.65	2.16	3.33	3.54	2.1	1.8	2.0	1.75	2.1	1.8	2.13	1.74	2.06	0.25	2.03	1.83	2.03	1.85	2.06	1.85	1.99	1.81	3.9	3.5	1.91	3.6	3.5	1.93				3.99	3.71	1.94	3.8	3.6	1.95				4.16	3.71	2.0	3.81	3.59	1.93	1.85	2.0	1.87	2.03	1.89	2.06	1.83	1.97	0.5	1.93	1.93	1.95	1.95	1.99	2.0	1.89	1.93	scotland	SC0	3.25	3.5	2.1	3.32	3.65	2.1	3.4	3.75	2.22	1.81	2.12	2.03	1.93	3.9	3.6	1.9	4.16	3.6	1.93	4.1	3.85	2.0	1.9	2.08	1.99	2.0																																															2024-10-30 20:00:00+00:00	scotland:20241030T2000Z:aberdeen:rangers:518	scotland:aberdeen	scotland:rangers	sco.1:2024-25	sco.1:2024-25-rules-v1	85	4.145833333333333	13.0	2.0	1.2	1.0	0.3	11.196471741206853	14.133824964824896	0.18044981461533233	85	3.2083333333333335	12.0	1.2	0.4	0.8	0.5	17.0725971158514	10.352558966848463	0.0913172270177679	2024-25	13.0	12.0	4.145833333333333	3.2083333333333335	2.0	1.2	2024-10-30 19:59:59.999999+00:00
	2024-11-02	15:00	St Johnstone	Hearts	1	2	A	0	1	A	C Graham	13	13	5	2	13	12	6	9	2	4	0	0	3.8	3.6	1.9	3.7	3.6	1.9				3.74	3.73	1.93	3.9	3.6	1.95				4.1	3.78	1.98	3.76	3.63	1.92	1.83	2.03	1.84	2.02	1.87	2.03	1.81	1.97	0.5	1.93	1.93	1.92	1.95	1.96	1.98	1.89	1.92	3.9	3.5	1.91	3.6	3.5	1.95				3.78	3.83	1.96	3.8	3.5	2.0				3.9	3.83	2.07	3.7	3.57	1.97	1.85	2.0	1.88	2.01	1.97	2.01	1.87	1.92	0.5	1.93	1.93	1.93	1.97	1.97	2.01	1.87	1.95	scotland	SC0	3.8	3.5	1.95	3.75	3.7	1.94	3.85	3.6	1.98	1.86	2.02	1.9	1.98	3.7	3.6	1.95	3.89	3.59	2.0	4.0	3.85	2.02	1.93	2.06	1.96	2.02																																															2024-11-02 15:00:00+00:00	scotland:20241102T1500Z:st-johnstone:hearts:519	scotland:st-johnstone	scotland:hearts	sco.1:2024-25	sco.1:2024-25-rules-v1	87	2.8020833333333335	6.0	1.2	2.4	-0.8	0.2	11.270344693294959	13.822071025055255	0.12115247963190717	87	2.8020833333333335	5.0	1.8	1.4	-0.6	0.1	13.333092311549063	12.20686705164741	0.11617192350446053	2024-25	6.0	5.0	2.8020833333333335	2.8020833333333335	1.2	1.8	2024-11-02 14:59:59.999999+00:00
	2024-11-02	15:00	St Mirren	Ross County	0	0	D	0	0	D	D Robertson	11	7	3	3	13	8	6	5	2	1	0	0	1.91	3.25	4.2	1.85	3.4	4.2				1.85	3.45	4.46	1.91	3.4	4.33				1.92	3.55	4.5	1.87	3.43	4.26	2.1	1.73	2.12	1.74	2.23	1.77	2.1	1.71	-0.5	1.85	2.0	1.87	2.0	1.92	2.04	1.86	1.95	1.7	3.5	5.5	1.7	3.5	5.0				1.74	3.67	5.3	1.73	3.5	5.5				1.89	3.76	5.6	1.73	3.55	5.06	2.2	1.67	2.2	1.72	2.32	1.76	2.15	1.69	-0.75	1.93	1.93	1.98	1.93	2.12	1.97	1.95	1.87	scotland	SC0	1.91	3.3	4.2	1.87	3.55	4.27	1.88	3.45	4.7	2.16	1.74	1.88	2.07	1.73	3.5	5.0	1.73	3.57	5.6	1.75	3.8	5.9	2.26	1.76	1.99	2.0																																															2024-11-02 15:00:00+00:00	scotland:20241102T1500Z:st-mirren:ross-county:520	scotland:st-mirren	scotland:ross-county	sco.1:2024-25	sco.1:2024-25-rules-v1	87	2.8020833333333335	3.0	1.0	2.0	-0.9	0.0	11.680069891160766	11.313838436882381	0.10657307981103732	87	2.8020833333333335	5.0	0.8	1.4	-0.8	0.2	11.334200539397065	13.859926689103984	0.08025005436532748	2024-25	3.0	5.0	2.8020833333333335	2.8020833333333335	1.0	0.8	2024-11-02 14:59:59.999999+00:00
	2024-11-03	15:00	Dundee	Kilmarnock	3	2	H	1	2	A	D McFarlane	17	15	5	4	16	8	7	1	2	1	0	0	2.3	3.6	2.8	2.25	3.5	2.87				2.31	3.43	3.08	2.38	3.5	2.9				2.38	3.6	3.12	2.29	3.45	2.95	1.8	2.0	1.79	2.04	1.83	2.04	1.78	2.0	-0.25	2.03	1.83	2.0	1.85	2.09	1.87	1.98	1.82	2.75	3.4	2.5	2.65	3.3	2.55				2.89	3.37	2.56	2.7	3.3	2.62				2.89	3.55	2.65	2.72	3.36	2.54	2.0	1.85	1.99	1.89	2.1	1.93	1.94	1.85	0.0	2.03	1.83	2.08	1.84	2.08	1.9	2.0	1.86	scotland	SC0	2.3	3.4	2.88	2.3	3.55	2.98	2.34	3.0	2.94	1.74	2.0			2.63	3.1	2.5	2.7	3.5	2.63	2.78	3.5	2.78	2.02	1.94	2.02	1.96																																															2024-11-03 15:00:00+00:00	scotland:20241103T1500Z:dundee:kilmarnock:521	scotland:dundee	scotland:kilmarnock	sco.1:2024-25	sco.1:2024-25-rules-v1	48	3.8020833333333335	3.0	1.0	1.8	-0.4	0.1	9.64945005257963	16.61872626779912	0.09998353776410954	86	3.8020833333333335	10.0	2.0	1.6	-0.7	0.1	13.07629107472436	15.036043816342561	0.11026873489294978	2024-25	3.0	10.0	3.8020833333333335	3.8020833333333335	1.0	2.0	2024-11-03 14:59:59.999999+00:00
	2024-11-03	15:00	Hibernian	Dundee United	1	1	D	1	0	H	C Steven	15	8	3	2	10	12	13	2	0	2	1	0	1.91	3.5	4.0	1.88	3.6	3.75				1.94	3.58	3.87	2.0	3.5	3.75				2.02	3.68	4.2	1.93	3.55	3.8	1.88	1.98	1.87	1.97	1.9	1.99	1.85	1.93	-0.5	1.95	1.9	1.95	1.9	2.02	1.98	1.92	1.88	1.8	3.6	4.5	1.78	3.6	4.33				1.81	3.69	4.68	1.8	3.6	4.6				1.84	3.72	4.7	1.79	3.62	4.42	2.0	1.85	1.98	1.9	2.02	1.95	1.92	1.87	-0.75	2.03	1.78	2.07	1.85	2.11	1.85	2.03	1.79	scotland	SC0	1.95	3.5	3.8	1.95	3.68	3.73	2.0	3.55	3.75	1.81	1.9			1.73	3.5	4.33	1.83	3.72	4.5	1.88	3.75	4.8	2.02	1.94	2.12	1.86																																															2024-11-03 15:00:00+00:00	scotland:20241103T1500Z:hibernian:dundee-united:522	scotland:hibernian	scotland:dundee-united	sco.1:2024-25	sco.1:2024-25-rules-v1	86	3.8020833333333335	2.0	0.8	1.4	-0.6	0.2	12.67918082136783	11.398275139273602	0.08561694179376024	48	3.8020833333333335	7.0	1.6	1.6	0.2	0.3	11.386724730318	12.353553390664946	0.13531091099056936	2024-25	2.0	7.0	3.8020833333333335	3.8020833333333335	0.8	1.6	2024-11-03 14:59:59.999999+00:00
	2024-11-09	15:00	Dundee United	Ross County	3	0	H	0	0	D	J Beaton	15	9	4	0	11	10	5	3	1	1	0	0	1.7	3.6	5.0	1.71	3.6	4.75				1.69	3.76	5.02	1.73	3.7	5.0				1.75	3.85	5.2	1.71	3.7	4.83	1.98	1.88	1.95	1.9	2.0	1.9	1.92	1.86	-0.75	1.93	1.93	1.92	1.95	1.99	1.95	1.91	1.89	1.8	3.4	4.75	1.8	3.4	4.4				1.82	3.55	4.89	1.83	3.4	4.75				1.84	3.56	4.9	1.81	3.45	4.62	2.1	1.73	2.14	1.77	2.21	1.81	2.1	1.72	-0.75	2.05	1.8	2.09	1.81	2.13	1.85	2.06	1.78	scotland	SC0	1.73	3.6	4.75	1.71	3.85	4.83	1.75	3.75	5.2	1.96	1.92	2.0	1.97	1.75	3.4	4.75	1.84	3.48	4.86	1.85	3.6	5.3	2.22	1.8	2.14	1.85																																															2024-11-09 15:00:00+00:00	scotland:20241109T1500Z:dundee-united:ross-county:523	scotland:dundee-united	scotland:ross-county	sco.1:2024-25	sco.1:2024-25-rules-v1	49	6.0	7.0	1.2	1.2	0.2	0.3	10.77095659753291	12.834725501453136	0.13343619990137492	88	7.0	5.0	0.6	1.2	-0.8	0.3	10.546164077688507	13.339940018357805	0.06565913538981338	2024-25	7.0	5.0	6.0	7.0	1.2	0.6	2024-11-09 14:59:59.999999+00:00
	2024-11-09	15:00	Hibernian	St Mirren	1	2	A	0	2	A	I Snedden	12	15	2	5	11	13	5	5	2	2	0	0	1.85	3.4	4.5	1.82	3.6	4.1				1.83	3.56	4.39	1.85	3.6	4.33				1.88	3.7	4.5	1.84	3.54	4.27	2.03	1.83	1.99	1.86	2.07	1.89	1.97	1.82	-0.5	1.85	2.0	1.85	2.02	1.89	2.05	1.83	1.99	1.75	3.5	5.0	1.82	3.5	4.2				1.81	3.67	4.74	1.83	3.5	4.5				1.83	3.67	5.0	1.79	3.55	4.54	1.98	1.88	2.02	1.87	2.1	1.92	1.98	1.82	-0.75	2.03	1.83	2.07	1.85	2.11	1.86	2.02	1.81	scotland	SC0	1.8	3.5	4.33	1.83	3.7	4.24	1.87	3.55	4.9	2.04	1.86	1.87	2.07	1.75	3.5	4.6	1.81	3.57	4.93	1.86	3.65	5.1	2.06	1.92	2.12	1.86																																															2024-11-09 15:00:00+00:00	scotland:20241109T1500Z:hibernian:st-mirren:524	scotland:hibernian	scotland:st-mirren	sco.1:2024-25	sco.1:2024-25-rules-v1	87	6.0	3.0	1.0	1.4	-0.3	0.2	13.101147944755496	10.780406932132948	0.08217143722519776	88	7.0	4.0	0.8	1.6	-0.7	0.1	11.556420820040627	10.52950417563104	0.08719615620903053	2024-25	3.0	4.0	6.0	7.0	1.0	0.8	2024-11-09 14:59:59.999999+00:00
	2024-11-09	15:00	Motherwell	St Johnstone	2	1	H	2	0	H	R Hardie	15	12	4	4	14	10	3	3	1	0	0	0	1.85	3.7	3.9	1.87	3.5	3.9				1.9	3.69	3.93	1.91	3.6	4.0				1.93	3.75	4.2	1.89	3.62	3.91	1.9	1.95	1.89	1.96	1.94	1.98	1.88	1.9	-0.5	1.9	1.95	1.92	1.95	1.93	2.0	1.88	1.92	2.1	3.4	3.3	2.1	3.3	3.4				2.2	3.49	3.41	2.2	3.3	3.4				2.2	3.52	3.75	2.12	3.4	3.4	2.03	1.83	2.04	1.85	2.11	1.85	2.0	1.79	-0.25	1.88	1.98	1.91	2.0	1.93	2.05	1.85	1.98	scotland	SC0	1.85	3.5	4.0	1.91	3.68	3.88	1.93	3.75	4.0	1.84	1.96	1.93	1.96	2.0	3.3	3.75	2.18	3.52	3.42	2.2	3.55	3.65	2.06	1.89	1.91	2.07																																															2024-11-09 15:00:00+00:00	scotland:20241109T1500Z:motherwell:st-johnstone:525	scotland:motherwell	scotland:st-johnstone	sco.1:2024-25	sco.1:2024-25-rules-v1	86	9.802083333333334	9.0	1.2	1.4	0.0	0.1	10.5143645997654	15.553534707895427	0.12174700411032664	88	7.0	6.0	1.4	1.6	-1.2	0.1	11.584827476332238	13.672603565954299	0.11311077004848348	2024-25	9.0	6.0	9.802083333333334	7.0	1.2	1.4	2024-11-09 14:59:59.999999+00:00
	2024-11-09	17:30	Aberdeen	Dundee	4	1	H	0	0	D	D Dickinson	18	13	8	5	12	16	7	4	3	1	0	0	1.62	3.9	5.25	1.66	3.9	4.6				1.61	4.1	5.31	1.65	4.0	5.0				1.7	4.2	5.31	1.64	4.04	4.91	1.73	2.1	1.72	2.17	1.77	2.19	1.7	2.11	-0.75	1.8	2.05	1.78	2.1	1.87	2.12	1.79	2.02	1.85	3.5	4.2	1.82	3.6	4.1				1.92	3.6	4.25	1.85	3.6	4.33				1.96	3.78	4.61	1.86	3.64	4.07	1.93	1.93	1.94	1.94	2.0	1.97	1.89	1.89	-0.5	1.88	1.98	1.93	1.98	1.93	2.06	1.84	1.98	scotland	SC0	1.6	4.2	5.0	1.64	4.15	5.05	1.64	4.2	5.4	1.78	2.12	1.81	2.14	1.73	3.75	4.6	1.82	3.7	4.61	1.89	3.85	4.6	1.91	2.06	1.89	2.11																																															2024-11-09 17:30:00+00:00	scotland:20241109T1730Z:aberdeen:dundee:526	scotland:aberdeen	scotland:dundee	sco.1:2024-25	sco.1:2024-25-rules-v1	86	9.895833333333334	13.0	2.0	1.2	1.1	0.3	12.615295060987425	14.654947698493096	0.16677951339340585	49	6.104166666666667	6.0	1.4	1.8	-0.3	0.1	10.985913679383334	16.32441240092655	0.11389027421341583	2024-25	13.0	6.0	9.895833333333334	6.104166666666667	2.0	1.4	2024-11-09 17:29:59.999999+00:00
	2024-11-10	15:00	Kilmarnock	Celtic	0	2	A	0	1	A	N Walsh	18	10	6	6	14	10	6	4	3	3	0	0	8.5	5.25	1.3	8.25	5.25	1.32				8.94	5.69	1.3	9.5	5.5	1.33				9.5	5.7	1.33	8.6	5.44	1.3	1.5	2.63	1.5	2.59	1.52	2.63	1.48	2.54	1.5	1.98	1.88	1.98	1.88	1.99	1.95	1.93	1.87	10.0	5.75	1.25	10.5	5.75	1.26				11.21	6.19	1.26	11.0	5.5	1.29				11.3	6.4	1.29	10.41	5.93	1.26	1.53	2.5	1.54	2.57	1.56	2.75	1.5	2.54	1.75	1.88	1.98	1.88	2.01	1.92	2.02	1.85	1.97	scotland	SC0	9.0	5.5	1.25	8.7	5.55	1.32	3.95	6.0	1.32	1.5	2.68	1.97	1.88	11.0	6.0	1.22	11.3	6.25	1.27	14.0	6.8	1.27	1.52	2.84	1.94	2.01																																															2024-11-10 15:00:00+00:00	scotland:20241110T1500Z:kilmarnock:celtic:527	scotland:kilmarnock	scotland:celtic	sco.1:2024-25	sco.1:2024-25-rules-v1	87	7.0	9.0	1.8	1.6	-0.4	0.1	13.426056333865386	15.39312675882573	0.11446229824574679	86	10.802083333333334	13.0	3.0	0.6	2.6	0.8	21.930645148301448	6.797000217709732	0.1363840360308685	2024-25	9.0	13.0	7.0	10.802083333333334	1.8	3.0	2024-11-10 14:59:59.999999+00:00
	2024-11-10	17:00	Rangers	Hearts	1	0	H	1	0	H	M MacDermid	20	5	3	0	8	9	9	6	2	3	0	0	1.4	4.5	7.5	1.4	4.8	6.75				1.39	4.97	7.24	1.4	4.75	8.0				1.43	5.0	8.0	1.39	4.81	7.03	1.57	2.38	1.56	2.45	1.61	2.47	1.55	2.36	-1.25	1.88	1.98	1.86	2.0	1.96	2.0	1.86	1.94	1.38	4.75	7.5	1.37	5.0	7.25				1.38	5.29	8.37	1.36	5.0	8.5				1.41	5.6	9.0	1.36	5.05	7.77	1.53	2.5	1.56	2.56	1.56	2.63	1.52	2.49	-1.25	1.83	2.03	1.83	2.08	1.85	2.15	1.79	2.05	scotland	SC0	1.36	4.75	7.5	1.41	4.95	7.1	1.4	5.7	8.6	1.57	2.46	1.39	2.02	1.33	5.0	8.5	1.41	4.93	8.29	1.38	5.8	9.2	1.56	2.7	1.84	2.14																																															2024-11-10 17:00:00+00:00	scotland:20241110T1700Z:rangers:hearts:528	scotland:rangers	scotland:hearts	sco.1:2024-25	sco.1:2024-25-rules-v1	86	10.875	9.0	1.2	0.8	0.7	0.5	17.059397640242054	11.924820972876015	0.08540928199849458	88	8.083333333333334	7.0	2.0	1.4	-0.3	0.1	13.272530073085596	12.35107304225697	0.12302178356658658	2024-25	9.0	7.0	10.875	8.083333333333334	1.2	2.0	2024-11-10 16:59:59.999999+00:00
	2024-11-23	15:00	St Johnstone	Kilmarnock	1	0	H	0	0	D	I Snedden	10	12	4	1	11	10	4	14	2	1	0	1	2.9	3.4	2.35	2.87	3.4	2.3				2.97	3.46	2.36	3.0	3.4	2.38				3.05	3.55	2.38	2.94	3.41	2.33	1.98	1.88	1.96	1.89	2.02	1.92	1.92	1.86	0.25	1.83	2.03	1.83	2.06	1.87	2.06	1.81	1.99	3.6	3.4	2.05	3.5	3.4	2.05				3.66	3.55	2.08	3.3	3.4	2.2				3.66	3.56	2.34	3.37	3.46	2.12	2.03	1.83	2.0	1.89	2.06	1.97	1.91	1.88	0.25	2.05	1.75	2.11	1.8	2.14	1.96	1.99	1.82	scotland	SC0	3.0	3.3	2.25	2.98	3.44	2.35	3.05	3.4	2.32	1.96	1.84	1.9	1.99	3.3	3.4	2.1	3.32	3.54	2.13	3.65	3.65	2.18	1.98	2.0	2.12	1.88																																															2024-11-23 15:00:00+00:00	scotland:20241123T1500Z:st-johnstone:kilmarnock:529	scotland:st-johnstone	scotland:kilmarnock	sco.1:2024-25	sco.1:2024-25-rules-v1	89	14.0	6.0	1.6	1.6	-1.1	0.1	11.660313389726376	13.913948372144425	0.1076966906457289	88	13.0	6.0	1.2	1.6	-0.3	0.1	14.25768245498077	14.41255825722105	0.09365097129197464	2024-25	6.0	6.0	14.0	13.0	1.6	1.2	2024-11-23 14:59:59.999999+00:00
	2024-11-23	15:15	Ross County	Motherwell	2	1	H	0	0	D	C Graham	16	8	4	3	18	13	12	3	1	1	0	0	2.88	3.1	2.63	2.7	3.2	2.55				2.83	3.1	2.68	2.8	3.25	2.6				2.88	3.3	2.72	2.78	3.17	2.6	2.2	1.67	2.15	1.72	2.2	1.77	2.11	1.7	0.0	2.0	1.85	1.99	1.88	2.04	1.89	1.99	1.84	2.7	3.0	2.9	2.55	3.0	2.85				2.74	3.04	2.95	2.62	3.1	2.9				2.88	3.1	2.95	2.64	3.0	2.88	2.3	1.62	2.41	1.62	2.48	1.62	2.34	1.58	0.0	1.85	2.0	1.88	2.03	1.88	2.13	1.84	2.02	scotland	SC0	2.75	3.2	2.6	2.77	3.3	2.56	2.82	3.2	2.64	2.06	1.75	1.94	1.85	2.63	2.88	2.88	2.73	3.04	2.94	2.76	3.05	3.05	2.46	1.66	1.88	2.09																																															2024-11-23 15:15:00+00:00	scotland:20241123T1515Z:ross-county:motherwell:530	scotland:ross-county	scotland:motherwell	sco.1:2024-25	sco.1:2024-25-rules-v1	89	14.010416666666666	5.0	0.4	1.4	-0.5	0.3	10.265043336290596	13.64176910592911	0.053721110773483675	87	14.010416666666666	9.0	1.2	1.4	0.1	0.0	11.329934672535327	14.907437488278076	0.12385360942360059	2024-25	5.0	9.0	14.010416666666666	14.010416666666666	0.4	1.2	2024-11-23 15:14:59.999999+00:00
	2024-11-23	15:45	Rangers	Dundee United	1	1	D	0	1	A	D Robertson	29	5	9	1	5	13	9	1	1	3	0	0	1.25	5.5	12.0	1.25	6.0	10.0				1.25	6.05	10.41	1.25	6.0	12.0				1.27	6.4	12.0	1.24	5.94	10.79	1.5	2.5	1.5	2.59	1.53	2.64	1.5	2.5	-1.75	1.93	1.93	1.94	1.91	1.99	1.96	1.92	1.88	1.22	5.75	12.0	1.24	6.25	10.5				1.23	6.63	12.88	1.25	6.0	12.0				1.25	6.7	14.0	1.22	6.33	11.99	1.48	2.6	1.52	2.61	1.52	2.7	1.48	2.59	-1.75	1.88	1.98	1.9	1.99	1.95	2.03	1.86	1.95	scotland	SC0	1.22	6.0	12.0	1.26	6.1	11.0	1.27	6.6	13.5	1.52	2.56	1.85	1.85	1.2	6.5	13.0	1.24	6.35	11.5	1.25	7.4	14.0	1.53	2.84	1.95	2.03																																															2024-11-23 15:45:00+00:00	scotland:20241123T1545Z:rangers:dundee-united:531	scotland:rangers	scotland:dundee-united	sco.1:2024-25	sco.1:2024-25-rules-v1	87	12.947916666666666	9.0	1.2	0.8	0.8	0.5	17.594052614743497	10.665762614171285	0.07897123072604102	50	14.03125	7.0	1.6	1.2	0.5	0.4	11.539873579799654	12.13750268300711	0.14553870901021584	2024-25	9.0	7.0	12.947916666666666	14.03125	1.2	1.6	2024-11-23 15:44:59.999999+00:00
	2024-11-23	16:00	St Mirren	Aberdeen	2	1	H	1	0	H	K Beaton	16	15	6	4	11	12	7	3	3	5	0	0	3.1	3.4	2.25	2.95	3.4	2.3				3.16	3.32	2.31	3.1	3.3	2.38				3.21	3.45	2.38	3.07	3.35	2.29	2.03	1.83	2.0	1.85	2.09	1.85	1.98	1.81	0.25	1.88	1.98	1.87	2.0	1.95	2.0	1.85	1.95	2.7	3.4	2.55	2.6	3.3	2.55				2.76	3.5	2.59	2.62	3.3	2.7				2.76	3.5	2.7	2.66	3.36	2.56	2.03	1.83	2.01	1.88	2.09	1.88	1.96	1.81	0.0	1.98	1.88	2.02	1.89	2.02	1.94	1.97	1.89	scotland	SC0	2.9	3.3	2.3	3.12	3.42	2.28	3.15	3.3	2.32	2.02	1.86	1.89	1.99	2.6	3.3	2.4	2.7	3.42	2.55	2.82	3.65	2.64	2.08	1.9	2.05	1.93																																															2024-11-23 16:00:00+00:00	scotland:20241123T1600Z:st-mirren:aberdeen:532	scotland:st-mirren	scotland:aberdeen	sco.1:2024-25	sco.1:2024-25-rules-v1	89	14.041666666666666	7.0	1.2	1.6	-0.3	0.1	12.182526125487787	10.796867052789032	0.09558473386799467	87	13.9375	13.0	2.4	1.2	1.3	0.3	13.594332322626075	14.354048116948896	0.1768600059077361	2024-25	7.0	13.0	14.041666666666666	13.9375	1.2	2.4	2024-11-23 15:59:59.999999+00:00
	2024-11-23	17:45	Dundee	Hibernian	4	1	H	3	1	H	N Walsh	17	12	6	1	6	14	8	2	3	1	0	1	2.75	3.3	2.5	2.7	3.4	2.4				2.9	3.36	2.45	2.8	3.5	2.45				2.92	3.54	2.51	2.8	3.4	2.44	1.8	2.0	1.81	2.02	1.88	2.05	1.8	1.98	0.0	2.05	1.8	2.11	1.78	2.11	1.87	2.05	1.79	2.88	3.3	2.45	2.65	3.3	2.55				2.94	3.34	2.54	2.7	3.4	2.62				3.0	3.41	2.63	2.8	3.31	2.5	1.93	1.93	1.93	1.95	1.97	1.98	1.89	1.89	0.0	2.1	1.78	2.11	1.82	2.14	1.87	2.05	1.81	scotland	SC0	2.8	3.3	2.4	2.82	3.54	2.41	2.82	3.45	2.44	1.82	2.02	2.06	1.79	2.63	3.3	2.63	2.94	3.37	2.5	2.86	3.4	2.7	1.96	2.02	2.02	1.95																																															2024-11-23 17:45:00+00:00	scotland:20241123T1745Z:dundee:hibernian:533	scotland:dundee	scotland:hibernian	sco.1:2024-25	sco.1:2024-25-rules-v1	50	14.010416666666666	6.0	1.2	2.0	-0.8	0.1	11.352111192222727	16.62906469166718	0.10716896561517238	88	14.114583333333334	3.0	1.0	1.4	-0.2	0.2	12.900939227527223	11.547605671745139	0.0823826910630406	2024-25	6.0	3.0	14.010416666666666	14.114583333333334	1.2	1.0	2024-11-23 17:44:59.999999+00:00
	2024-11-23	19:45	Hearts	Celtic	1	4	A	0	0	D	S McLean	9	13	4	9	7	8	1	6	1	1	0	0	7.5	4.75	1.38	6.75	5.0	1.39				6.89	5.13	1.39	8.0	4.8	1.4				8.0	5.3	1.41	7.12	5.0	1.39	1.53	2.5	1.53	2.56	1.55	2.6	1.52	2.46	1.25	2.03	1.83	2.01	1.87	2.08	1.89	1.97	1.83	6.5	4.5	1.41	6.0	4.75	1.44				6.48	5.01	1.46	6.5	4.8	1.44				7.01	5.1	1.48	6.37	4.77	1.44	1.53	2.5	1.57	2.52	1.6	2.63	1.54	2.44	1.25	1.88	1.98	1.9	2.0	1.94	2.02	1.87	1.95	scotland	SC0	7.5	5.0	1.33	7.2	5.05	1.4	8.2	5.7	1.41	1.54	2.66	2.04	1.82	6.0	4.75	1.44	6.98	4.64	1.48	6.8	5.1	1.51	1.57	2.68	1.9	2.07																																															2024-11-23 19:45:00+00:00	scotland:20241123T1945Z:hearts:celtic:534	scotland:hearts	scotland:celtic	sco.1:2024-25	sco.1:2024-25-rules-v1	89	13.114583333333334	7.0	1.6	1.0	-0.2	0.1	11.76843369616094	13.741787034573886	0.10065418655447993	87	13.197916666666666	13.0	2.2	0.6	2.4	0.8	19.761436939519363	8.833909269035235	0.14795057493434693	2024-25	7.0	13.0	13.114583333333334	13.197916666666666	1.6	2.2	2024-11-23 19:44:59.999999+00:00
	2024-11-26	19:45	Hibernian	Aberdeen	3	3	D	1	0	H	C Scott	21	15	4	6	14	10	9	6	3	1	0	0	2.7	3.1	2.75	2.7	3.2	2.55				2.74	3.27	2.76	2.75	3.25	2.62				2.92	3.36	2.76	2.69	3.22	2.65	2.1	1.73	2.1	1.79	2.14	1.8	2.05	1.75	0.0	1.93	1.93	1.94	1.96	1.97	1.98	1.93	1.92	2.5	3.2	2.88	2.45	3.25	2.8				2.55	3.46	2.84	2.5	3.3	2.88				2.78	3.46	2.9	2.52	3.3	2.79	1.95	1.9	1.96	1.93	2.0	2.0	1.92	1.85	0.0	1.8	2.05	1.85	2.06	1.85	2.11	1.82	2.04	scotland	SC0	2.8	3.25	2.6	2.65	3.36	2.63	2.84	3.45	2.76	2.12	1.86	2.02	1.96	2.4	3.25	2.7	2.64	3.28	2.85	2.6	3.5	2.98	1.99	1.98	1.87	2.14																																															2024-11-26 19:45:00+00:00	scotland:20241126T1945Z:hibernian:aberdeen:535	scotland:hibernian	scotland:aberdeen	sco.1:2024-25	sco.1:2024-25-rules-v1	89	3.0833333333333335	3.0	0.8	1.6	-0.5	0.2	12.737132095249546	12.538950095064205	0.08255553511218472	88	3.15625	10.0	2.0	1.2	1.0	0.3	13.849908263966789	14.653312095685461	0.15682485331845072	2024-25	3.0	10.0	3.0833333333333335	3.15625	0.8	2.0	2024-11-26 19:44:59.999999+00:00
	2024-11-30	15:00	Celtic	Ross County	5	0	H	5	0	H	C Scott	25	2	9	1	11	6	19	0	0	1	0	0	1.1	9.0	23.0	1.09	11.0	23.0				1.09	11.43	20.44	1.1	9.5	26.0				1.11	13.0	29.0	1.09	10.53	22.68	1.3	3.5	1.28	3.65	1.3	3.8	1.27	3.52	-2.75	2.0	1.85	2.02	1.83	2.04	1.88	1.99	1.81	1.06	11.0	29.0	1.07	13.0	29.0				1.06	14.98	32.62	1.07	11.0	34.0				1.09	15.08	36.0	1.06	12.3	30.2	1.25	4.0	1.25	3.9	1.28	4.6	1.24	3.84	-2.75	1.78	2.03	1.81	2.04	1.87	2.14	1.79	2.02	scotland	SC0	1.07	13.0	23.0	1.1	10.2	24.0	1.1	14.0	30.0	1.27	3.7	1.91	1.8	1.06	13.0	34.0	1.06	11.0	29.0	1.08	17.5	55.0	1.29	4.3	1.84	2.09																																															2024-11-30 15:00:00+00:00	scotland:20241130T1500Z:celtic:ross-county:536	scotland:celtic	scotland:ross-county	sco.1:2024-25	sco.1:2024-25-rules-v1	88	6.802083333333333	13.0	2.6	0.6	2.5	0.7	18.532084768697658	8.8641075837561	0.17699452634488527	90	6.989583333333333	8.0	0.8	1.0	-0.3	0.3	11.307762729692303	12.61599290485109	0.06668090881466845	2024-25	13.0	8.0	6.802083333333333	6.989583333333333	2.6	0.8	2024-11-30 14:59:59.999999+00:00
	2024-11-30	15:00	Dundee United	St Mirren	2	0	H	0	0	D	M MacDermid	15	10	6	1	5	12	4	8	2	2	0	1	2.15	3.4	3.25	2.15	3.25	3.4				2.2	3.33	3.39	2.2	3.3	3.4				2.23	3.42	3.45	2.17	3.34	3.32	2.0	1.8	2.06	1.81	2.11	1.81	2.02	1.76	-0.25	1.88	1.98	1.9	1.97	1.92	2.0	1.86	1.93	2.3	3.4	3.0	2.25	3.2	3.1				2.36	3.35	3.21	2.38	3.25	3.2				2.38	3.49	3.3	2.29	3.3	3.13	2.1	1.73	2.11	1.79	2.21	1.81	2.06	1.75	-0.25	2.03	1.83	2.03	1.88	2.06	1.92	1.96	1.86	scotland	SC0	2.1	3.3	3.3	2.17	3.42	3.34	2.26	3.35	3.45	2.06	1.8	1.96	1.98	2.3	3.25	3.1	2.36	3.49	3.08	2.42	3.4	3.35	2.16	1.83	2.07	1.91																																															2024-11-30 15:00:00+00:00	scotland:20241130T1500Z:dundee-united:st-mirren:537	scotland:dundee-united	scotland:st-mirren	sco.1:2024-25	sco.1:2024-25-rules-v1	51	6.96875	5.0	1.2	1.0	0.3	0.3	10.350805656199714	15.203411286096724	0.15544076191744932	90	6.958333333333333	10.0	1.6	1.0	-0.2	0.1	12.876612284490008	11.561073043191026	0.1009329640738138	2024-25	5.0	10.0	6.96875	6.958333333333333	1.2	1.6	2024-11-30 14:59:59.999999+00:00
	2024-11-30	15:00	Kilmarnock	Dundee	1	1	D	0	0	D	R Hardie	20	10	5	4	9	11	6	3	2	2	0	0	2.1	3.25	3.6	2.0	3.5	3.4				2.06	3.51	3.57	2.1	3.5	3.5				2.15	3.68	3.6	2.07	3.49	3.45	1.93	1.93	1.91	1.94	1.94	1.97	1.88	1.9	-0.5	2.05	1.75	2.08	1.81	2.11	1.83	2.06	1.76	1.95	3.4	3.8	1.95	3.5	3.6				2.07	3.54	3.72	2.05	3.5	3.6				2.1	3.78	4.07	2.01	3.53	3.6	1.85	2.0	1.9	1.98	1.9	2.05	1.83	1.97	-0.5	2.03	1.83	2.08	1.84	2.08	1.88	2.0	1.82	scotland	SC0	2.1	3.4	3.4	2.04	3.58	3.55	2.12	3.55	3.75	1.95	2.02	2.12	1.83	2.0	3.4	3.6	2.02	3.51	3.92	2.12	3.6	3.9	1.9	2.08	2.12	1.87																																															2024-11-30 15:00:00+00:00	scotland:20241130T1500Z:kilmarnock:dundee:538	scotland:kilmarnock	scotland:dundee	sco.1:2024-25	sco.1:2024-25-rules-v1	89	7.0	3.0	1.0	1.8	-0.2	0.1	13.847194735893357	13.610274937726313	0.07662352196616107	51	6.885416666666667	6.0	1.8	2.2	-0.5	0.1	12.37900006636405	15.787416565909508	0.1304644478027881	2024-25	3.0	6.0	7.0	6.885416666666667	1.0	1.8	2024-11-30 14:59:59.999999+00:00
	2024-11-30	15:00	Motherwell	Hibernian	0	3	A	0	2	A	G Irvine	7	17	3	8	10	14	3	4	0	0	0	0	2.8	3.3	2.45	2.7	3.4	2.45				2.87	3.4	2.46	2.8	3.4	2.5				2.91	3.52	2.5	2.8	3.41	2.44	1.9	1.95	1.87	1.99	1.94	1.99	1.86	1.92	0.0	2.05	1.8	2.1	1.79	2.1	1.84	2.05	1.79	2.8	3.25	2.5	2.75	3.3	2.45				2.93	3.39	2.52	2.88	3.3	2.5				2.97	3.45	2.61	2.83	3.33	2.47	1.93	1.93	1.97	1.92	1.97	1.97	1.91	1.88	0.25	1.7	2.1	1.76	2.16	1.81	2.18	1.74	2.11	scotland	SC0	2.75	3.4	2.45	2.82	3.52	2.42	2.92	3.55	2.58	1.89	1.96	2.1	1.88	2.75	3.3	2.5	2.88	3.34	2.57	2.94	3.55	2.6	1.97	2.0	1.78	2.25																																															2024-11-30 15:00:00+00:00	scotland:20241130T1500Z:motherwell:hibernian:539	scotland:motherwell	scotland:hibernian	sco.1:2024-25	sco.1:2024-25-rules-v1	88	6.989583333333333	6.0	1.0	1.6	0.1	0.0	10.72449200480163	15.106085217682061	0.12406204407385502	90	3.8020833333333335	3.0	1.2	2.0	-0.5	0.2	14.239471714295082	12.986413714143438	0.09351946379308619	2024-25	6.0	3.0	6.989583333333333	3.8020833333333335	1.0	1.2	2024-11-30 14:59:59.999999+00:00
	2024-12-01	12:00	St Johnstone	Rangers	0	1	A	0	0	D	S McLean	4	17	1	10	9	14	3	5	2	2	0	0	6.0	6.0	1.36	7.75	5.25	1.34				7.8	5.22	1.36	9.0	5.0	1.35				9.0	6.0	1.38	7.66	5.16	1.35	1.53	2.5	1.58	2.41	1.58	2.55	1.54	2.41	1.5	1.85	2.0	1.84	2.02	1.91	2.05	1.83	1.98	7.0	6.25	1.3	8.75	5.5	1.3				9.83	5.84	1.31	9.5	6.0	1.29				10.0	6.66	1.39	8.79	5.68	1.3	1.5	2.63	1.55	2.57	1.55	2.63	1.51	2.51	1.5	1.98	1.88	2.01	1.9	2.02	2.08	1.94	1.88	scotland	SC0	8.5	5.5	1.3	8.0	5.2	1.36	8.6	5.5	1.37	1.56	2.44			9.5	5.5	1.29	7.45	6.66	1.33	11.0	6.6	1.31	1.56	2.7	2.07	1.89																																															2024-12-01 12:00:00+00:00	scotland:20241201T1200Z:st-johnstone:rangers:540	scotland:st-johnstone	scotland:rangers	sco.1:2024-25	sco.1:2024-25-rules-v1	90	7.875	6.0	1.2	1.6	-0.9	0.2	11.358438227957944	13.565957759027256	0.10629729234650546	88	7.84375	7.0	1.0	1.0	0.7	0.5	19.66786123024468	9.635623957049233	0.07088241761597713	2024-25	6.0	7.0	7.875	7.84375	1.2	1.0	2024-12-01 11:59:59.999999+00:00
	2024-12-01	15:00	Hearts	Aberdeen	1	1	D	0	1	A	K Clancy	16	8	2	3	9	17	9	6	1	5	0	0	2.4	3.3	2.9	2.3	3.4	2.85				2.42	3.47	2.87	2.4	3.5	2.88				2.42	3.56	2.9	2.37	3.42	2.84	1.8	2.0	1.78	2.06	1.81	2.11	1.77	2.02	-0.25	2.1	1.78	2.1	1.78	2.12	1.85	2.04	1.77	1.85	3.6	4.1	1.85	3.6	3.9				1.86	3.79	4.24	1.91	3.6	4.0				2.11	3.79	4.35	1.87	3.61	4.02	1.85	2.0	1.87	2.02	1.89	2.1	1.81	1.99	-0.5	1.85	2.0	1.88	2.04	1.88	2.06	1.85	1.97	scotland	SC0	2.3	3.4	2.88	2.4	3.56	2.83	2.38	3.5	2.74	1.68	1.92			1.8	3.5	3.9	1.93	3.69	4.06	1.94	3.9	4.3	1.87	2.12	1.93	2.06																																															2024-12-01 15:00:00+00:00	scotland:20241201T1500Z:hearts:aberdeen:541	scotland:hearts	scotland:aberdeen	sco.1:2024-25	sco.1:2024-25-rules-v1	90	7.802083333333333	4.0	1.0	1.8	-0.4	0.1	11.26508211504077	13.60691666465136	0.1025554455647765	89	4.802083333333333	10.0	2.2	1.4	0.8	0.2	14.059015852336461	15.807255351015376	0.16467487998782332	2024-25	4.0	10.0	7.802083333333333	4.802083333333333	1.0	2.2	2024-12-01 14:59:59.999999+00:00
	2024-12-04	19:45	Dundee	Motherwell	4	1	H	1	1	D	J Beaton	9	24	4	6	12	15	4	10	2	2	0	0	2.0	3.4	3.8	2.0	3.5	3.4				2.04	3.49	3.65	2.1	3.5	3.5				2.1	3.79	3.8	2.06	3.54	3.44	1.83	2.03	1.83	2.04	1.83	2.05	1.79	2.0	-0.25	1.73	2.08	1.76	2.1	1.83	2.12	1.77	2.03	2.0	3.5	3.7	1.98	3.5	3.6				2.04	3.61	3.73	2.05	3.5	3.6				2.12	3.66	3.8	2.05	3.5	3.51	1.83	2.03	1.85	2.04	1.89	2.05	1.82	1.97	-0.5	2.03	1.83	2.05	1.86	2.09	1.86	2.01	1.81	scotland	SC0	2.1	3.4	3.4	2.02	3.66	3.53	2.1	3.6	3.85	1.82	2.02	1.82	2.17	1.95	3.4	3.5	2.1	3.48	3.68	2.1	3.75	3.85	1.88	2.1	2.1	1.89																																															2024-12-04 19:45:00+00:00	scotland:20241204T1945Z:dundee:motherwell:542	scotland:dundee	scotland:motherwell	sco.1:2024-25	sco.1:2024-25-rules-v1	52	4.197916666666667	7.0	1.8	2.0	-0.5	0.1	11.946454599752403	16.553340826653233	0.12492545729319025	89	4.197916666666667	6.0	1.0	2.0	-0.4	0.0	10.047311640292243	15.450433359921686	0.10150530878769955	2024-25	7.0	6.0	4.197916666666667	4.197916666666667	1.8	1.0	2024-12-04 19:44:59.999999+00:00
	2024-12-04	19:45	Rangers	Kilmarnock	6	0	H	1	0	H	N Walsh	28	1	11	0	6	8	7	4	0	2	0	0	1.3	5.5	10.0	1.3	5.5	9.0				1.29	5.67	9.55	1.3	5.5	10.0				1.33	6.0	11.0	1.3	5.52	9.29	1.57	2.38	1.56	2.49	1.57	2.6	1.52	2.45	-1.5	1.88	1.98	1.87	2.0	1.92	2.02	1.85	1.96	1.22	6.0	13.0	1.23	6.25	11.5				1.22	6.6	14.16	1.22	6.0	15.0				1.25	6.8	15.0	1.22	6.27	12.93	1.57	2.38	1.57	2.49	1.6	2.5	1.55	2.43	-1.75	1.9	1.95	1.92	1.97	1.94	2.0	1.87	1.94	scotland	SC0	1.25	5.5	11.0	1.29	5.75	9.7	1.31	6.0	12.0	1.57	2.56	1.8	1.98	1.15	6.5	14.0	1.25	6.28	13.6	1.23	7.4	18.5	1.59	2.64	1.92	2.02																																															2024-12-04 19:45:00+00:00	scotland:20241204T1945Z:rangers:kilmarnock:543	scotland:rangers	scotland:kilmarnock	sco.1:2024-25	sco.1:2024-25-rules-v1	89	3.3229166666666665	10.0	1.2	0.8	0.2	0.5	19.182795552018373	8.610965055767554	0.0686898924879385	90	4.197916666666667	4.0	1.0	1.6	-0.2	0.1	14.965886602094564	12.953861312685165	0.07178288160867724	2024-25	10.0	4.0	3.3229166666666665	4.197916666666667	1.2	1.0	2024-12-04 19:44:59.999999+00:00
	2024-12-04	20:00	Aberdeen	Celtic	0	1	A	0	0	D	D Robertson	8	15	4	4	12	11	2	10	3	1	0	0	8.0	4.75	1.4	7.0	5.0	1.38				7.8	5.28	1.35	8.5	5.0	1.36				8.5	5.5	1.41	7.54	5.06	1.37	1.53	2.5	1.54	2.54	1.55	2.63	1.52	2.46	1.25	2.03	1.83	2.08	1.79	2.08	1.87	2.0	1.81	11.0	5.75	1.25	10.0	6.25	1.25				11.55	6.51	1.24	10.0	5.8	1.29				11.55	6.6	1.33	10.33	5.98	1.26	1.4	3.0	1.4	3.06	1.48	3.15	1.39	2.93	1.75	1.98	1.88	2.01	1.88	2.04	2.0	1.93	1.89	scotland	SC0	8.0	5.5	1.3	7.3	5.1	1.39	8.8	5.9	1.38	1.55	2.56	2.09	1.78	9.5	5.5	1.29	10.8	5.84	1.3	12.0	7.0	1.28	1.42	3.25	2.05	1.93																																															2024-12-04 20:00:00+00:00	scotland:20241204T2000Z:aberdeen:celtic:544	scotland:aberdeen	scotland:celtic	sco.1:2024-25	sco.1:2024-25-rules-v1	90	3.2083333333333335	8.0	2.2	1.6	0.7	0.1	12.957376606457105	15.842299832648944	0.15746126544458272	89	4.208333333333333	15.0	3.2	0.2	2.7	0.7	19.708069356207172	7.616088023073172	0.1811773397367243	2024-25	8.0	15.0	3.2083333333333335	4.208333333333333	2.2	3.2	2024-12-04 19:59:59.999999+00:00
	2024-12-07	15:00	Aberdeen	St Johnstone	1	1	D	0	1	A	R Hardie	7	6	2	3	10	19	6	1	5	4	0	0	1.53	4.2	6.0	1.53	4.1	5.75				1.53	4.22	6.09	1.57	4.0	6.0				1.57	4.33	6.3	1.53	4.15	5.93	1.83	2.03	1.84	2.02	1.87	2.06	1.81	1.98	-1.0	1.9	1.95	1.92	1.95	1.96	1.98	1.9	1.91	1.62	4.1	5.25	1.6	4.0	5.0				1.64	4.14	5.43	1.62	4.0	5.5				1.64	4.2	5.75	1.6	4.08	5.28	1.8	2.0	1.81	2.09	1.89	2.16	1.76	2.05	-1.0	2.05	1.8	2.11	1.8	2.12	1.83	2.03	1.8	scotland	SC0	1.5	4.0	6.0				1.56	4.3	7.0	1.84	2.06	1.92	1.91	1.55	3.9	5.0	1.64	4.17	5.34	1.65	4.3	6.0	1.8	2.2	2.11	1.86																																															2024-12-07 15:00:00+00:00	scotland:20241207T1500Z:aberdeen:st-johnstone:545	scotland:aberdeen	scotland:st-johnstone	sco.1:2024-25	sco.1:2024-25-rules-v1	91	2.7916666666666665	5.0	1.8	1.6	0.5	0.1	12.056035405283085	15.689154408530953	0.1288319444546586	91	6.125	3.0	0.8	1.6	-0.8	0.2	10.020540368329225	14.190329075567753	0.0869705119198681	2024-25	5.0	3.0	2.7916666666666665	6.125	1.8	0.8	2024-12-07 14:59:59.999999+00:00
	2024-12-07	15:00	Celtic	Hibernian	3	0	H	1	0	H	C Graham	21	14	11	9	8	7	14	7	1	2	0	0	1.17	8.0	13.0	1.17	7.75	13.5				1.15	8.21	15.08	1.17	7.5	17.0				1.17	8.8	17.5	1.15	7.82	14.78	1.36	3.2	1.36	3.16	1.37	3.2	1.35	3.09	-2.25	2.03	1.83	2.04	1.82	2.09	1.85	2.02	1.79	1.18	7.5	13.0	1.18	7.5	13.0				1.16	8.13	17.37	1.18	7.0	17.0				1.21	8.5	17.37	1.17	7.55	14.8	1.4	3.0	1.4	3.05	1.41	3.4	1.37	3.01	-2.0	1.85	2.0	1.87	2.02	1.94	2.12	1.84	1.99	scotland	SC0	1.13	8.5	17.0				1.17	9.4	20.0	1.38	3.05	2.14	1.8	1.13	7.5	14.0	1.21	7.76	13.0	1.19	8.6	22.0	1.43	3.25	1.91	2.05																																															2024-12-07 15:00:00+00:00	scotland:20241207T1500Z:celtic:hibernian:546	scotland:celtic	scotland:hibernian	sco.1:2024-25	sco.1:2024-25-rules-v1	90	2.7916666666666665	15.0	2.8	0.2	2.5	0.7	18.852056745987685	7.685890200696232	0.1603572173603502	91	7.0	5.0	1.8	2.0	-0.4	0.2	14.741385948059612	11.89797485702645	0.10860148641894217	2024-25	15.0	5.0	2.7916666666666665	7.0	2.8	1.8	2024-12-07 14:59:59.999999+00:00
	2024-12-07	15:00	Dundee United	Kilmarnock	1	1	D	0	0	D	S McLean	22	14	7	7	14	7	9	1	3	1	0	0	2.15	3.6	3.1	2.2	3.3	3.1				2.19	3.34	3.4	2.25	3.4	3.25				2.25	3.6	3.47	2.18	3.39	3.24	2.03	1.83	2.0	1.85	2.08	1.87	1.98	1.81	-0.25	1.9	1.95	1.89	1.98	1.94	2.0	1.88	1.93	1.95	3.5	4.0	1.95	3.3	3.8				1.97	3.49	4.15	2.05	3.4	3.75				2.2	3.55	4.15	1.99	3.42	3.79	2.1	1.73	2.12	1.78	2.21	1.83	2.06	1.75	-0.5	1.95	1.9	1.98	1.93	2.02	1.94	1.97	1.85	scotland	SC0	2.15	3.4	3.2				2.24	3.45	3.45	2.08	1.79	1.94	2.0	1.95	3.2	3.6	1.98	3.54	4.05	2.04	3.6	4.2	2.18	1.81	2.05	1.94																																															2024-12-07 15:00:00+00:00	scotland:20241207T1500Z:dundee-united:kilmarnock:547	scotland:dundee-united	scotland:kilmarnock	sco.1:2024-25	sco.1:2024-25-rules-v1	52	7.0	8.0	1.6	0.8	0.4	0.3	11.196113718708858	14.25733650680641	0.15142122944761002	91	2.8020833333333335	1.0	0.6	2.6	-0.8	0.1	12.426634492622824	15.689522892196951	0.05873144858891774	2024-25	8.0	1.0	7.0	2.8020833333333335	1.6	0.6	2024-12-07 14:59:59.999999+00:00
	2024-12-07	15:00	Hearts	Dundee	2	0	H	2	0	H	C Steven	19	6	8	0	11	13	6	4	2	3	0	0	1.75	3.8	4.33	1.8	3.8	3.9				1.79	3.92	4.14	1.83	3.7	4.2				1.86	4.1	4.7	1.79	3.82	4.08	1.73	2.1	1.71	2.15	1.79	2.21	1.72	2.09	-0.75	2.03	1.83	2.04	1.83	2.09	1.85	2.01	1.8	1.62	4.0	5.0	1.62	4.0	4.8				1.66	4.17	5.17	1.62	4.0	5.5				1.83	4.2	5.6	1.63	4.05	5.01	1.67	2.2	1.7	2.24	1.8	2.27	1.69	2.15	-1.0	2.05	1.8	2.09	1.82	2.12	1.85	2.05	1.78	scotland	SC0	1.83	3.6	4.2				1.91	3.85	4.3	1.76	2.12	2.14	1.81	1.57	3.8	5.0	1.66	4.11	5.21	1.72	4.1	5.5	1.75	2.28	2.18	1.81																																															2024-12-07 15:00:00+00:00	scotland:20241207T1500Z:hearts:dundee:548	scotland:hearts	scotland:dundee	sco.1:2024-25	sco.1:2024-25-rules-v1	91	6.0	4.0	1.0	1.8	-0.2	0.1	12.125976275942445	12.587477271078384	0.09527263728027167	53	2.8020833333333335	10.0	2.6	1.8	0.0	0.1	11.410735581615603	17.907278858170827	0.18301981859341826	2024-25	4.0	10.0	6.0	2.8020833333333335	1.0	2.6	2024-12-07 14:59:59.999999+00:00
	2024-12-07	15:00	St Mirren	Motherwell	0	1	A	0	0	D	D McFarlane	11	9	6	4	16	15	7	2	3	3	1	0	2.05	3.4	3.6	2.0	3.4	3.5				2.13	3.36	3.52	2.15	3.4	3.5				2.18	3.45	3.7	2.09	3.35	3.48	2.0	1.85	2.0	1.86	2.0	1.9	1.95	1.83	-0.25	1.83	2.03	1.85	2.03	1.85	2.07	1.8	2.01	1.83	3.5	4.5	1.88	3.3	4.1				1.88	3.54	4.54	1.91	3.4	4.33				2.15	3.56	4.57	1.89	3.43	4.25	2.1	1.73	2.16	1.76	2.21	1.8	2.1	1.73	-0.5	1.85	2.0	1.88	2.02	1.93	2.06	1.86	1.95	scotland	SC0	2.05	3.3	3.5				2.16	3.45	3.7	2.0	1.88	1.87	2.11	1.8	3.3	4.33	1.86	3.56	4.57	1.92	3.6	4.8	2.18	1.8	1.92	2.07																																															2024-12-07 15:00:00+00:00	scotland:20241207T1500Z:st-mirren:motherwell:549	scotland:st-mirren	scotland:motherwell	sco.1:2024-25	sco.1:2024-25-rules-v1	91	7.0	10.0	1.4	1.0	-0.4	0.1	12.353591869128188	12.186332489883565	0.0825815160603931	90	2.8020833333333335	6.0	1.2	2.2	-0.8	0.0	12.584164069330017	14.277627294481379	0.09062555567478447	2024-25	10.0	6.0	7.0	2.8020833333333335	1.4	1.2	2024-12-07 14:59:59.999999+00:00
	2024-12-08	12:00	Ross County	Rangers	0	3	A	0	2	A	K Clancy	10	19	2	9	9	13	8	10	1	1	0	0	12.0	5.5	1.25	11.0	6.0	1.25				10.66	6.0	1.25	13.0	5.8	1.25				13.0	6.5	1.26	11.08	5.88	1.24	1.62	2.3	1.63	2.27	1.63	2.48	1.6	2.29	1.75	1.88	1.98	1.88	1.96	1.92	2.02	1.86	1.95	15.0	6.25	1.18	13.0	6.75	1.19				15.02	7.4	1.19	17.0	6.5	1.2				17.0	7.5	1.25	14.0	6.77	1.19	1.5	2.63	1.51	2.62	1.58	2.75	1.49	2.58	2.0	1.93	1.93	1.93	1.96	1.97	2.19	1.86	1.96	scotland	SC0	13.0	6.0	1.2				13.5	6.4	1.25	1.62	2.28	1.83	1.92	14.0	6.5	1.15	16.2	6.98	1.21	19.0	7.8	1.21	1.54	2.8	1.93	2.01																																															2024-12-08 12:00:00+00:00	scotland:20241208T1200Z:ross-county:rangers:550	scotland:ross-county	scotland:rangers	sco.1:2024-25	sco.1:2024-25-rules-v1	91	7.875	5.0	0.4	1.8	-1.0	0.2	9.615442233384611	14.867630558514527	0.05455710721200146	90	3.6770833333333335	10.0	2.0	0.6	1.1	0.6	20.785923633469576	7.2271532274461805	0.09516186008753409	2024-25	5.0	10.0	7.875	3.6770833333333335	0.4	2.0	2024-12-08 11:59:59.999999+00:00
	2024-12-14	15:00	Hibernian	Ross County	3	1	H	1	1	D	L Wilson	19	13	7	4	7	9	9	15	1	4	0	0	1.5	4.2	6.25	1.51	4.2	5.75				1.49	4.29	6.6	1.53	4.2	6.5				1.53	4.4	7.0	1.5	4.27	6.26	1.83	2.03	1.81	2.04	1.85	2.04	1.8	2.0	-1.0	1.85	2.0	1.85	2.03	1.91	2.04	1.84	1.97	1.44	4.33	7.0	1.44	4.4	6.75				1.45	4.5	7.82	1.44	4.33	8.0				1.49	4.7	8.0	1.44	4.43	7.19	1.85	2.0	1.88	2.01	1.89	2.05	1.82	1.98	-1.25	2.03	1.83	2.07	1.85	2.09	1.85	2.02	1.82	scotland	SC0	1.44	4.2	7.0	1.51	4.33	6.3	1.52	4.5	7.4	1.83	2.06	1.84	2.08	1.4	4.2	7.0	1.49	4.46	7.2	1.48	4.7	8.2	1.89	2.08	2.1	1.84																																															2024-12-14 15:00:00+00:00	scotland:20241214T1500Z:hibernian:ross-county:551	scotland:hibernian	scotland:ross-county	sco.1:2024-25	sco.1:2024-25-rules-v1	92	7.0	4.0	1.6	2.4	-0.6	0.2	14.606588502957862	13.552888519385276	0.08885576161549813	92	6.125	4.0	0.4	2.4	-1.3	0.2	9.685361827314681	15.61897045696643	0.04463763317345574	2024-25	4.0	4.0	7.0	6.125	1.6	0.4	2024-12-14 14:59:59.999999+00:00
	2024-12-14	15:00	Motherwell	Dundee United	4	3	H	3	1	H	N Walsh	12	17	6	9	8	16	2	3	2	3	0	0	2.4	3.4	2.8	2.45	3.3	2.75				2.48	3.21	2.99	2.5	3.3	2.88				2.5	3.4	2.99	2.45	3.3	2.85	2.0	1.8	2.05	1.81	2.13	1.85	2.03	1.77	0.0	1.78	2.1	1.76	2.13	1.85	2.16	1.78	2.07	2.45	3.5	2.75	2.5	3.25	2.75				2.53	3.38	2.92	2.6	3.3	2.8				2.6	3.5	2.92	2.51	3.33	2.78	2.03	1.83	2.05	1.85	2.1	1.85	2.01	1.79	0.0	1.8	2.05	1.82	2.1	1.9	2.12	1.83	2.04	scotland	SC0	2.45	3.3	2.88	2.45	3.38	2.87	2.48	3.3	2.96	2.04	1.84	1.78	2.14	2.45	3.1	2.7	2.52	3.5	2.83	2.6	3.4	3.0	2.1	1.87	1.89	2.11																																															2024-12-14 15:00:00+00:00	scotland:20241214T1500Z:motherwell:dundee-united:552	scotland:motherwell	scotland:dundee-united	sco.1:2024-25	sco.1:2024-25-rules-v1	91	7.0	6.0	1.0	2.0	-0.6	0.1	11.932497874906376	13.681695059121127	0.09435020211775294	53	7.0	9.0	1.6	0.6	0.5	0.3	13.16045667894361	14.210548051023425	0.13215455963068917	2024-25	6.0	9.0	7.0	7.0	1.0	1.6	2024-12-14 14:59:59.999999+00:00
	2024-12-14	15:00	St Johnstone	St Mirren	2	3	A	0	1	A	E Anderson	9	8	3	4	11	14	1	2	2	2	0	0	2.88	3.4	2.38	2.85	3.2	2.4				3.01	3.17	2.49	2.9	3.25	2.5				3.01	3.4	2.5	2.91	3.27	2.44	2.1	1.73	2.06	1.79	2.12	1.81	2.04	1.76	0.0	2.08	1.73	2.14	1.76	2.14	1.81	2.1	1.75	2.75	3.3	2.5	2.75	3.1	2.55				2.89	3.19	2.68	2.8	3.2	2.62				2.95	3.4	2.68	2.81	3.18	2.56	2.2	1.67	2.22	1.71	2.32	1.72	2.18	1.67	0.0	2.0	1.85	2.03	1.88	2.08	1.88	2.01	1.85	scotland	SC0	2.88	3.3	2.45	2.92	3.38	2.42	3.05	3.3	2.5	2.08	1.81	2.18	1.79	2.88	3.0	2.4	2.83	3.4	2.58	3.05	3.25	2.68	2.26	1.75	2.13	1.86																																															2024-12-14 15:00:00+00:00	scotland:20241214T1500Z:st-johnstone:st-mirren:553	scotland:st-johnstone	scotland:st-mirren	sco.1:2024-25	sco.1:2024-25-rules-v1	92	7.0	4.0	0.8	1.2	-0.8	0.2	9.289533028633002	12.882996516373616	0.10146072187383147	92	7.0	7.0	0.8	1.0	-0.6	0.1	12.107484256559426	11.606999309904735	0.06756669495850344	2024-25	4.0	7.0	7.0	7.0	0.8	0.8	2024-12-14 14:59:59.999999+00:00
	2024-12-15	15:00	Kilmarnock	Hearts	1	0	H	1	0	H	D Robertson	7	14	5	4	6	11	3	6	1	2	1	0	2.7	3.4	2.5	2.7	3.3	2.45				2.81	3.42	2.49	2.8	3.3	2.6				2.81	3.49	2.6	2.74	3.37	2.48	2.0	1.85	1.97	1.86	2.08	1.87	1.97	1.82	0.0	2.03	1.83	2.05	1.81	2.09	1.88	2.02	1.81	2.7	3.25	2.6	2.7	3.1	2.6				2.82	3.26	2.69	2.8	3.2	2.62				2.88	3.34	2.76	2.74	3.21	2.6	2.1	1.73	2.2	1.73	2.21	1.81	2.13	1.7	0.0	1.98	1.88	2.0	1.91	2.02	1.92	1.98	1.88	scotland	SC0	2.75	3.3	2.5	2.74	3.42	2.51	2.82	3.5	2.62	1.97	1.85			2.63	3.1	2.5	2.77	3.34	2.66	2.88	3.3	2.8	2.22	1.8	2.02	1.96																																															2024-12-15 15:00:00+00:00	scotland:20241215T1500Z:kilmarnock:hearts:554	scotland:kilmarnock	scotland:hearts	sco.1:2024-25	sco.1:2024-25-rules-v1	92	8.0	2.0	0.4	2.2	-0.8	0.1	12.712700948509582	16.83688236634296	0.06104001637794568	92	8.0	7.0	1.2	1.4	0.1	0.2	13.375798771225638	11.389754130882313	0.09708909557381079	2024-25	2.0	7.0	8.0	8.0	0.4	1.2	2024-12-15 14:59:59.999999+00:00
	2024-12-20	19:45	Motherwell	Kilmarnock	1	1	D	1	0	H	C Graham	4	12	1	5	14	17	2	8	1	4	1	0	2.25	3.25	3.25	2.25	3.2	3.2				2.29	3.33	3.38	2.3	3.2	3.25				2.33	3.33	3.38	2.26	3.25	3.24	2.05	1.8	2.07	1.83	2.14	1.83	2.04	1.77	-0.25	1.95	1.9	1.97	1.93	1.99	1.96	1.92	1.88	2.05	3.4	3.6	2.1	3.3	3.4				2.11	3.5	3.65	2.2	3.3	3.4				2.26	3.5	3.74	2.12	3.38	3.45	1.98	1.88	1.99	1.9	2.02	1.93	1.94	1.86	-0.25	1.8	2.05	1.83	2.09	1.88	2.12	1.82	2.01	scotland	SC0	2.25	3.2	3.3	2.27	3.3	3.27	2.34	3.4	3.45	2.1	1.87	2.01	1.95	2.05	3.25	3.3	2.07	3.5	3.74	2.2	3.55	3.7	2.0	1.98	1.9	2.09																																															2024-12-20 19:45:00+00:00	scotland:20241220T1945Z:motherwell:kilmarnock:555	scotland:motherwell	scotland:kilmarnock	sco.1:2024-25	sco.1:2024-25-rules-v1	92	6.197916666666667	6.0	1.4	2.4	-0.6	0.1	11.944770988559762	14.285023230190014	0.13780168052058572	93	5.197916666666667	5.0	0.6	1.8	-0.8	0.2	11.674028048780567	16.32108557246242	0.07591585755598153	2024-25	6.0	5.0	6.197916666666667	5.197916666666667	1.4	0.6	2024-12-20 19:44:59.999999+00:00
	2024-12-21	15:00	Aberdeen	Hibernian	1	3	A	1	2	A	S McLean	14	7	2	4	6	12	5	6	2	2	0	0	2.15	3.4	3.25	2.15	3.5	3.1				2.15	3.55	3.3	2.2	3.5	3.2				2.21	3.6	3.3	2.15	3.5	3.21	1.8	2.0	1.79	2.07	1.83	2.11	1.79	2.01	-0.25	1.88	1.98	1.88	1.99	1.93	2.0	1.86	1.94	1.95	3.5	3.7	2.0	3.5	3.4				2.03	3.75	3.64	2.05	3.5	3.5				2.24	3.75	3.82	2.04	3.56	3.47	1.8	2.0	1.8	2.09	1.89	2.09	1.8	2.01	-0.5	2.03	1.83	2.04	1.87	2.1	1.88	2.04	1.8	scotland	SC0	2.1	3.4	3.3	2.16	3.58	3.23	2.24	3.65	3.35	1.8	2.12	1.95	2.02	1.95	3.3	3.6	2.01	3.61	3.82	2.08	3.85	3.8	1.84	2.16	2.08	1.91																																															2024-12-21 15:00:00+00:00	scotland:20241221T1500Z:aberdeen:hibernian:556	scotland:aberdeen	scotland:hibernian	sco.1:2024-25	sco.1:2024-25-rules-v1	92	14.0	3.0	1.2	1.6	0.4	0.1	11.13675624068616	13.927489970616232	0.13138198052783753	93	7.0	7.0	2.0	2.2	-0.3	0.2	15.40539059332916	13.452363334042497	0.10140830256579032	2024-25	3.0	7.0	14.0	7.0	1.2	2.0	2024-12-21 14:59:59.999999+00:00
	2024-12-21	15:00	Rangers	Dundee	1	0	H	0	0	D	M MacDermid	21	5	4	1	12	3	6	3	2	2	0	0	1.17	7.5	13.0	1.18	7.5	13.0				1.17	7.83	13.52	1.2	7.0	13.0				1.2	8.5	16.0	1.17	7.52	13.86	1.4	3.0	1.4	2.94	1.41	3.0	1.39	2.88	-2.0	1.83	2.03	1.85	2.01	1.92	2.09	1.84	1.99	1.07	12.0	21.0	1.08	11.5	23.0				1.09	12.11	26.79	1.1	11.0	26.0				1.16	14.5	32.0	1.08	11.16	23.58	1.25	4.0	1.26	3.88	1.34	4.0	1.27	3.69	-2.5	1.73	2.08	1.75	2.15	2.21	1.9	1.8	2.05	scotland	SC0	1.13	8.5	15.0	1.18	7.5	14.0	1.18	8.4	18.5	1.39	3.2	1.84	2.04	1.05	12.0	23.0	1.08	14.5	25.0	1.09	16.0	34.0	1.29	4.3	1.79	2.21																																															2024-12-21 15:00:00+00:00	scotland:20241221T1500Z:rangers:dundee:557	scotland:rangers	scotland:dundee	sco.1:2024-25	sco.1:2024-25-rules-v1	91	13.125	13.0	2.4	0.2	1.3	0.6	20.461210245566015	7.731307186092329	0.1065678376792743	54	14.0	7.0	2.0	1.8	-0.1	0.1	10.42696547586731	18.105955429412493	0.14974348794006948	2024-25	13.0	7.0	13.125	14.0	2.4	2.0	2024-12-21 14:59:59.999999+00:00
	2024-12-21	15:00	Ross County	St Mirren	1	2	A	0	1	A	I Snedden	13	14	1	5	7	13	4	2	0	2	0	1	3.5	3.2	2.15	3.3	3.2	2.15				3.68	3.24	2.13	3.4	3.2	2.2				3.68	3.35	2.23	3.49	3.23	2.15	2.2	1.67	2.21	1.69	2.21	1.72	2.16	1.68	0.25	2.03	1.83	2.05	1.83	2.06	1.9	1.99	1.81	2.88	3.1	2.55	2.8	3.1	2.55				2.97	3.2	2.61	2.9	3.0	2.62				3.1	3.2	2.68	2.88	3.14	2.54	2.2	1.67	2.24	1.7	2.32	1.71	2.2	1.66	0.0	2.05	1.8	2.09	1.83	2.12	1.85	2.05	1.81	scotland	SC0	3.4	3.2	2.15	3.61	3.28	2.13	3.8	3.2	2.18	2.2	1.72	2.06	1.85	2.8	3.1	2.4	2.95	3.18	2.62	3.0	3.4	2.6	2.24	1.78	2.14	1.84																																															2024-12-21 15:00:00+00:00	scotland:20241221T1500Z:ross-county:st-mirren:558	scotland:ross-county	scotland:st-mirren	sco.1:2024-25	sco.1:2024-25-rules-v1	93	7.0	3.0	0.6	3.0	-1.5	0.2	10.288023313257465	16.23370310115435	0.05050771385520504	93	7.0	9.0	1.4	1.4	-0.4	0.1	11.360668937184984	11.1329994353766	0.12346365951150282	2024-25	3.0	9.0	7.0	7.0	0.6	1.4	2024-12-21 14:59:59.999999+00:00
	2024-12-22	12:00	Dundee United	Celtic	0	0	D	0	0	D	D Dickinson	2	17	2	3	11	8	3	9	2	1	0	0	11.0	5.75	1.25	10.0	6.0	1.26				10.29	6.33	1.24	11.0	5.8	1.25				11.0	6.75	1.26	10.54	6.13	1.24	1.44	2.75	1.43	2.79	1.47	2.88	1.44	2.67	1.75	1.93	1.93	1.94	1.88	1.98	1.98	1.91	1.89	8.5	5.0	1.33	7.25	5.25	1.36				8.47	5.56	1.35	7.5	5.0	1.36				9.19	6.1	1.36	8.21	5.25	1.33	1.5	2.63	1.48	2.73	1.5	2.75	1.46	2.67	1.5	1.88	1.98	1.92	1.99	2.01	2.02	1.9	1.92	scotland	SC0	11.0	6.5	1.2	11.0	6.3	1.25	11.5	6.8	1.26	1.47	2.9			8.5	5.0	1.25	9.19	5.22	1.36	9.8	5.9	1.36	1.52	2.86	1.96	2.0																																															2024-12-22 12:00:00+00:00	scotland:20241222T1200Z:dundee-united:celtic:559	scotland:dundee-united	scotland:celtic	sco.1:2024-25	sco.1:2024-25-rules-v1	54	7.875	8.0	2.0	1.2	0.4	0.3	13.858555464590225	13.80863022356462	0.14021201937698097	91	14.875	15.0	3.0	0.2	2.6	0.7	19.242591883080834	8.833910164206006	0.1571753856324943	2024-25	8.0	15.0	7.875	14.875	2.0	3.0	2024-12-22 11:59:59.999999+00:00
	2024-12-22	15:00	Hearts	St Johnstone	2	1	H	1	0	H	J Beaton	11	8	6	2	11	13	8	0	2	1	0	0	1.55	4.2	5.5	1.55	4.1	5.5				1.59	4.15	5.37	1.6	4.0	5.5				1.6	4.22	5.7	1.57	4.11	5.43	1.8	2.0	1.82	2.02	1.82	2.07	1.79	2.0	-1.0	1.98	1.88	2.01	1.85	2.08	1.94	1.98	1.84	1.62	3.9	5.25	1.6	3.9	5.25				1.66	3.97	5.49	1.62	3.9	5.5				1.66	4.05	5.5	1.62	3.92	5.29	1.98	1.88	1.99	1.9	2.03	1.96	1.92	1.87	-0.75	1.83	2.03	1.84	2.07	1.87	2.09	1.8	2.03	scotland	SC0	1.55	4.0	5.5	1.58	4.2	5.55	1.58	4.2	6.0	1.8	2.06			1.55	3.8	5.0	1.66	4.01	5.4	1.68	4.1	6.0	2.02	1.96	1.87	2.12																																															2024-12-22 15:00:00+00:00	scotland:20241222T1500Z:hearts:st-johnstone:560	scotland:hearts	scotland:st-johnstone	sco.1:2024-25	sco.1:2024-25-rules-v1	93	7.0	4.0	0.8	1.4	0.0	0.2	13.489289903730066	10.591617016176437	0.07943653274220883	93	8.0	4.0	1.0	1.4	-0.3	0.2	9.236890659790637	11.99517896794205	0.1234173583008116	2024-25	4.0	4.0	7.0	8.0	0.8	1.0	2024-12-22 14:59:59.999999+00:00
	2024-12-26	12:30	Hearts	Hibernian	1	2	A	1	1	D	N Walsh	15	12	5	6	10	10	6	3	2	1	0	0	2.15	3.4	3.3	2.1	3.5	3.2				2.19	3.5	3.25	2.2	3.4	3.25				2.2	3.58	3.45	2.15	3.46	3.21	1.85	2.0	1.85	1.99	1.85	2.05	1.81	1.97	-0.25	1.9	1.95	1.9	1.94	1.95	1.98	1.86	1.92	2.1	3.4	3.4	2.1	3.4	3.25				2.16	3.56	3.45	2.15	3.4	3.3				2.21	3.56	3.49	2.14	3.42	3.34	1.88	1.98	1.9	1.99	1.97	2.01	1.86	1.93	-0.25	1.85	2.0	1.88	2.03	1.92	2.06	1.85	1.97	scotland	SC0	2.15	3.4	3.2	2.18	3.58	3.19	2.32	3.45	3.35	1.84	2.0			2.05	3.3	3.4	2.16	3.49	3.49	2.2	3.6	3.7	1.92	2.06	1.9	2.1																																															2024-12-26 12:30:00+00:00	scotland:20241226T1230Z:hearts:hibernian:561	scotland:hearts	scotland:hibernian	sco.1:2024-25	sco.1:2024-25-rules-v1	94	3.8958333333333335	7.0	1.2	1.4	0.2	0.2	13.036691739415508	10.120413922326176	0.09805137802874937	94	4.895833333333333	10.0	2.4	1.6	0.0	0.2	13.877137758178403	13.55193363694386	0.16089250729408816	2024-25	7.0	10.0	3.8958333333333335	4.895833333333333	1.2	2.4	2024-12-26 12:29:59.999999+00:00
	2024-12-26	15:00	Celtic	Motherwell	4	0	H	1	0	H	R Hardie	23	2	7	0	10	10	6	3	1	5	0	0	1.11	10.0	16.0	1.11	9.25	20.0				1.11	9.95	19.32	1.12	9.0	21.0				1.12	11.5	26.0	1.1	9.52	19.51	1.29	3.75	1.27	3.64	1.3	3.75	1.27	3.46	-2.5	1.93	1.93	1.92	1.92	2.0	1.98	1.9	1.9	1.14	9.0	15.0	1.14	8.75	15.0				1.13	9.58	19.53	1.15	8.5	15.0				1.16	10.0	21.14	1.13	8.98	17.23	1.33	3.4	1.32	3.42	1.33	3.72	1.3	3.4	-2.25	1.85	2.0	1.87	2.02	1.91	2.17	1.84	1.98	scotland	SC0	1.08	11.0	21.0	1.11	9.8	20.0	1.13	11.0	17.0	1.28	3.85			1.08	9.5	18.0	1.16	9.29	15.0	1.14	11.0	28.0	1.36	3.75	1.91	2.08																																															2024-12-26 15:00:00+00:00	scotland:20241226T1500Z:celtic:motherwell:562	scotland:celtic	scotland:motherwell	sco.1:2024-25	sco.1:2024-25-rules-v1	92	4.125	13.0	2.6	0.2	2.0	0.7	18.83484790433886	7.591381043441277	0.1285980427902226	93	5.802083333333333	7.0	1.4	2.2	-0.7	0.1	10.500267172457987	13.869564461064556	0.1582013749713883	2024-25	13.0	7.0	4.125	5.802083333333333	2.6	1.4	2024-12-26 14:59:59.999999+00:00
	2024-12-26	15:00	Dundee	Ross County	0	3	A	0	1	A	D Robertson	9	22	2	7	9	8	5	5	0	2	0	0	1.85	3.6	4.1	1.82	3.7	4.0				1.88	3.6	4.11	1.85	3.6	4.0				1.91	3.75	4.2	1.87	3.62	3.91	1.88	1.98	1.88	1.95	1.9	2.05	1.83	1.95	-0.5	1.88	1.98	1.88	1.96	1.92	2.0	1.86	1.93	1.75	3.6	4.5	1.8	3.5	4.2				1.82	3.69	4.65	1.8	3.6	4.6				1.85	3.72	4.65	1.8	3.59	4.43	1.9	1.95	1.94	1.94	1.97	1.99	1.9	1.89	-0.75	2.03	1.78	2.08	1.84	2.08	1.87	2.04	1.8	scotland	SC0	1.85	3.5	4.2	1.89	3.72	3.95	1.92	3.8	4.3	1.86	2.0			1.73	3.5	4.5	1.81	3.72	4.65	1.84	3.8	5.0	1.95	2.02	2.09	1.88																																															2024-12-26 15:00:00+00:00	scotland:20241226T1500Z:dundee:ross-county:563	scotland:dundee	scotland:ross-county	sco.1:2024-25	sco.1:2024-25-rules-v1	55	5.0	7.0	1.8	1.2	-0.1	0.1	9.440244480255071	18.632145351337492	0.1225173992236932	94	5.0	3.0	0.8	2.8	-1.5	0.2	10.78110998357429	15.827575264580831	0.05531050714027265	2024-25	7.0	3.0	5.0	5.0	1.8	0.8	2024-12-26 14:59:59.999999+00:00
	2024-12-26	15:00	Kilmarnock	Aberdeen	4	0	H	1	0	H	C Scott	22	7	8	3	11	13	7	3	0	4	0	0	2.5	3.3	2.75	2.5	3.3	2.65				2.54	3.35	2.81	2.5	3.4	2.7				2.63	3.45	2.81	2.52	3.34	2.7	2.0	1.85	1.98	1.86	2.02	1.89	1.94	1.83	0.0	1.83	2.03	1.83	2.03	1.89	2.07	1.84	1.98	2.45	3.3	2.8	2.45	3.3	2.75				2.56	3.46	2.83	2.6	3.3	2.75				2.61	3.46	3.0	2.48	3.33	2.81	2.0	1.85	2.04	1.85	2.1	1.89	1.98	1.82	0.0	1.83	2.03	1.85	2.06	1.89	2.08	1.83	2.03	scotland	SC0	2.55	3.3	2.7	2.53	3.42	2.72	2.58	3.45	2.84	1.98	1.86			2.4	3.2	2.7	2.61	3.4	2.79	2.6	3.5	2.96	2.06	1.91	1.87	2.13																																															2024-12-26 15:00:00+00:00	scotland:20241226T1500Z:kilmarnock:aberdeen:564	scotland:kilmarnock	scotland:aberdeen	sco.1:2024-25	sco.1:2024-25-rules-v1	94	5.802083333333333	6.0	0.8	1.8	-0.9	0.1	11.73329567627501	14.080888195651069	0.07726448951550004	93	5.0	3.0	1.2	1.8	0.1	0.1	11.657346015106858	12.6679463395951	0.12048136069160732	2024-25	6.0	3.0	5.802083333333333	5.0	0.8	1.2	2024-12-26 14:59:59.999999+00:00
	2024-12-26	15:00	St Johnstone	Dundee United	1	2	A	1	0	H	K Clancy	11	13	4	4	7	14	4	10	2	1	0	1	2.8	3.3	2.5	2.8	3.3	2.4				2.83	3.29	2.55	2.9	3.25	2.5				2.9	3.35	2.55	2.81	3.27	2.47	2.03	1.83	1.99	1.85	2.08	1.85	1.97	1.81	0.0	2.03	1.83	2.03	1.83	2.08	1.83	2.03	1.8	3.0	3.2	2.4	2.95	3.1	2.4				3.17	3.19	2.48	3.0	3.2	2.4				3.2	3.28	2.51	3.03	3.18	2.41	2.2	1.67	2.22	1.71	2.32	1.76	2.18	1.68	0.25	1.78	2.1	1.81	2.11	1.83	2.17	1.78	2.06	scotland	SC0	2.88	3.3	2.45	2.83	3.3	2.51	2.86	3.35	2.54	1.94	1.79			3.0	2.9	2.4	3.08	3.28	2.46	3.25	3.2	2.6	2.3	1.74	1.82	2.19																																															2024-12-26 15:00:00+00:00	scotland:20241226T1500Z:st-johnstone:dundee-united:565	scotland:st-johnstone	scotland:dundee-united	sco.1:2024-25	sco.1:2024-25-rules-v1	94	4.0	4.0	1.0	1.4	-0.2	0.2	9.012001448919612	11.81423733740713	0.12370511133702766	55	4.125	6.0	1.4	1.2	0.3	0.3	11.702454471028364	14.388879273825598	0.1147189249448026	2024-25	4.0	6.0	4.0	4.125	1.0	1.4	2024-12-26 14:59:59.999999+00:00
	2024-12-26	17:45	St Mirren	Rangers	2	1	H	1	0	H	D Dickinson	7	21	3	5	9	9	7	6	1	3	0	0	7.5	4.75	1.4	7.5	4.8	1.38				7.74	4.81	1.39	7.5	4.75	1.4				8.5	4.9	1.4	7.61	4.75	1.38	1.73	2.1	1.7	2.18	1.75	2.18	1.7	2.11	1.25	1.98	1.88	1.98	1.88	2.02	1.93	1.92	1.86	8.5	5.25	1.3	8.5	5.25	1.32				10.5	5.45	1.32	9.5	5.0	1.33				10.5	5.69	1.4	9.04	5.26	1.32	1.67	2.2	1.68	2.31	1.69	2.35	1.64	2.24	1.5	1.93	1.93	1.95	1.95	1.97	2.11	1.88	1.95	scotland	SC0	8.5	4.75	1.33	7.8	4.9	1.39	8.8	5.1	1.4	1.71	2.2			8.5	5.0	1.25	9.21	5.69	1.33	10.5	6.0	1.34	1.71	2.38	1.98	1.99																																															2024-12-26 17:45:00+00:00	scotland:20241226T1745Z:st-mirren:rangers:566	scotland:st-mirren	scotland:rangers	sco.1:2024-25	sco.1:2024-25-rules-v1	94	5.114583333333333	9.0	1.4	1.4	-0.2	0.1	11.84054731224226	11.472454083489945	0.12698974739252827	92	5.114583333333333	13.0	2.4	0.2	1.3	0.6	20.559172019099464	7.234705879530087	0.09584987585014217	2024-25	9.0	13.0	5.114583333333333	5.114583333333333	1.4	2.4	2024-12-26 17:44:59.999999+00:00
	2024-12-29	15:00	Celtic	St Johnstone	4	0	H	1	0	H	M MacDermid	30	1	11	0	8	1	12	2	0	1	0	0	1.11	8.5	19.0	1.13	9.25	16.5				1.11	10.16	18.8	1.15	8.5	17.0				1.15	10.16	23.0	1.12	9.08	17.61	1.29	3.75	1.24	3.93	1.29	3.93	1.25	3.6	-2.5	1.95	1.9	1.89	1.94	2.0	1.94	1.91	1.88	1.07	10.0	29.0	1.08	12.0	26.0				1.07	13.57	34.12	1.1	10.0	29.0				1.1	14.0	36.0	1.07	10.83	28.13	1.3	3.5	1.28	3.72	1.31	3.72	1.28	3.49	-2.75	1.9	1.95	1.93	1.94	2.15	2.0	1.93	1.88	scotland	SC0	1.1	9.5	20.0	1.15	9.3	13.2	1.15	10.0	22.0	1.3	3.85			1.05	14.0	36.0	1.07	10.0	29.0	1.08	16.5	50.0	1.33	4.0	1.96	1.98																																															2024-12-29 15:00:00+00:00	scotland:20241229T1500Z:celtic:st-johnstone:567	scotland:celtic	scotland:st-johnstone	sco.1:2024-25	sco.1:2024-25-rules-v1	93	3.0	13.0	2.6	0.0	2.3	0.8	19.592148285368157	6.574766308270135	0.13683713382441137	95	3.0	1.0	1.0	1.8	-0.6	0.1	9.373455730934229	12.02983054878765	0.11774219853194824	2024-25	13.0	1.0	3.0	3.0	2.6	1.0	2024-12-29 14:59:59.999999+00:00
	2024-12-29	15:00	Hibernian	Kilmarnock	1	0	H	1	0	H	D McFarlane	7	6	2	3	8	13	5	10	1	2	0	1	1.85	3.5	4.0	1.85	3.75	3.75				1.88	3.6	4.13	1.85	3.8	3.9				1.91	3.88	4.13	1.86	3.69	3.9	1.73	2.1	1.78	2.06	1.83	2.13	1.72	2.06	-0.5	1.88	1.98	1.88	1.97	1.89	2.0	1.86	1.95	1.95	3.5	3.8	1.9	3.5	3.8				1.99	3.54	4.0	1.95	3.5	3.9				2.04	3.6	4.0	1.95	3.51	3.82	1.93	1.93	1.93	1.95	1.97	1.97	1.88	1.9	-0.5	1.98	1.88	2.0	1.91	2.04	1.91	1.94	1.87	scotland	SC0	1.85	3.75	3.9	1.85	3.88	3.94	1.95	3.75	4.1	1.78	2.08			1.95	3.4	3.9	2.0	3.59	3.89	2.04	3.6	4.2	1.95	2.02	2.04	1.94																																															2024-12-29 15:00:00+00:00	scotland:20241229T1500Z:hibernian:kilmarnock:568	scotland:hibernian	scotland:kilmarnock	sco.1:2024-25	sco.1:2024-25-rules-v1	95	3.1041666666666665	12.0	2.2	1.2	0.1	0.2	13.535839983964147	13.815218430226793	0.1619423544527388	95	3.0	8.0	1.4	1.6	-0.4	0.2	13.599969189679552	12.793453978259965	0.09627425175235127	2024-25	12.0	8.0	3.1041666666666665	3.0	2.2	1.4	2024-12-29 14:59:59.999999+00:00
	2024-12-29	15:00	Motherwell	Rangers	2	2	D	2	0	H	K Clancy	8	23	4	9	12	13	3	6	4	3	0	0	9.0	5.0	1.3	8.0	5.0	1.34				8.75	5.37	1.32	8.5	5.0	1.35				9.5	5.75	1.35	8.55	5.15	1.32	1.62	2.3	1.6	2.37	1.62	2.37	1.6	2.28	1.5	1.9	1.95	1.92	1.93	1.93	2.05	1.87	1.93	7.5	5.25	1.33	7.75	5.0	1.36				8.89	5.42	1.35	8.0	5.0	1.36				9.49	5.6	1.38	8.2	5.16	1.34	1.62	2.3	1.63	2.37	1.66	2.46	1.61	2.28	1.5	1.85	2.0	1.88	2.03	1.98	2.06	1.84	1.99	scotland	SC0	9.0	5.0	1.3	8.8	5.35	1.33	8.2	5.6	1.36	1.62	2.36			8.5	5.0	1.3	7.71	5.58	1.38	10.0	5.7	1.37	1.69	2.42	1.91	2.06																																															2024-12-29 15:00:00+00:00	scotland:20241229T1500Z:motherwell:rangers:569	scotland:motherwell	scotland:rangers	sco.1:2024-25	sco.1:2024-25-rules-v1	94	3.0	7.0	1.4	2.4	-1.0	0.1	8.954764050192898	15.529643649961908	0.12943748861295407	93	2.8854166666666665	12.0	2.4	0.4	1.0	0.5	20.63932256108138	7.192032083251888	0.08708063435357952	2024-25	7.0	12.0	3.0	2.8854166666666665	1.4	2.4	2024-12-29 14:59:59.999999+00:00
	2024-12-29	15:00	Ross County	Hearts	2	2	D	0	1	A	R Hardie	14	10	4	4	9	13	10	5	0	0	0	0	3.8	3.6	1.9	3.75	3.4	1.93				3.92	3.63	1.92	3.9	3.5	1.95				3.92	3.66	1.99	3.8	3.55	1.92	2.0	1.85	1.97	1.87	2.02	1.87	1.94	1.83	0.5	1.9	1.95	1.93	1.93	1.95	2.0	1.89	1.92	3.0	3.3	2.3	3.1	3.25	2.25				3.17	3.42	2.35	3.1	3.25	2.38				3.59	3.45	2.38	3.09	3.31	2.31	2.1	1.73	2.11	1.79	2.21	1.83	2.04	1.75	0.25	1.85	2.0	1.88	2.03	2.06	2.05	1.85	1.97	scotland	SC0	3.9	3.5	1.91	3.86	3.6	1.94	3.9	3.5	2.04	1.98	1.87			3.1	3.25	2.3	3.1	3.41	2.38	3.3	3.5	2.42	2.14	1.86	1.92	2.07																																															2024-12-29 15:00:00+00:00	scotland:20241229T1500Z:ross-county:hearts:570	scotland:ross-county	scotland:hearts	sco.1:2024-25	sco.1:2024-25-rules-v1	95	3.0	3.0	1.0	2.6	-0.9	0.3	12.820908168378963	14.586197943747953	0.07004743972633877	95	3.1041666666666665	7.0	1.2	1.0	-0.3	0.1	13.393656877703595	10.462156845539598	0.09234506687200705	2024-25	3.0	7.0	3.0	3.1041666666666665	1.0	1.2	2024-12-29 14:59:59.999999+00:00
	2024-12-29	15:00	St Mirren	Dundee	1	2	A	1	1	D	N Walsh	14	8	5	5	10	5	5	9	1	2	0	0	1.9	3.6	3.8	1.9	3.6	3.7				1.93	3.71	3.81	1.95	3.6	3.8				1.96	3.8	3.81	1.91	3.63	3.74	1.93	1.93	1.93	1.91	1.98	2.0	1.88	1.89	-0.5	1.93	1.93	1.93	1.92	1.96	1.98	1.9	1.9	1.85	3.6	4.0	1.9	3.5	3.8				1.9	3.75	4.13	1.91	3.5	4.0				1.95	3.8	4.13	1.88	3.59	3.96	1.93	1.93	1.94	1.94	1.97	2.0	1.89	1.89	-0.5	1.88	1.98	1.91	2.0	1.91	2.01	1.87	1.93	scotland	SC0	1.95	3.5	3.8	1.95	3.62	3.8	1.96	3.7	4.0	1.9	1.94			1.87	3.5	4.1	1.91	3.71	4.12	1.98	3.75	4.3	1.99	1.98	1.98	2.01																																															2024-12-29 15:00:00+00:00	scotland:20241229T1500Z:st-mirren:dundee:571	scotland:st-mirren	scotland:dundee	sco.1:2024-25	sco.1:2024-25-rules-v1	95	2.8854166666666665	9.0	1.4	1.4	0.3	0.1	10.960447800925484	13.204735159219045	0.15584875436012052	56	3.0	4.0	1.0	1.6	-0.5	0.0	9.360200029299603	19.24448256018522	0.10024150845574897	2024-25	9.0	4.0	2.8854166666666665	3.0	1.4	1.0	2024-12-29 14:59:59.999999+00:00
	2024-12-29	17:15	Dundee United	Aberdeen	1	0	H	0	0	D	J Beaton	19	9	6	2	12	14	9	1	4	3	0	0	2.35	3.4	2.9	2.25	3.5	2.87				2.38	3.47	2.93	2.3	3.4	2.9				2.38	3.55	3.0	2.31	3.45	2.9	1.88	1.98	1.87	1.97	1.91	1.98	1.85	1.92	-0.25	2.03	1.83	2.07	1.8	2.07	1.87	1.99	1.8	2.2	3.5	3.0	2.2	3.4	3.1				2.26	3.6	3.19	2.25	3.4	3.1				2.34	3.63	3.2	2.22	3.45	3.11	1.9	1.95	1.92	1.97	1.97	1.98	1.9	1.88	-0.25	1.95	1.9	1.97	1.93	1.98	1.95	1.92	1.89	scotland	SC0	2.3	3.3	2.9	2.38	3.5	2.89	2.38	3.5	2.94	1.86	1.98			2.15	3.3	3.0	2.34	3.63	3.01	2.34	3.6	3.3	2.0	1.98	2.01	1.98																																															2024-12-29 17:15:00+00:00	scotland:20241229T1715Z:dundee-united:aberdeen:572	scotland:dundee-united	scotland:aberdeen	sco.1:2024-25	sco.1:2024-25-rules-v1	56	3.09375	8.0	1.6	1.2	0.3	0.3	11.938371839932296	13.772719405857307	0.12183296656323009	94	3.09375	2.0	0.6	2.0	-0.3	0.1	10.810555830541976	14.364683368759627	0.09857565874767871	2024-25	8.0	2.0	3.09375	3.09375	1.6	0.6	2024-12-29 17:14:59.999999+00:00
	2025-01-02	15:00	Aberdeen	Ross County	1	2	A	1	1	D	D Dickinson	19	9	4	4	14	14	9	4	2	3	0	0	1.53	4.0	6.0	1.55	4.1	5.75				1.56	4.1	5.92	1.57	4.0	6.0				1.57	4.2	6.0	1.53	4.09	5.78	1.88	1.98	1.85	1.99	1.88	1.99	1.82	1.95	-1.0	1.98	1.88	1.96	1.89	1.98	1.91	1.92	1.87	1.67	3.75	5.0	1.68	3.8	4.6				1.7	3.98	5.06	1.67	3.8	5.0				1.73	4.0	5.42	1.68	3.82	4.88	1.8	2.0	1.85	2.05	1.85	2.1	1.8	1.99	-0.75	1.88	1.98	1.91	2.0	1.91	2.04	1.86	1.96	scotland	SC0	1.5	4.0	6.0	1.56	4.2	5.76	1.54	1.09	1.27					1.62	3.75	5.0	1.73	3.86	5.06	1.73	4.0	5.7	1.9	2.1	1.93	2.04																																															2025-01-02 15:00:00+00:00	scotland:20250102T1500Z:aberdeen:ross-county:573	scotland:aberdeen	scotland:ross-county	sco.1:2024-25	sco.1:2024-25-rules-v1	95	3.90625	1.0	0.4	2.0	-0.5	0.0	10.481363861352525	15.20746821080333	0.08065281170264621	96	4.0	4.0	1.4	2.0	-1.0	0.3	13.035288501400968	13.752343772157415	0.08328556756830315	2024-25	1.0	4.0	3.90625	4.0	0.4	1.4	2025-01-02 14:59:59.999999+00:00
	2025-01-02	15:00	Hearts	Motherwell	1	0	H	1	0	H	C Scott	18	6	6	3	8	10	12	4	3	1	0	0	1.8	3.6	4.33	1.8	3.6	4.1				1.81	3.66	4.42	1.85	3.6	4.2				1.85	3.78	4.42	1.8	3.62	4.21	1.88	1.98	1.87	1.97	1.9	1.98	1.85	1.91	-0.75	2.05	1.75	2.05	1.8	2.09	1.8	2.02	1.76	1.67	3.75	5.0	1.68	3.7	4.8				1.71	3.8	5.28	1.73	3.75	4.8				1.79	3.86	5.28	1.7	3.76	4.9	1.95	1.9	1.98	1.91	1.98	2.07	1.87	1.91	-0.75	1.9	1.95	1.93	1.98	2.01	2.02	1.9	1.92	scotland	SC0	1.8	3.6	4.2	1.82	3.78	4.2	1.87	3.6	4.4					1.73	3.6	4.75	1.72	3.86	5.15	1.76	3.95	5.4	2.02	1.96	1.97	2.0																																															2025-01-02 15:00:00+00:00	scotland:20250102T1500Z:hearts:motherwell:574	scotland:hearts	scotland:motherwell	sco.1:2024-25	sco.1:2024-25-rules-v1	96	4.0	7.0	1.4	1.2	-0.3	0.1	12.776628354484759	11.105401055441488	0.11191869107709668	95	4.0	8.0	1.6	2.0	-0.7	0.1	8.781170586521462	16.88789025905974	0.1513579452287806	2024-25	7.0	8.0	4.0	4.0	1.4	1.6	2025-01-02 14:59:59.999999+00:00
	2025-01-02	15:00	Kilmarnock	St Mirren	2	0	H	1	0	H	C Steven	14	8	5	1	9	21	4	2	0	2	0	0	2.15	3.3	3.3	2.1	3.4	3.2				2.18	3.28	3.49	2.15	3.4	3.3				2.19	3.65	3.49	2.13	3.36	3.31	2.0	1.85	1.97	1.86	2.0	1.88	1.93	1.83	-0.25	1.88	1.98	1.87	1.98	1.9	1.98	1.84	1.94	2.2	3.2	3.4	2.2	3.2	3.25				2.28	3.29	3.43	2.25	3.2	3.3				2.28	3.3	3.48	2.23	3.21	3.32	2.0	1.8	2.1	1.79	2.21	1.8	2.05	1.75	-0.25	1.93	1.93	1.96	1.94	1.96	2.02	1.91	1.91	scotland	SC0	2.1	3.3	3.4	2.14	3.48	3.36	2.26	3.4	2.32					2.2	3.1	3.3	2.26	3.28	3.48	2.34	3.35	3.55	2.16	1.83	1.99	1.99																																															2025-01-02 15:00:00+00:00	scotland:20250102T1500Z:kilmarnock:st-mirren:575	scotland:kilmarnock	scotland:st-mirren	sco.1:2024-25	sco.1:2024-25-rules-v1	96	4.0	8.0	1.4	0.6	-0.6	0.2	12.218156609737814	11.740098709485427	0.07876984234283285	96	4.0	9.0	1.6	1.4	0.3	0.1	11.513093655302669	12.258419675724673	0.14049963019074796	2024-25	8.0	9.0	4.0	4.0	1.4	1.6	2025-01-02 14:59:59.999999+00:00
	2025-01-02	15:00	Rangers	Celtic	3	0	H	1	0	H	D Robertson	24	4	9	1	11	13	8	4	2	2	0	0	3.0	3.5	2.25	2.85	3.5	2.25				3.05	3.58	2.26	2.9	3.5	2.3				3.05	3.7	2.3	2.96	3.53	2.23	1.73	2.1	1.73	2.13	1.73	2.13	1.7	2.1	0.25	1.88	1.98	1.88	1.97	1.89	2.0	1.85	1.93	3.2	3.6	2.1	3.2	3.7	2.05				3.22	3.82	2.17	3.3	3.6	2.1				3.46	3.85	2.2	3.22	3.7	2.1	1.57	2.38	1.62	2.39	1.62	2.51	1.56	2.37	0.25	1.98	1.88	2.0	1.9	2.08	1.9	2.0	1.82	scotland	SC0	3.0	3.4	2.2	3.0	3.65	2.25	3.15	3.65	2.34	1.05	2.1	1.94	2.03	3.2	3.6	2.1	3.3	3.7	2.16	3.4	3.85	2.2	1.67	2.48	2.05	1.94																																															2025-01-02 15:00:00+00:00	scotland:20250102T1500Z:rangers:celtic:576	scotland:rangers	scotland:celtic	sco.1:2024-25	sco.1:2024-25-rules-v1	94	4.0	10.0	2.6	0.8	1.1	0.5	21.068536640884766	7.338935340842454	0.08705806842367969	94	4.0	13.0	2.4	0.0	2.7	0.9	21.484484960755765	5.561172434039201	0.1362000791896699	2024-25	10.0	13.0	4.0	4.0	2.6	2.4	2025-01-02 14:59:59.999999+00:00
	2025-01-02	15:00	St Johnstone	Hibernian	1	1	D	1	0	H	L Wilson	5	18	2	5	10	7	4	9	1	3	1	0	3.6	3.4	2.0	3.4	3.5	2.05				3.62	3.48	2.05	3.5	3.4	2.05				3.62	3.58	2.05	3.5	3.46	2.02	1.93	1.93	1.92	1.92	1.93	1.98	1.86	1.89	0.5	1.8	2.05	1.81	2.06	1.83	2.06	1.79	2.01	3.6	3.4	2.05	3.6	3.4	1.98				3.67	3.61	2.06	3.6	3.5	2.05				4.07	3.7	2.06	3.7	3.51	1.98	1.88	1.98	1.9	1.99	1.94	2.0	1.85	1.93	0.5	1.8	2.05	1.84	2.07	1.89	2.07	1.83	1.98	scotland	SC0	3.5	3.4	2.0	3.56	3.58	2.04	3.8	3.5	2.0					3.9	3.5	1.91	4.07	3.51	1.98	3.9	3.75	2.06	1.94	2.04	1.92	2.06																																															2025-01-02 15:00:00+00:00	scotland:20250102T1500Z:st-johnstone:hibernian:577	scotland:st-johnstone	scotland:hibernian	sco.1:2024-25	sco.1:2024-25-rules-v1	96	4.0	1.0	1.0	2.4	-1.1	0.1	7.851009234400732	15.297134085371713	0.09633452607159401	96	4.0	12.0	1.8	1.2	0.2	0.2	12.347505441425211	12.39426962473101	0.15847231598081227	2024-25	1.0	12.0	4.0	4.0	1.0	1.8	2025-01-02 14:59:59.999999+00:00
	2025-01-02	17:30	Dundee	Dundee United	1	2	A	0	0	D	S McLean	13	15	4	6	7	17	6	4	1	2	0	0	2.63	3.3	2.63	2.5	3.5	2.6				2.7	3.3	2.65							2.78	3.55	2.7	2.58	3.39	2.58	1.85	2.0	1.85	1.99	1.85	2.02	1.79	1.97	0.0	1.93	1.93	1.94	1.91	1.95	1.93	1.91	1.9	3.1	3.4	2.25	3.0	3.3	2.25				3.2	3.44	2.32							3.3	3.55	2.37	3.08	3.39	2.26	1.76	1.96	1.85	2.05	1.86	2.1	1.79	2.0	0.25	1.88	1.98	1.91	2.01	1.95	2.03	1.87	1.96	scotland	SC0	2.55	3.3	2.7	2.61	3.52	2.58	2.68	3.45	1.38	1.01	1.24			3.1	3.3	2.2	3.07	3.48	2.37	3.3	3.6	2.36	1.89	2.12																																																	2025-01-02 17:30:00+00:00	scotland:20250102T1730Z:dundee:dundee-united:578	scotland:dundee	scotland:dundee-united	sco.1:2024-25	sco.1:2024-25-rules-v1	57	4.104166666666667	6.0	1.2	1.6	-0.3	0.0	9.112890933063312	18.29094027651518	0.12747032510015827	57	4.010416666666667	8.0	1.4	1.2	0.5	0.4	13.22230423267188	12.904952241155978	0.10925089608761886	2024-25	6.0	8.0	4.104166666666667	4.010416666666667	1.2	1.4	2025-01-02 17:29:59.999999+00:00
	2025-01-05	12:00	Hibernian	Rangers	3	3	D	1	2	A	J Beaton	12	17	6	9	4	10	10	8	1	1	0	0	5.5	4.2	1.55	5.0	4.2	1.57				5.39	4.42	1.55	5.5	4.2	1.57				5.8	4.45	1.57	5.38	4.32	1.54	1.62	2.3	1.58	2.39	1.62	2.39	1.58	2.31	1.0	1.93	1.93	1.93	1.92	1.93	1.96	1.9	1.9	5.75	4.33	1.5	5.5	4.4	1.52				6.0	4.64	1.53	5.8	4.33	1.55				6.16	4.64	1.56	5.67	4.44	1.52	1.57	2.38	1.6	2.45	1.6	2.49	1.56	2.38	1.0	2.03	1.83	2.05	1.86	2.06	1.9	1.98	1.85	scotland	SC0	5.5	4.33	1.5	5.35	4.45	1.56	5.9	4.5	1.58	1.51	2.42	1.86	1.84	5.5	4.4	1.44	6.16	4.48	1.54	6.8	4.8	1.55	1.64	2.54	2.11	1.88																																															2025-01-05 12:00:00+00:00	scotland:20250105T1200Z:hibernian:rangers:579	scotland:hibernian	scotland:rangers	sco.1:2024-25	sco.1:2024-25-rules-v1	97	2.875	13.0	2.0	0.8	0.2	0.2	13.375231724802445	11.049856965689006	0.13976017772167468	95	2.875	10.0	2.0	0.8	1.3	0.6	21.601529978905717	6.731856187962007	0.0939566014375561	2024-25	13.0	10.0	2.875	2.875	2.0	2.0	2025-01-05 11:59:59.999999+00:00
	2025-01-05	14:30	Motherwell	Aberdeen	2	0	H	2	0	H	N Walsh	11	12	3	2	16	11	3	8	2	2	0	1	2.55	3.25	2.75	2.5	3.25	2.7				2.6	3.18	2.85	2.5	3.3	2.75				2.6	3.55	2.85	2.53	3.27	2.73	1.98	1.88	2.0	1.84	2.05	1.97	1.93	1.84	0.0	1.83	2.03	1.84	2.02	1.86	2.03	1.83	1.98	2.75	3.25	2.6	2.65	3.2	2.6				2.83	3.28	2.67	2.62	3.3	2.62				2.86	3.39	2.7	2.7	3.26	2.6	2.03	1.83	2.05	1.85	2.08	2.0	1.95	1.84	0.0	2.0	1.85	2.01	1.89	2.05	1.93	1.97	1.88	scotland	SC0	2.55	3.3	2.7	2.53	3.4	2.73	2.62	3.35	2.8	1.97	1.89			2.6	3.3	2.5	2.86	3.26	2.53	2.84	3.5	2.74	2.04	1.93	2.02	1.95																																															2025-01-05 14:30:00+00:00	scotland:20250105T1430Z:motherwell:aberdeen:580	scotland:motherwell	scotland:aberdeen	sco.1:2024-25	sco.1:2024-25-rules-v1	96	2.9791666666666665	5.0	1.4	2.2	-0.9	0.1	8.275503207153923	17.090092030139786	0.12383831882354776	96	2.9791666666666665	1.0	0.6	2.2	-0.7	0.0	12.030206795652067	14.078837627020906	0.0755580421107775	2024-25	5.0	1.0	2.9791666666666665	2.9791666666666665	1.4	0.6	2025-01-05 14:29:59.999999+00:00
	2025-01-05	15:00	Celtic	St Mirren	3	0	H	2	0	H	G Irvine	11	6	6	1	6	8	8	3	0	1	0	0	1.11	10.0	15.0	1.11	9.5	21.0				1.1	10.12	22.5	1.12	9.0	26.0				1.12	10.5	28.0	1.1	9.24	22.51	1.44	2.75	1.42	2.81	1.45	2.95	1.41	2.74	-2.5	2.03	1.78	2.01	1.83	2.06	1.83	1.99	1.79	1.14	9.0	13.0	1.14	8.25	16.0				1.14	9.4	18.46	1.15	8.0	19.0				1.15	9.5	24.0	1.13	8.57	17.06	1.44	2.75	1.43	2.85	1.44	2.99	1.41	2.84	-2.25	1.98	1.88	1.98	1.91	2.01	2.0	1.93	1.89	scotland	SC0	1.1	9.5	26.0	1.1	9.6	24.0	1.14	10.0	19.5	1.46	2.82			1.11	9.5	18.0	1.15	9.09	13.1	1.15	10.0	28.0	1.47	3.0	2.02	1.95																																															2025-01-05 15:00:00+00:00	scotland:20250105T1500Z:celtic:st-mirren:581	scotland:celtic	scotland:st-mirren	sco.1:2024-25	sco.1:2024-25-rules-v1	95	3.0	10.0	2.2	0.6	2.1	0.8	18.305487695163805	8.913686536941164	0.11143642842791172	97	3.0	9.0	1.6	1.6	-0.1	0.1	10.874349354338547	12.575070643774731	0.11495424288333923	2024-25	10.0	9.0	3.0	3.0	2.2	1.6	2025-01-05 14:59:59.999999+00:00
	2025-01-05	15:00	Dundee United	Hearts	0	1	A	0	0	D	M MacDermid	7	15	1	5	11	8	5	5	4	2	0	0	2.4	3.4	2.8	2.3	3.4	2.87				2.42	3.42	2.91	2.4	3.4	2.9				2.42	3.5	2.91	2.36	3.41	2.85	1.9	1.95	1.89	1.94	1.92	1.95	1.87	1.89	-0.25	2.08	1.73	2.1	1.78	2.1	1.8	2.03	1.76	2.45	3.25	2.88	2.37	3.25	2.9				2.46	3.35	3.05	2.38	3.3	3.0				2.48	3.4	3.15	2.39	3.28	2.96	2.0	1.8	2.09	1.8	2.09	1.82	2.03	1.77	-0.25	2.08	1.73	2.12	1.81	2.13	1.83	2.04	1.78	scotland	SC0	2.4	3.4	2.75	2.41	3.5	2.85	2.46	3.35	2.72	1.81	1.92			2.3	3.2	3.1	2.48	3.29	2.9	2.54	3.4	3.15	2.16	1.84	2.17	1.84																																															2025-01-05 15:00:00+00:00	scotland:20250105T1500Z:dundee-united:hearts:582	scotland:dundee-united	scotland:hearts	sco.1:2024-25	sco.1:2024-25-rules-v1	58	2.8958333333333335	10.0	1.6	1.2	0.7	0.4	13.545521644913354	12.92223365185489	0.11362952104138513	97	3.0	7.0	1.2	1.2	-0.1	0.2	13.726332290032984	10.17714631808849	0.10167084825499828	2024-25	10.0	7.0	2.8958333333333335	3.0	1.6	1.2	2025-01-05 14:59:59.999999+00:00
	2025-01-05	15:00	Kilmarnock	Ross County	0	1	A	0	0	D	S McLean	11	9	3	3	12	11	7	6	1	2	0	0	1.67	4.0	4.75	1.68	3.8	4.6				1.68	3.82	5.02	1.7	3.8	4.8				1.7	4.0	5.02	1.67	3.83	4.77	1.88	1.98	1.88	1.96	1.93	2.04	1.85	1.92	-0.75	1.9	1.95	1.89	1.96	1.92	1.96	1.86	1.91	1.57	3.9	6.0	1.58	3.8	5.75				1.6	3.95	6.26	1.62	3.8	5.8				1.69	4.1	6.26	1.59	3.88	5.73	2.0	1.8	2.07	1.83	2.09	1.88	2.0	1.79	-0.75	1.7	2.1	1.77	2.16	1.89	2.16	1.76	2.07	scotland	SC0	1.67	3.8	5.0	1.69	3.94	4.9	1.64	3.9	5.2	1.86	1.94			1.6	3.75	5.5	1.6	3.93	5.84	1.64	4.0	6.6	2.14	1.85	1.82	2.19																																															2025-01-05 15:00:00+00:00	scotland:20250105T1500Z:kilmarnock:ross-county:583	scotland:kilmarnock	scotland:ross-county	sco.1:2024-25	sco.1:2024-25-rules-v1	97	3.0	10.0	1.6	0.4	-0.3	0.3	12.542128135240029	11.060080762306258	0.09042207879998011	97	3.0	7.0	1.8	1.6	-0.9	0.2	12.301599682964428	14.706463086310611	0.10854677750537933	2024-25	10.0	7.0	3.0	3.0	1.6	1.8	2025-01-05 14:59:59.999999+00:00
	2025-01-05	15:00	St Johnstone	Dundee	1	3	A	0	3	A	D Dickinson	26	11	5	5	9	14	3	5	1	5	0	0	2.7	3.25	2.6	2.65	3.4	2.5				2.8	3.16	2.67	2.7	3.3	2.5				2.8	3.46	2.67	2.68	3.31	2.55	1.93	1.93	1.92	1.92	1.93	2.06	1.86	1.9	0.0	1.95	1.9	1.97	1.88	1.98	1.9	1.95	1.86	2.55	3.3	2.75	2.5	3.25	2.75				2.61	3.34	2.86	2.5	3.4	2.75				2.61	3.4	2.86	2.52	3.29	2.77	1.88	1.98	1.89	2.0	1.95	2.0	1.87	1.91	0.0	1.83	2.03	1.87	2.05	1.87	2.11	1.83	2.03	scotland	SC0	2.75	3.2	2.63	2.68	3.46	2.54	2.9	3.3	2.64	1.92	2.06			2.5	3.25	2.8	2.57	3.32	2.77	2.68	3.45	2.94	1.94	2.04	1.9	2.09																																															2025-01-05 15:00:00+00:00	scotland:20250105T1500Z:st-johnstone:dundee:584	scotland:st-johnstone	scotland:dundee	sco.1:2024-25	sco.1:2024-25-rules-v1	97	3.0	1.0	1.0	2.4	-0.9	0.1	7.332643919055144	15.788564251667765	0.11518279405857693	58	2.8958333333333335	3.0	0.6	1.8	-0.2	0.0	9.81963803614271	17.692587498966965	0.11827991634068892	2024-25	1.0	3.0	3.0	2.8958333333333335	1.0	0.6	2025-01-05 14:59:59.999999+00:00
	2025-01-08	19:45	Celtic	Dundee United	2	0	H	1	0	H	K Clancy	19	5	6	3	12	4	13	4	0	0	0	0	1.17	8.0	15.0	1.16	8.0	14.5				1.15	8.37	14.77	1.18	7.5	15.0				1.18	8.37	18.5	1.15	7.8	14.99	1.33	3.4	1.32	3.34	1.35	3.4	1.32	3.17	-2.25	1.95	1.9	1.93	1.92	2.0	1.92	1.92	1.86	1.13	8.0	19.0	1.13	8.5	18.0				1.13	9.44	19.97	1.15	8.0	21.0				1.16	9.44	22.0	1.13	8.34	18.69	1.4	3.0	1.39	3.04	1.4	3.2	1.37	3.01	-2.25	1.88	1.98	1.91	1.97	1.96	1.99	1.9	1.91	scotland	SC0	1.13	8.0	16.0	1.17	8.0	14.0	1.18	9.2	21.0	1.37	3.45	1.94	1.92	1.1	8.0	17.0	1.14	8.19	18.5	1.15	10.0	29.0	1.42	3.25	1.93	2.04																																															2025-01-08 19:45:00+00:00	scotland:20250108T1945Z:celtic:dundee-united:585	scotland:celtic	scotland:dundee-united	sco.1:2024-25	sco.1:2024-25-rules-v1	96	3.1979166666666665	10.0	2.2	0.6	2.2	0.8	16.97721720513402	8.383925348406407	0.14076203648234098	59	3.1979166666666665	10.0	1.0	0.6	0.6	0.4	12.355426800383652	13.300009351517637	0.09296960812476965	2024-25	10.0	10.0	3.1979166666666665	3.1979166666666665	2.2	1.0	2025-01-08 19:44:59.999999+00:00
	2025-01-08	19:45	Kilmarnock	Motherwell	0	0	D	0	0	D	D Robertson	18	7	3	2	5	6	15	2	1	2	0	0	1.95	3.5	3.9	1.95	3.4	3.8				2.0	3.36	3.95	2.0	3.5	3.8				2.01	3.6	3.95	1.97	3.44	3.76	2.05	1.8	2.05	1.81	2.05	1.83	1.99	1.79	-0.5	2.0	1.85	2.02	1.86	2.02	1.88	1.96	1.84	1.8	3.5	4.5	1.82	3.4	4.4				1.85	3.48	4.86	1.91	3.4	4.2				1.93	3.54	4.86	1.85	3.44	4.34	2.1	1.73	2.14	1.77	2.19	1.8	2.1	1.72	-0.5	1.8	2.05	1.85	2.06	1.91	2.08	1.84	1.96	scotland	SC0	2.0	3.4	3.75	2.01	3.52	3.7	2.04	3.5	4.0	2.1	1.81	2.04	1.89	1.85	3.3	4.0	1.85	3.54	4.39	1.95	3.55	4.7	2.16	1.84	1.94	2.05																																															2025-01-08 19:45:00+00:00	scotland:20250108T1945Z:kilmarnock:motherwell:586	scotland:kilmarnock	scotland:motherwell	sco.1:2024-25	sco.1:2024-25-rules-v1	98	3.1979166666666665	7.0	1.4	0.6	-0.2	0.3	12.261741201560023	10.68552062370512	0.07398170083634736	97	3.21875	5.0	1.0	1.6	-0.8	0.2	8.770866260398662	16.164620751932553	0.1343801120952994	2024-25	7.0	5.0	3.1979166666666665	3.21875	1.4	1.0	2025-01-08 19:44:59.999999+00:00
	2025-01-09	20:00	Dundee	Rangers	1	1	D	1	1	D	C Scott	12	13	2	3	3	8	3	7	0	2	0	0	9.0	5.75	1.29	9.0	5.75	1.29				8.96	5.69	1.29	9.5	5.5	1.3				10.0	6.0	1.3	9.14	5.62	1.28	1.44	2.75	1.45	2.71	1.48	2.75	1.44	2.66	1.5	2.03	1.78	2.04	1.79	2.05	1.85	1.99	1.8	9.5	6.0	1.27	9.0	5.5	1.29				9.99	6.01	1.29	9.5	5.5	1.3				10.0	6.4	1.3	9.31	5.73	1.28	1.41	2.7	1.45	2.8	1.47	2.9	1.43	2.73	1.5	2.05	1.75	2.1	1.79	2.17	1.83	2.04	1.78	scotland	SC0	9.5	5.5	1.25	9.3	5.9	1.29	9.8	6.0	1.32	1.45	2.72	1.96	1.78	10.0	5.5	1.25	9.24	6.04	1.29	11.0	6.4	1.32	1.51	2.88	2.07	1.86																																															2025-01-09 20:00:00+00:00	scotland:20250109T2000Z:dundee:rangers:587	scotland:dundee	scotland:rangers	sco.1:2024-25	sco.1:2024-25-rules-v1	59	4.208333333333333	6.0	1.2	1.6	-0.1	0.0	10.03424930229858	19.203026135518424	0.14636125386552232	96	4.333333333333333	8.0	2.0	1.4	1.4	0.6	20.76488816455922	7.68970051742346	0.10895914449169028	2024-25	6.0	8.0	4.208333333333333	4.333333333333333	1.2	2.0	2025-01-09 19:59:59.999999+00:00
	2025-01-11	12:30	Ross County	Celtic	1	4	A	0	1	A	M MacDermid	6	27	1	13	6	5	6	7	3	0	0	0	15.0	6.5	1.18	13.5	7.5	1.17				13.64	7.95	1.16	15.0	7.0	1.18				16.0	8.0	1.18	14.18	7.42	1.16	1.4	3.0	1.39	2.99	1.4	3.1	1.37	2.95	2.0	2.03	1.83	2.04	1.83	2.06	1.85	1.99	1.81	15.0	6.0	1.2	11.5	6.75	1.21				13.66	7.4	1.2	13.0	6.0	1.22				16.0	7.4	1.22	13.49	6.68	1.2	1.5	2.63	1.52	2.6	1.52	2.7	1.49	2.57	2.0	1.78	2.03	1.82	2.09	1.91	2.14	1.8	2.03	scotland	SC0	16.0	8.0	1.14	14.5	7.7	1.17	17.5	8.2	1.19	1.41	3.1	2.05	1.83	16.0	7.0	1.17	14.7	6.08	1.22	17.5	7.4	1.23	1.56	2.76	1.83	2.16																																															2025-01-11 12:30:00+00:00	scotland:20250111T1230Z:ross-county:celtic:588	scotland:ross-county	scotland:celtic	sco.1:2024-25	sco.1:2024-25-rules-v1	98	5.895833333333333	10.0	1.8	1.0	-0.8	0.2	11.70130883151635	14.032560706981409	0.10901301997914875	97	2.6979166666666665	12.0	2.6	0.6	2.2	0.8	17.34499589510965	7.768666194150697	0.1343076949209584	2024-25	10.0	12.0	5.895833333333333	2.6979166666666665	1.8	2.6	2025-01-11 12:29:59.999999+00:00
	2025-01-11	15:00	Hibernian	Motherwell	3	1	H	2	0	H	C Steven	8	4	3	2	11	13	3	6	1	3	0	1	1.62	4.0	5.25	1.63	3.9	4.8				1.63	3.95	5.29	1.67	4.0	5.0				1.67	4.1	5.3	1.63	3.96	5.04	1.77	1.97	1.84	2.02	1.84	2.07	1.78	2.0	-0.75	1.8	2.05	1.83	2.06	1.83	2.07	1.79	2.0	1.48	4.33	6.25	1.49	4.33	6.0				1.52	4.47	6.48	1.5	4.2	6.0				1.55	4.5	6.6	1.5	4.34	6.15	1.73	2.1	1.78	2.12	1.79	2.24	1.74	2.08	-1.0	1.83	2.03	1.86	2.05	1.91	2.06	1.83	2.0	scotland	SC0	1.62	3.9	5.0	1.64	4.05	5.15	1.65	4.1	5.8	1.84	2.04	1.8	2.11	1.5	4.2	6.0	1.5	4.39	6.33	1.57	4.5	6.8	1.81	2.2	1.9	2.08																																															2025-01-11 15:00:00+00:00	scotland:20250111T1500Z:hibernian:motherwell:589	scotland:hibernian	scotland:motherwell	sco.1:2024-25	sco.1:2024-25-rules-v1	98	6.125	11.0	2.0	1.2	0.3	0.2	13.125189593020181	12.13170115374555	0.15980378177227927	98	2.8020833333333335	5.0	0.8	1.4	-0.7	0.3	8.448890576689815	16.498326069762996	0.10994736444160859	2024-25	11.0	5.0	6.125	2.8020833333333335	2.0	0.8	2025-01-11 14:59:59.999999+00:00
	2025-01-11	15:00	St Mirren	Dundee United	0	1	A	0	0	D	D Dickinson	17	17	5	7	10	9	8	5	3	3	0	0	2.55	3.2	2.75	2.55	3.1	2.8				2.64	3.07	2.9	2.62	3.1	2.88				2.65	3.25	2.9	2.59	3.09	2.82	2.2	1.67	2.2	1.7	2.2	1.72	2.13	1.68	0.0	1.83	2.03	1.84	2.03	1.85	2.04	1.83	1.99	2.6	3.0	2.88	2.6	2.95	2.87				2.7	2.99	3.06	2.6	3.0	2.9				2.7	3.05	3.06	2.61	2.97	2.92	2.38	1.57	2.38	1.63	2.44	1.63	2.34	1.59	0.0	1.83	2.03	1.83	2.09	1.87	2.09	1.81	2.04	scotland	SC0	2.6	3.2	2.75	2.65	3.04	2.88	2.64	3.2	2.94	2.2	1.73	1.89	2.05	2.6	2.9	2.9	2.63	3.04	2.91	2.76	3.1	3.1	2.4	1.69	1.87	2.11																																															2025-01-11 15:00:00+00:00	scotland:20250111T1500Z:st-mirren:dundee-united:590	scotland:st-mirren	scotland:dundee-united	sco.1:2024-25	sco.1:2024-25-rules-v1	98	6.0	6.0	1.0	1.8	-0.4	0.0	9.988104017186082	12.288694163088415	0.09405347145000482	60	2.8020833333333335	9.0	1.0	1.0	0.1	0.3	11.01807647304117	14.33637128760534	0.07606604301117516	2024-25	6.0	9.0	6.0	2.8020833333333335	1.0	1.0	2025-01-11 14:59:59.999999+00:00
	2025-01-12	15:00	Aberdeen	Hearts	0	0	D	0	0	D	S McLean	9	9	1	2	10	10	4	3	2	1	0	0	2.38	3.4	2.88	2.35	3.4	2.8				2.44	3.36	2.92	2.45	3.3	2.88				2.5	3.5	2.92	2.42	3.35	2.83	1.88	1.98	1.88	1.95	1.9	1.98	1.85	1.92	0.0	1.73	2.08	1.76	2.11	1.81	2.11	1.76	2.06	2.6	3.4	2.63	2.55	3.3	2.6				2.68	3.43	2.71	2.62	3.3	2.62				2.68	3.45	2.75	2.59	3.37	2.65	1.88	1.98	1.9	1.99	1.95	2.0	1.87	1.93	0.0	1.93	1.93	1.94	1.96	1.96	1.96	1.92	1.93	scotland	SC0	2.45	3.3	2.8	2.43	3.44	2.86	2.52	3.6	2.86	1.8	1.92			2.5	3.3	2.6	2.62	3.43	2.65	2.7	3.6	2.82	1.93	2.06	1.95	2.03																																															2025-01-12 15:00:00+00:00	scotland:20250112T1500Z:aberdeen:hearts:591	scotland:aberdeen	scotland:hearts	sco.1:2024-25	sco.1:2024-25-rules-v1	97	7.020833333333333	0.0	0.4	2.4	-1.2	0.0	12.024714650988054	13.51904896756256	0.06182021627245432	98	7.0	10.0	1.4	1.0	-0.1	0.3	13.957908237299712	9.59948335116331	0.09530645160257434	2024-25	0.0	10.0	7.020833333333333	7.0	0.4	1.4	2025-01-12 14:59:59.999999+00:00
	2025-01-12	15:00	Rangers	St Johnstone	3	1	H	3	0	H	R Hardie	22	8	6	2	10	7	12	2	0	0	0	0	1.11	8.5	21.0	1.12	9.25	19.5				1.11	10.29	17.99	1.12	9.0	23.0				1.12	10.29	24.0	1.11	9.22	20.62	1.36	3.2	1.33	3.23	1.36	3.65	1.32	3.18	-2.5	2.0	1.85	2.02	1.82	2.03	1.85	1.98	1.82	1.11	8.5	21.0	1.12	9.25	18.5				1.11	11.25	21.49	1.12	9.5	21.0				1.14	11.25	23.0	1.11	9.3	19.83	1.3	3.5	1.3	3.61	1.32	3.65	1.29	3.45	-2.5	1.93	1.93	1.97	1.92	2.08	1.95	1.94	1.87	scotland	SC0	1.1	9.5	23.0	1.11	9.4	22.0	1.12	9.6	10.5	1.33	1.5			1.08	8.5	17.0	1.12	8.7	21.0	1.12	13.0	30.0	1.32	4.0	1.97	1.99																																															2025-01-12 15:00:00+00:00	scotland:20250112T1500Z:rangers:st-johnstone:592	scotland:rangers	scotland:st-johnstone	sco.1:2024-25	sco.1:2024-25-rules-v1	97	2.7916666666666665	6.0	2.0	1.6	1.3	0.5	19.353090316457543	8.473391332437377	0.10313440493376057	98	7.0	1.0	0.8	2.4	-1.0	0.1	10.726708661045118	14.917916205909988	0.10123347485911538	2024-25	6.0	1.0	2.7916666666666665	7.0	2.0	0.8	2025-01-12 14:59:59.999999+00:00
	2025-01-14	20:00	Dundee	Celtic	3	3	D	1	1	D	D Robertson	10	12	4	5	11	10	2	4	2	1	0	0	12.0	7.0	1.2	12.5	7.0	1.2				13.59	7.72	1.19	15.0	6.5	1.2				15.0	7.72	1.21	13.11	7.03	1.19	1.44	2.75	1.44	2.84	1.44	2.88	1.42	2.76	2.0	1.93	1.93	1.92	1.97	1.95	1.97	1.87	1.93	12.0	7.0	1.2	13.0	7.0	1.19				13.9	7.81	1.19	15.0	6.5	1.2				15.0	7.81	1.21	12.98	7.09	1.19	1.44	2.75	1.44	2.85	1.45	2.87	1.42	2.78	2.0	1.93	1.93	1.93	1.95	2.0	1.97	1.89	1.92	scotland	SC0	14.0	7.0	1.17	13.0	7.1	1.2	17.0	7.8	1.22	1.47	3.05	1.93	1.99	14.0	6.5	1.14	11.7	7.05	1.21	19.0	8.0	1.21	1.48	3.0	2.02	1.97																																															2025-01-14 20:00:00+00:00	scotland:20250114T2000Z:dundee:celtic:593	scotland:dundee	scotland:celtic	sco.1:2024-25	sco.1:2024-25-rules-v1	60	5.0	7.0	1.4	1.6	0.2	0.0	10.391658520062474	18.0752032017878	0.13490163195057886	98	3.3125	12.0	2.6	0.8	2.2	0.8	19.100451186907897	7.447090522486933	0.1368241409622656	2024-25	7.0	12.0	5.0	3.3125	1.4	2.6	2025-01-14 19:59:59.999999+00:00
	2025-01-15	20:00	Rangers	Aberdeen	3	0	H	1	0	H	K Clancy	29	6	12	2	5	9	10	3	1	3	0	0	1.25	5.5	12.0	1.25	6.25	9.75				1.24	6.0	10.79	1.25	6.0	11.0				1.25	6.4	12.5	1.24	5.94	10.88	1.44	2.75	1.41	2.85	1.44	2.88	1.4	2.8	-1.75	1.85	2.0	1.86	2.0	1.92	2.0	1.85	1.93	1.18	7.0	13.0	1.19	7.25	12.0				1.21	7.34	12.93	1.2	6.5	15.0				1.23	7.5	15.0	1.19	7.0	13.1	1.4	3.0	1.38	3.13	1.4	3.13	1.37	3.03	-2.0	1.85	2.0	1.9	1.99	1.96	2.0	1.9	1.93	scotland	SC0	1.22	5.5	11.0	1.25	6.4	10.5	1.29	6.4	13.0	1.44	2.96	1.86	1.88	1.18	7.0	13.0	1.2	7.09	12.7	1.22	8.0	16.5	1.42	3.3	1.91	2.05																																															2025-01-15 20:00:00+00:00	scotland:20250115T2000Z:rangers:aberdeen:594	scotland:rangers	scotland:aberdeen	sco.1:2024-25	sco.1:2024-25-rules-v1	98	3.2083333333333335	9.0	2.4	1.4	1.5	0.5	19.83434662255617	8.387320181085126	0.10917608337555616	98	3.2083333333333335	1.0	0.2	1.8	-1.1	0.1	11.474766532626589	12.697403700733004	0.050580176950189897	2024-25	9.0	1.0	3.2083333333333335	3.2083333333333335	2.4	0.2	2025-01-15 19:59:59.999999+00:00
	2025-01-25	15:00	Aberdeen	St Mirren	0	3	A	0	2	A	C Graham	15	6	7	3	14	23	6	3	2	5	0	0	2.0	3.3	3.9	2.0	3.4	3.6				2.01	3.56	3.65	2.05	3.4	3.6				2.08	3.6	3.9	1.99	3.47	3.67	2.03	1.83	2.01	1.85	2.08	1.85	1.98	1.81	-0.5	2.03	1.83	2.03	1.85	2.08	1.88	1.99	1.83	1.95	3.3	3.9	2.0	3.4	3.5				2.02	3.5	3.93	2.05	3.4	3.6				2.13	3.6	3.93	2.01	3.43	3.68	1.95	1.9	1.99	1.9	2.0	1.92	1.94	1.85	-0.5	2.0	1.85	2.03	1.88	2.05	1.9	2.01	1.82	scotland	SC0	2.0	3.3	3.8	1.99	3.56	3.72	2.08	3.5	3.95	2.04	1.84	2.08	1.9	1.95	3.3	3.8	1.99	3.6	3.68	2.08	3.55	4.1	2.02	1.95	2.08	1.9																																															2025-01-25 15:00:00+00:00	scotland:20250125T1500Z:aberdeen:st-mirren:595	scotland:aberdeen	scotland:st-mirren	sco.1:2024-25	sco.1:2024-25-rules-v1	99	9.791666666666666	1.0	0.2	1.6	-1.4	0.1	10.479354435785389	15.661512118781548	0.04138378114106446	99	14.0	3.0	0.6	1.8	-0.6	0.0	11.262994195879521	13.145295224345066	0.07695284027727667	2024-25	1.0	3.0	9.791666666666666	14.0	0.2	0.6	2025-01-25 14:59:59.999999+00:00
	2025-01-25	15:00	Hearts	Kilmarnock	3	2	H	1	0	H	J Beaton	10	15	4	8	9	17	3	7	2	5	0	0	1.85	3.7	3.9	1.88	3.5	3.9				1.88	3.58	4.1	1.95	3.5	4.0				1.95	3.7	4.2	1.89	3.54	3.95	2.03	1.83	2.0	1.85	2.11	1.87	1.99	1.81	-0.5	1.88	1.98	1.9	1.96	1.93	2.0	1.89	1.91	1.83	3.7	4.2	1.85	3.4	4.1				1.87	3.61	4.48	1.85	3.4	4.2				1.89	3.7	4.5	1.86	3.53	4.18	2.05	1.8	2.07	1.83	2.08	1.85	2.0	1.79	-0.5	1.85	2.0	1.88	2.03	1.89	2.09	1.86	1.97	scotland	SC0	1.83	3.5	4.2	1.92	3.6	3.94	1.92	3.65	4.5	2.06	1.87	1.92	2.06	1.83	3.4	4.5	1.89	3.6	4.1	1.91	3.65	4.7	2.12	1.86	1.92	2.07																																															2025-01-25 15:00:00+00:00	scotland:20250125T1500Z:hearts:kilmarnock:596	scotland:hearts	scotland:kilmarnock	sco.1:2024-25	sco.1:2024-25-rules-v1	99	13.0	8.0	1.0	0.8	0.0	0.4	13.056470375972491	9.490486378224524	0.07797800585665172	99	16.802083333333332	7.0	1.2	0.4	-0.1	0.4	13.305060983094563	10.015425964849644	0.060530482502466024	2024-25	8.0	7.0	13.0	16.802083333333332	1.0	1.2	2025-01-25 14:59:59.999999+00:00
	2025-01-25	15:00	Ross County	Hibernian	1	1	D	0	1	A	D Dickinson	5	13	3	4	12	8	2	8	2	2	0	0	3.8	3.3	2.0	3.5	3.4	2.0				3.73	3.42	2.04	3.6	3.4	2.05				3.8	3.58	2.12	3.6	3.4	2.03	1.95	1.9	1.95	1.9	2.0	1.93	1.92	1.86	0.25	2.05	1.75	2.12	1.76	2.12	1.83	2.06	1.75	4.2	3.4	1.91	4.0	3.3	1.93				4.16	3.5	1.96	3.9	3.4	2.0				4.25	3.54	2.02	3.99	3.42	1.94	2.1	1.73	2.12	1.78	2.13	1.88	2.04	1.77	0.5	1.93	1.93	1.93	1.97	1.97	2.0	1.89	1.94	scotland	SC0	3.5	3.3	2.1	3.6	3.58	2.02	3.7	3.45	2.1	2.06	1.92	2.15	1.81	4.0	3.4	1.91	3.92	3.54	1.94	4.3	3.6	2.02	2.16	1.81	1.96	2.02																																															2025-01-25 15:00:00+00:00	scotland:20250125T1500Z:ross-county:hibernian:597	scotland:ross-county	scotland:hibernian	sco.1:2024-25	sco.1:2024-25-rules-v1	99	14.104166666666666	10.0	1.8	1.4	-0.8	0.2	10.664707225786103	16.390276942075698	0.1194955011950611	99	14.0	11.0	2.0	1.2	0.8	0.2	12.193336939743784	10.65321003488272	0.19893036690459212	2024-25	10.0	11.0	14.104166666666666	14.0	1.8	2.0	2025-01-25 14:59:59.999999+00:00
	2025-01-25	15:00	St Johnstone	Motherwell	2	1	H	0	1	A	K Clancy	16	10	5	3	10	12	7	3	1	4	0	0	2.45	3.5	2.7	2.5	3.3	2.7				2.62	3.2	2.82	2.6	3.3	2.7				2.62	3.5	2.82	2.55	3.26	2.74	2.05	1.8	2.05	1.82	2.08	1.85	2.0	1.78	0.0	1.85	2.0	1.86	2.01	1.89	2.05	1.85	1.98	2.1	3.2	3.75	2.05	3.1	3.6				2.13	3.29	3.83	2.1	3.2	3.8				2.14	3.3	4.0	2.07	3.21	3.77	2.1	1.73	2.21	1.72	2.26	1.73	2.19	1.67	-0.25	1.8	2.05	1.83	2.09	1.83	2.13	1.76	2.06	scotland	SC0	2.55	3.3	2.7	2.56	3.38	2.71	2.6	3.45	2.82	2.16	1.82	1.86	2.02	2.0	3.2	3.9	2.1	3.28	3.69	2.16	3.4	4.0	2.24	1.78	1.85	2.15																																															2025-01-25 15:00:00+00:00	scotland:20250125T1500Z:st-johnstone:motherwell:598	scotland:st-johnstone	scotland:motherwell	sco.1:2024-25	sco.1:2024-25-rules-v1	99	13.0	1.0	0.8	2.6	-1.1	0.1	10.230943449946006	16.205567804835443	0.10555466124836713	99	14.0	5.0	1.0	1.2	-0.6	0.3	7.64000138092803	14.953175875260632	0.13541147999767975	2024-25	1.0	5.0	13.0	14.0	0.8	1.0	2025-01-25 14:59:59.999999+00:00
	2025-01-26	12:00	Dundee United	Rangers	1	3	A	1	1	D	N Walsh	13	25	6	9	13	11	3	4	4	1	0	1	5.25	4.1	1.57	5.25	4.1	1.57				5.08	4.14	1.62	5.0	4.0	1.65				5.5	4.2	1.65	5.08	4.12	1.6	1.67	2.2	1.68	2.21	1.68	2.25	1.65	2.2	1.0	1.83	2.03	1.81	2.05	1.91	2.05	1.82	1.99	5.5	4.2	1.55	5.25	4.1	1.57				5.53	4.47	1.58	5.0	4.0	1.6				5.56	4.47	1.6	5.33	4.23	1.57	1.62	2.3	1.63	2.38	1.65	2.42	1.61	2.3	1.0	1.9	1.95	1.96	1.94	1.96	2.0	1.88	1.95	scotland	SC0	5.5	4.2	1.57	4.98	4.2	1.63	5.2	4.2	1.64	1.65	2.3	1.8	2.07	5.0	4.2	1.5	5.56	4.25	1.57	6.0	4.7	1.6	1.66	2.48	1.99	1.99																																															2025-01-26 12:00:00+00:00	scotland:20250126T1200Z:dundee-united:rangers:599	scotland:dundee-united	scotland:rangers	sco.1:2024-25	sco.1:2024-25-rules-v1	61	14.875	9.0	0.8	0.8	0.2	0.4	12.105698932488227	14.820667417131641	0.07293104053855506	99	10.666666666666666	11.0	2.6	1.0	1.7	0.5	21.500829054818684	7.953261966342375	0.1081346638276494	2024-25	9.0	11.0	14.875	10.666666666666666	0.8	2.6	2025-01-26 11:59:59.999999+00:00
	2025-02-01	15:00	Dundee	Hearts	0	6	A	0	2	A	L Wilson	7	16	3	11	12	9	3	9	1	0	0	0	3.0	3.6	2.25	2.9	3.4	2.3				3.08	3.47	2.29	3.0	3.5	2.3				3.08	3.6	2.38	2.98	3.47	2.27	1.83	2.03	1.85	2.01	1.86	2.08	1.81	1.97	0.25	1.88	1.98	1.88	2.0	1.9	2.04	1.84	1.96	3.25	3.4	2.2	3.1	3.4	2.2				3.25	3.5	2.27	3.1	3.4	2.25				3.28	3.57	2.31	3.17	3.42	2.21	1.88	1.98	1.89	2.0	1.95	2.03	1.86	1.93	0.25	1.93	1.93	1.93	1.97	1.97	1.98	1.91	1.91	scotland	SC0	3.0	3.4	2.25	3.02	3.55	2.28	3.2	3.6	2.32	1.85	2.12	1.94	2.0	3.1	3.25	2.15	3.26	3.41	2.21	3.35	3.55	2.34	1.89	2.1	1.98	2.01																																															2025-02-01 15:00:00+00:00	scotland:20250201T1500Z:dundee:hearts:600	scotland:dundee	scotland:hearts	sco.1:2024-25	sco.1:2024-25-rules-v1	61	17.791666666666668	8.0	2.0	1.6	-0.1	0.0	10.320447880051114	16.970620801462744	0.1649195170504736	100	7.0	11.0	1.4	0.8	0.4	0.4	12.500748489432038	10.492216127638248	0.1183456411554423	2024-25	8.0	11.0	17.791666666666668	7.0	2.0	1.4	2025-02-01 14:59:59.999999+00:00
	2025-02-01	15:00	Hibernian	Aberdeen	2	0	H	1	0	H	D Robertson	8	7	4	3	8	3	2	8	0	0	0	0	1.8	3.7	4.33	1.82	3.6	4.0				1.82	3.78	4.2	1.85	3.6	4.2				1.86	3.78	4.33	1.82	3.7	4.11	1.8	2.0	1.75	2.12	1.8	2.14	1.75	2.05	-0.5	1.78	2.03	1.83	2.05	1.86	2.09	1.82	2.01	1.75	3.6	4.5	1.78	3.6	4.33				1.84	3.7	4.51	1.83	3.6	4.33				1.89	3.77	4.61	1.8	3.62	4.35	1.85	2.0	1.86	2.03	1.86	2.11	1.83	1.98	-0.75	2.03	1.78	2.09	1.81	2.12	1.88	2.04	1.79	scotland	SC0	1.8	3.75	4.2	1.84	3.74	4.15	1.83	3.85	4.4	1.73	2.1	1.84	2.12	1.75	3.5	4.2	1.78	3.66	4.58	1.88	3.9	4.6	1.88	2.1	2.15	1.86																																															2025-02-01 15:00:00+00:00	scotland:20250201T1500Z:hibernian:aberdeen:601	scotland:hibernian	scotland:aberdeen	sco.1:2024-25	sco.1:2024-25-rules-v1	100	7.0	9.0	1.8	1.2	0.8	0.2	12.340002950699459	9.625353664904043	0.17674722327158934	100	7.0	1.0	0.2	2.0	-1.7	0.1	11.301289992915319	13.904873551730358	0.03385945729723456	2024-25	9.0	1.0	7.0	7.0	1.8	0.2	2025-02-01 14:59:59.999999+00:00
	2025-02-01	15:00	St Mirren	St Johnstone	0	1	A	0	0	D	D McFarlane	9	6	2	4	15	11	5	3	1	2	0	0	1.85	3.4	4.2	1.87	3.3	4.2				1.89	3.35	4.44	1.91	3.4	4.33				1.91	3.55	4.44	1.87	3.39	4.28	2.1	1.73	2.18	1.71	2.18	1.75	2.12	1.7	-0.5	1.88	1.98	1.91	1.96	1.93	2.0	1.88	1.94	1.8	3.4	4.5	1.83	3.3	4.33				1.85	3.46	4.86	1.91	3.3	4.33				1.92	3.47	4.87	1.85	3.37	4.5	2.2	1.67	2.17	1.74	2.29	1.74	2.16	1.69	-0.5	1.83	2.03	1.86	2.06	1.88	2.09	1.84	1.98	scotland	SC0	1.91	3.3	4.2	1.87	3.5	4.34	1.89	3.4	4.6	2.22	1.72	1.89	2.01	1.8	3.1	4.5	1.83	3.46	4.58	1.88	3.55	5.3	2.26	1.77	1.88	2.12																																															2025-02-01 15:00:00+00:00	scotland:20250201T1500Z:st-mirren:st-johnstone:602	scotland:st-mirren	scotland:st-johnstone	sco.1:2024-25	sco.1:2024-25-rules-v1	100	7.0	3.0	0.8	1.6	-0.4	0.1	10.306086160265064	13.482514274464144	0.1538705056814082	100	7.0	4.0	1.0	2.4	-1.1	0.0	11.279862822683096	15.077282749410816	0.10909017738502763	2024-25	3.0	4.0	7.0	7.0	0.8	1.0	2025-02-01 14:59:59.999999+00:00
	2025-02-01	17:45	Kilmarnock	Dundee United	1	0	H	0	0	D	D Dickinson	11	15	4	2	3	9	3	4	1	2	0	0	2.55	3.4	2.63	2.55	3.2	2.7				2.75	3.2	2.69	2.62	3.3	2.7				2.75	3.4	2.8	2.63	3.26	2.65	2.0	1.85	2.06	1.81	2.06	1.89	2.0	1.79	0.0	1.93	1.93	1.96	1.91	1.99	1.97	1.91	1.92	2.3	3.5	3.0	2.25	3.25	3.1				2.37	3.32	3.22	2.3	3.3	3.1				2.38	3.5	3.23	2.33	3.32	3.04	2.03	1.83	2.03	1.87	2.08	1.91	2.0	1.81	-0.25	2.0	1.85	2.04	1.88	2.05	1.91	2.0	1.83	scotland	SC0	2.63	3.3	2.63	2.66	3.38	2.61	2.8	3.3	2.72	1.96	1.8	1.97	1.91	2.3	3.25	3.1	2.38	3.5	2.89	2.42	3.45	3.35	2.02	1.95	2.06	1.92																																															2025-02-01 17:45:00+00:00	scotland:20250201T1745Z:kilmarnock:dundee-united:603	scotland:kilmarnock	scotland:dundee-united	sco.1:2024-25	sco.1:2024-25-rules-v1	100	7.114583333333333	4.0	0.8	1.0	-0.2	0.4	13.613231713441007	10.01262124396789	0.07376736447171463	62	6.239583333333333	6.0	0.8	1.4	-0.2	0.3	12.268299126581276	16.671455159471343	0.07365686533574085	2024-25	4.0	6.0	7.114583333333333	6.239583333333333	0.8	0.8	2025-02-01 17:44:59.999999+00:00
	2025-02-02	15:00	Motherwell	Celtic	1	3	A	1	2	A	C Scott	2	18	1	9	5	8	3	10	0	0	0	0	12.0	7.5	1.2	12.5	7.0	1.19				12.63	7.09	1.19	15.0	7.0	1.2				15.0	8.0	1.2	13.08	7.06	1.18	1.44	2.75	1.42	2.82	1.44	3.0	1.41	2.78	2.0	1.93	1.93	1.89	1.94	1.97	2.0	1.87	1.92	13.0	7.5	1.18	13.5	7.0	1.18				16.14	7.57	1.18	15.0	7.0	1.18				17.0	7.57	1.19	14.65	7.15	1.17	1.5	2.63	1.5	2.64	1.51	2.78	1.47	2.62	2.0	1.93	1.93	1.94	1.94	2.0	2.02	1.9	1.93	scotland	SC0	14.0	8.0	1.15	13.6	7.3	1.19	1.09	7.4	1.19	1.42	2.78	1.86	1.85	15.0	7.0	1.13	12.5	7.53	1.19	21.0	8.4	1.19	1.54	2.8	2.02	1.96																																															2025-02-02 15:00:00+00:00	scotland:20250202T1500Z:motherwell:celtic:604	scotland:motherwell	scotland:celtic	sco.1:2024-25	sco.1:2024-25-rules-v1	100	8.0	4.0	0.8	1.2	-0.4	0.3	8.069092038941115	15.143507534304153	0.1289730290890107	99	18.791666666666668	10.0	2.4	1.4	1.7	0.7	17.809460062015553	7.911255882034763	0.1574015698782173	2024-25	4.0	10.0	8.0	18.791666666666668	0.8	2.4	2025-02-02 14:59:59.999999+00:00
	2025-02-02	15:00	Rangers	Ross County	4	0	H	3	0	H	S McLean	28	2	10	1	12	10	8	3	0	1	0	0	1.14	8.0	15.0	1.15	8.0	16.0				1.14	8.14	16.55	1.17	7.5	17.0				1.17	8.5	18.5	1.14	7.86	16.08	1.4	3.0	1.38	3.0	1.4	3.1	1.37	2.94	-2.25	1.98	1.88	1.98	1.86	2.02	1.92	1.97	1.83	1.09	10.0	21.0	1.1	10.5	23.0				1.09	12.2	26.38	1.11	10.0	23.0				1.14	12.2	29.0	1.09	10.3	23.91	1.33	3.4	1.33	3.39	1.37	3.4	1.33	3.23	-2.5	1.88	1.98	1.9	1.99	2.1	2.03	1.9	1.93	scotland	SC0	1.12	8.5	18.0	1.16	7.9	16.0	1.15	9.2	14.5	1.4	3.1	1.96	1.91	1.06	10.5	26.0	1.1	10.3	22.0	1.11	13.0	40.0	1.37	3.6	1.9	2.06																																															2025-02-02 15:00:00+00:00	scotland:20250202T1500Z:rangers:ross-county:605	scotland:rangers	scotland:ross-county	sco.1:2024-25	sco.1:2024-25-rules-v1	100	7.125	11.0	2.6	1.2	1.3	0.4	22.13704195394256	8.870850699734671	0.11029199767716769	100	8.0	8.0	1.4	1.6	-0.9	0.2	9.634760457461358	15.773862952607388	0.13413268279595908	2024-25	11.0	8.0	7.125	8.0	2.6	1.4	2025-02-02 14:59:59.999999+00:00
	2025-02-05	19:45	Celtic	Dundee	6	0	H	2	0	H	C Steven	18	5	8	1	9	6	6	3	1	4	0	0	1.1	9.5	23.0	1.09	11.5	20.0				1.08	12.12	20.63	1.1	11.0	29.0				1.1	12.5	29.0	1.08	10.78	22.29	1.25	4.0	1.21	4.32	1.25	4.9	1.21	4.11	-2.75	1.98	1.88	1.95	1.88	2.0	1.97	1.92	1.87	1.07	11.0	29.0	1.07	13.5	23.0				1.07	14.2	34.01	1.07	13.0	36.0				1.08	14.2	37.0	1.06	12.18	29.05	1.25	4.0	1.22	4.26	1.25	4.6	1.23	3.96	-2.75	1.78	2.03	1.83	2.05	1.91	2.13	1.81	2.01	scotland	SC0	1.08	11.0	20.0	1.07	11.7	27.0	1.12	12.5	29.0	1.24	4.6	1.98	1.88	1.06	13.0	36.0	1.08	11.1	29.0	1.09	15.0	55.0	1.27	4.6	1.88	2.1																																															2025-02-05 19:45:00+00:00	scotland:20250205T1945Z:celtic:dundee:606	scotland:celtic	scotland:dundee	sco.1:2024-25	sco.1:2024-25-rules-v1	100	3.1979166666666665	13.0	3.0	1.0	1.8	0.6	17.844103687103633	6.836482085301169	0.15908613293066262	62	4.197916666666667	5.0	1.6	2.6	-0.7	0.0	9.716730083678184	16.79414429210588	0.13493415031402387	2024-25	13.0	5.0	3.1979166666666665	4.197916666666667	3.0	1.6	2025-02-05 19:44:59.999999+00:00
	2025-02-15	15:00	Celtic	Dundee United	3	0	H	2	0	H	N Walsh	21	6	7	2	7	9	15	0	0	3	0	0	1.15	7.0	13.0							1.17	7.7	13.43	1.2	7.0	15.0				1.2	7.7	15.0	1.17	7.38	13.73	1.37	3.0	1.4	2.95	1.41	3.0	1.38	2.87	-2.0	1.85	2.0	1.85	2.03	1.91	2.08	1.83	1.97	1.18	7.0	13.0							1.18	7.95	14.56	1.2	6.5	13.0				1.2	7.95	15.0	1.18	7.27	13.91	1.4	3.0	1.41	2.98	1.44	3.0	1.4	2.88	-2.0	1.85	2.0	1.87	2.02	1.94	2.04	1.85	1.97	scotland	SC0	1.15	7.0	15.0	1.18	7.5	14.0	1.21	7.8	17.5	1.43	3.2	1.86	2.03	1.14	6.5	14.0	1.2	7.09	13.2	1.2	8.0	22.0	1.45	3.1	1.88	2.08																																															2025-02-15 15:00:00+00:00	scotland:20250215T1500Z:celtic:dundee-united:607	scotland:celtic	scotland:dundee-united	sco.1:2024-25	sco.1:2024-25-rules-v1	101	9.802083333333334	13.0	3.6	1.0	2.1	0.6	17.87244847126661	6.502576251610047	0.19076744209478455	63	13.885416666666666	3.0	0.4	1.4	-0.3	0.3	12.764972012657406	15.640281494112916	0.060264708001969786	2024-25	13.0	3.0	9.802083333333334	13.885416666666666	3.6	0.4	2025-02-15 14:59:59.999999+00:00
	2025-02-15	15:00	Dundee	Aberdeen	1	2	A	0	1	A	G Irvine	22	13	4	8	7	9	8	7	2	1	0	0	2.45	3.5	2.57							2.63	3.39	2.67	2.5	3.4	2.75				2.63	3.55	2.75	2.51	3.42	2.67	1.76	1.96	1.81	2.04	1.81	2.12	1.76	2.03	0.0	1.88	1.98	1.92	1.95	1.92	2.04	1.86	1.96	2.7	3.5	2.45							2.84	3.42	2.57	2.7	3.4	2.5				2.84	3.55	2.65	2.69	3.4	2.53	1.85	2.0	1.86	2.03	1.9	2.05	1.82	1.97	0.0	2.03	1.83	2.05	1.86	2.06	1.88	1.98	1.85	scotland	SC0	2.5	3.3	2.7	2.56	3.55	2.61	2.66	3.5	2.74	1.81	2.08	1.93	2.01	2.63	3.2	2.45	2.66	3.55	2.54	2.88	3.5	2.68	1.89	2.1	2.06	1.92																																															2025-02-15 15:00:00+00:00	scotland:20250215T1500Z:dundee:aberdeen:608	scotland:dundee	scotland:aberdeen	sco.1:2024-25	sco.1:2024-25-rules-v1	63	9.802083333333334	5.0	1.4	3.4	-1.6	0.0	8.859142795736695	17.013390784450266	0.1104006684387468	101	14.0	1.0	0.0	2.0	-1.8	0.1	10.519237266930714	12.831260178688474	0.027703192334101002	2024-25	5.0	1.0	9.802083333333334	14.0	1.4	0.0	2025-02-15 14:59:59.999999+00:00
	2025-02-15	15:00	Kilmarnock	St Johnstone	3	1	H	1	0	H	M MacDermid	13	11	4	3	11	7	7	5	1	1	0	0	1.76	3.6	4.1							1.85	3.24	4.86	1.85	3.5	4.2				1.9	3.68	4.9	1.85	3.38	4.44	1.92	1.82	1.98	1.88	2.02	1.95	1.93	1.85	-0.5	1.83	2.03	1.87	2.0	1.9	2.08	1.85	1.94	1.83	3.4	4.33							1.86	3.52	4.67	1.85	3.4	4.4				1.9	3.55	4.67	1.83	3.42	4.49	2.2	1.67	2.21	1.72	2.29	1.81	2.14	1.69	-0.5	1.85	2.0	1.87	2.04	1.9	2.07	1.83	1.98	scotland	SC0	1.85	3.4	4.2	1.85	3.68	4.2	1.87	3.55	4.8	2.06	1.88	1.87	2.08	1.75	3.2	4.6	1.86	3.46	4.41	1.89	3.55	5.2	2.3	1.74	1.89	2.11																																															2025-02-15 15:00:00+00:00	scotland:20250215T1500Z:kilmarnock:st-johnstone:609	scotland:kilmarnock	scotland:st-johnstone	sco.1:2024-25	sco.1:2024-25-rules-v1	101	13.885416666666666	7.0	1.0	0.8	0.5	0.5	13.13809867463355	10.919417381428275	0.07688404200578304	101	14.0	7.0	1.2	1.6	-0.9	0.1	10.31988776401344	13.97232224951794	0.11955862998168927	2024-25	7.0	7.0	13.885416666666666	14.0	1.0	1.2	2025-02-15 14:59:59.999999+00:00
	2025-02-15	15:00	Motherwell	Ross County	0	3	A	0	1	A	I Snedden	18	13	3	8	8	16	6	3	1	3	0	0	2.05	3.0	3.9							2.13	3.25	3.65	2.1	3.3	3.5				2.15	3.42	3.9	2.11	3.23	3.58	2.05	1.68	2.14	1.74	2.19	1.74	2.1	1.71	-0.25	1.77	1.97	1.84	2.04	1.86	2.07	1.79	2.0	2.0	3.0	4.1							2.1	3.25	4.01	2.15	3.2	3.5				2.21	3.25	4.2	2.1	3.12	3.79	2.2	1.67	2.2	1.72	2.29	1.73	2.21	1.65	-0.25	1.8	2.05	1.79	2.13	1.86	2.16	1.79	2.03	scotland	SC0	2.1	3.1	3.75	2.1	3.42	3.52	2.14	3.15	3.85	2.22	1.74	1.84	2.05	1.95	3.0	3.9	2.05	3.07	4.2	2.14	3.25	4.3	2.26	1.76	1.81	2.2																																															2025-02-15 15:00:00+00:00	scotland:20250215T1500Z:motherwell:ross-county:610	scotland:motherwell	scotland:ross-county	sco.1:2024-25	sco.1:2024-25-rules-v1	101	13.0	4.0	1.0	1.6	-0.7	0.2	6.965620759133638	15.662869800794306	0.19643247834555422	101	13.0	7.0	1.0	2.0	-0.8	0.2	8.246622192468383	17.996796961224227	0.10974492228760288	2024-25	4.0	7.0	13.0	13.0	1.0	1.0	2025-02-15 14:59:59.999999+00:00
	2025-02-16	12:00	Hearts	Rangers	1	3	A	0	1	A	J Beaton	21	15	10	7	10	8	10	7	1	1	0	0	4.75	3.75	1.73							4.56	3.86	1.74	4.5	3.8	1.75				4.9	3.98	1.75	4.56	3.79	1.72	1.73	2.1	1.75	2.09	1.76	2.16	1.72	2.08	0.75	1.88	1.98	1.89	1.95	1.93	2.02	1.87	1.92	5.5	4.1	1.57							5.83	4.42	1.56	5.0	4.0	1.62				5.83	4.42	1.64	5.4	4.2	1.57	1.62	2.3	1.64	2.34	1.67	2.42	1.62	2.26	1.0	1.9	1.95	1.95	1.95	1.99	2.12	1.85	1.96	scotland	SC0	4.75	3.75	1.7	4.47	3.98	1.73	4.8	3.95	1.78	1.78	2.12	1.9	2.01	5.5	4.2	1.57	5.34	4.14	1.61	5.8	4.5	1.63	1.67	2.44	1.94	2.0																																															2025-02-16 12:00:00+00:00	scotland:20250216T1200Z:hearts:rangers:611	scotland:hearts	scotland:rangers	sco.1:2024-25	sco.1:2024-25-rules-v1	101	14.875	13.0	2.2	0.4	1.0	0.5	13.13697603680803	9.85726774079493	0.16501007003627094	101	13.875	13.0	2.8	0.6	1.4	0.4	23.203034325953002	7.62160511796473	0.11621293316443589	2024-25	13.0	13.0	14.875	13.875	2.2	2.8	2025-02-16 11:59:59.999999+00:00
	2025-02-16	14:00	St Mirren	Hibernian	0	0	D	0	0	D	R Hardie	14	8	6	0	14	8	4	3	4	2	0	1	3.25	3.2	2.25							3.28	3.19	2.32	3.25	3.25	2.3				3.28	3.35	2.35	3.19	3.21	2.28	2.1	1.73	2.14	1.72	2.19	1.77	2.11	1.71	0.25	1.88	1.98	1.87	1.98	1.91	2.02	1.84	1.94	2.88	3.1	2.55							2.97	3.24	2.58	2.9	3.2	2.5				3.05	3.25	2.67	2.88	3.16	2.52	2.2	1.67	2.2	1.73	2.29	1.73	2.16	1.68	0.0	2.05	1.8	2.1	1.83	2.12	1.85	2.05	1.8	scotland	SC0	3.2	3.1	2.3	3.18	3.35	2.28	3.3	3.3	2.42	2.2	1.74	1.9	2.06	2.88	3.0	2.4	2.79	3.13	2.67	3.05	3.35	2.62	2.3	1.75	2.14	1.84																																															2025-02-16 14:00:00+00:00	scotland:20250216T1400Z:st-mirren:hibernian:612	scotland:st-mirren	scotland:hibernian	sco.1:2024-25	sco.1:2024-25-rules-v1	101	14.958333333333334	3.0	0.6	1.4	-0.3	0.1	10.068615949307778	12.12205713365248	0.12589405010297033	101	14.958333333333334	9.0	2.0	1.2	0.7	0.2	11.550911505117739	9.14801663492149	0.1900659099494822	2024-25	3.0	9.0	14.958333333333334	14.958333333333334	0.6	2.0	2025-02-16 13:59:59.999999+00:00
	2025-02-22	12:30	Hibernian	Celtic	2	1	H	2	0	H	S McLean	8	14	4	4	12	11	5	10	3	2	0	0	7.5	4.2	1.44							6.76	4.79	1.45	6.5	4.6	1.44				7.5	4.8	1.45	6.65	4.62	1.44	1.62	2.3	1.65	2.31	1.68	2.31	1.62	2.25	1.25	1.88	1.98	1.89	2.0	1.91	2.05	1.83	1.96	7.0	4.2	1.45							6.84	4.73	1.47	6.5	4.4	1.44				7.42	4.74	1.48	6.57	4.48	1.46	1.67	2.2	1.68	2.29	1.68	2.32	1.64	2.23	1.25	1.83	2.03	1.86	2.05	1.87	2.09	1.81	2.01	scotland	SC0	7.5	4.6	1.4	6.76	4.75	1.44	8.0	4.9	1.47	1.63	2.36	1.9	1.98	6.5	4.4	1.44	7.42	4.27	1.46	7.6	4.8	1.5	1.68	2.42	1.87	2.1																																															2025-02-22 12:30:00+00:00	scotland:20250222T1230Z:hibernian:celtic:613	scotland:hibernian	scotland:celtic	sco.1:2024-25	sco.1:2024-25-rules-v1	102	5.9375	9.0	1.8	1.0	1.0	0.3	10.905291231459968	10.030195428572128	0.15550847177684907	102	6.895833333333333	13.0	3.8	1.0	2.4	0.6	18.441094203763587	6.41119875131731	0.1820564785970315	2024-25	9.0	13.0	5.9375	6.895833333333333	1.8	3.8	2025-02-22 12:29:59.999999+00:00
	2025-02-22	15:00	Aberdeen	Kilmarnock	1	0	H	0	0	D	N Walsh	10	9	3	4	14	14	8	5	2	3	0	0	2.15	3.1	3.6							2.17	3.18	3.64	2.15	3.3	3.4				2.25	3.45	3.64	2.16	3.21	3.47	2.05	1.8	2.06	1.81	2.08	1.87	2.0	1.79	-0.25	1.85	2.0	1.86	2.02	1.91	2.04	1.84	1.95	2.1	3.3	3.6							2.13	3.38	3.74	2.15	3.3	3.4				2.19	3.4	3.74	2.12	3.31	3.51	1.98	1.88	1.98	1.91	2.04	1.91	1.96	1.84	-0.25	1.83	2.03	1.83	2.09	1.87	2.11	1.81	2.01	scotland	SC0	2.1	3.25	3.5	2.14	3.45	3.4	2.22	3.4	3.7	2.04	1.83	1.91	2.05	2.1	3.3	3.6	2.11	3.31	3.61	2.2	3.4	3.85	2.0	1.95	1.89	2.11																																															2025-02-22 15:00:00+00:00	scotland:20250222T1500Z:aberdeen:kilmarnock:614	scotland:aberdeen	scotland:kilmarnock	sco.1:2024-25	sco.1:2024-25-rules-v1	102	7.0	4.0	0.4	1.8	-1.7	0.1	10.970285036579675	14.498303782563296	0.050638276245383335	102	7.0	7.0	1.2	1.0	0.7	0.5	13.112989824700175	10.934068766623133	0.10486316723550079	2024-25	4.0	7.0	7.0	7.0	0.4	1.2	2025-02-22 14:59:59.999999+00:00
	2025-02-22	15:00	Dundee United	Motherwell	1	0	H	1	0	H	C Graham	10	10	3	3	20	15	2	7	0	2	0	0	1.7	3.6	5.0							1.68	3.83	5.04	1.75	3.7	4.6				1.75	3.9	5.25	1.7	3.75	4.84	1.88	1.98	1.88	1.98	1.92	1.99	1.85	1.94	-0.75	1.9	1.95	1.9	1.97	1.95	1.99	1.89	1.9	1.7	3.6	5.0							1.74	3.71	5.24	1.75	3.75	4.8				1.75	3.84	5.24	1.71	3.7	4.86	1.98	1.88	1.96	1.92	2.0	1.93	1.92	1.87	-0.75	1.93	1.93	1.96	1.94	1.96	1.98	1.92	1.89	scotland	SC0	1.67	3.75	5.0	1.71	3.9	4.77	1.72	3.95	5.1	1.87	2.0	1.91	1.98	1.7	3.6	4.75	1.72	3.65	5.06	1.77	3.95	5.3	2.02	1.94	1.98	1.98																																															2025-02-22 15:00:00+00:00	scotland:20250222T1500Z:dundee-united:motherwell:615	scotland:dundee-united	scotland:motherwell	sco.1:2024-25	sco.1:2024-25-rules-v1	64	7.0	3.0	0.4	1.8	-0.5	0.3	11.534977101265149	16.614775767910565	0.049307488365248	102	7.0	1.0	0.6	2.2	-1.1	0.2	8.971871530200248	15.17871165519534	0.16071748228272617	2024-25	3.0	1.0	7.0	7.0	0.4	0.6	2025-02-22 14:59:59.999999+00:00
	2025-02-22	15:00	Rangers	St Mirren	0	2	A	0	0	D	K Clancy	17	10	3	6	8	14	11	3	1	2	0	0	1.18	6.5	15.0							1.18	7.29	12.77	1.2	7.0	13.0				1.2	7.5	15.5	1.18	7.18	13.43	1.44	2.75	1.4	2.96	1.44	3.05	1.38	2.87	-2.0	1.88	1.98	1.91	1.94	1.91	2.02	1.86	1.92	1.17	6.5	17.0							1.17	7.99	16.01	1.18	7.0	15.0				1.18	8.0	17.4	1.17	7.22	15.43	1.44	2.75	1.44	2.86	1.46	2.9	1.43	2.75	-2.0	1.85	2.0	1.86	2.04	1.92	2.04	1.84	1.97	scotland	SC0	1.17	7.0	15.0	1.19	7.4	14.0	1.21	8.0	16.0	1.44	3.0	1.91	1.94	1.14	8.0	15.0	1.18	6.65	17.4	1.17	9.6	21.0	1.47	3.05	1.88	2.08																																															2025-02-22 15:00:00+00:00	scotland:20250222T1500Z:rangers:st-mirren:616	scotland:rangers	scotland:st-mirren	sco.1:2024-25	sco.1:2024-25-rules-v1	102	6.125	15.0	3.2	0.6	1.5	0.3	21.71157353941609	10.054040551062052	0.13144694531635664	102	6.041666666666667	4.0	0.6	1.0	-0.2	0.2	10.783413049433635	11.372592200261119	0.10300422281152118	2024-25	15.0	4.0	6.125	6.041666666666667	3.2	0.6	2025-02-22 14:59:59.999999+00:00
	2025-02-22	15:00	Ross County	Dundee	3	1	H	1	1	D	M MacDermid	20	11	10	2	6	10	9	6	0	2	0	0	2.4	3.2	3.0							2.5	3.16	3.01	2.45	3.3	2.9				2.5	3.4	3.01	2.42	3.25	2.93	2.0	1.8	2.05	1.78	2.06	1.85	2.0	1.78	-0.25	2.1	1.78	2.13	1.75	2.13	1.81	2.05	1.75	2.3	3.2	3.2							2.34	3.29	3.31	2.45	3.1	3.0				2.47	3.3	3.31	2.36	3.18	3.13	2.1	1.73	2.13	1.77	2.2	1.8	2.1	1.72	-0.25	1.98	1.88	2.01	1.9	2.05	1.93	1.99	1.83	scotland	SC0	2.38	3.2	3.0	2.42	3.4	2.91	2.48	3.3	3.2	2.06	1.81	2.12	1.82	2.4	3.0	3.0	2.32	3.22	3.22	2.44	3.35	3.3	2.14	1.85	2.07	1.91																																															2025-02-22 15:00:00+00:00	scotland:20250222T1500Z:ross-county:dundee:617	scotland:ross-county	scotland:dundee	sco.1:2024-25	sco.1:2024-25-rules-v1	102	7.0	7.0	1.2	1.8	-0.2	0.3	9.110872702928676	17.99737933191073	0.1317493420115352	64	7.0	2.0	1.0	3.6	-1.5	0.0	11.248389560148205	16.283683369095673	0.09859228244161927	2024-25	7.0	2.0	7.0	7.0	1.2	1.0	2025-02-22 14:59:59.999999+00:00
	2025-02-23	12:00	St Johnstone	Hearts	1	2	A	0	1	A	C Scott	7	12	2	5	10	9	3	6	0	3	0	0	3.6	3.25	2.1							3.6	3.45	2.07	3.5	3.4	2.1				3.7	3.54	2.13	3.54	3.39	2.05	2.0	1.8	2.04	1.81	2.09	1.81	2.0	1.79	0.25	2.05	1.8	2.08	1.79	2.11	1.82	2.03	1.76	4.2	3.5	1.85							4.15	3.68	1.92	4.2	3.5	1.85				4.25	3.68	1.98	4.01	3.56	1.9	1.93	1.93	1.96	1.93	1.96	2.01	1.91	1.89	0.5	1.98	1.88	1.98	1.93	2.06	1.95	1.91	1.89	scotland	SC0	3.6	3.3	2.0	3.62	3.54	2.03	3.8	3.5	2.14	2.04	1.79	2.14	1.83	4.0	3.5	1.9	4.25	3.54	1.87	4.4	3.7	1.97	2.0	1.98	2.02	1.97																																															2025-02-23 12:00:00+00:00	scotland:20250223T1200Z:st-johnstone:hearts:618	scotland:st-johnstone	scotland:hearts	sco.1:2024-25	sco.1:2024-25-rules-v1	102	7.875	6.0	1.2	2.0	-1.1	0.1	10.443544534192814	13.795536385969223	0.11434962287758046	102	7.0	10.0	2.2	1.0	0.6	0.4	14.566616757388386	10.792309969741307	0.14366624777859396	2024-25	6.0	10.0	7.875	7.0	1.2	2.2	2025-02-23 11:59:59.999999+00:00
	2025-02-25	20:00	Celtic	Aberdeen	5	1	H	3	0	H	J Beaton	16	8	7	1	8	13	4	3	1	0	0	0	1.11	9.0	13.0							1.14	9.47	18.09	1.15	8.5	19.0				1.15	9.5	21.0	1.13	8.74	17.14	1.27	3.5	1.3	3.63	1.31	3.85	1.28	3.49	-2.25	1.83	2.03	1.87	2.03	1.88	2.06	1.81	1.99	1.14	9.0	13.0							1.13	9.7	18.97	1.14	8.5	19.0				1.14	9.7	21.0	1.13	8.85	17.8	1.3	3.5	1.31	3.5	1.33	3.5	1.31	3.35	-2.25	1.85	2.0	1.85	2.05	1.89	2.09	1.83	1.99	scotland	SC0	1.13	9.0	17.0	1.14	9.0	15.5	1.16	10.5	21.0	1.35	3.75	1.86	2.04	1.11	9.0	17.0	1.14	9.22	14.8	1.16	9.8	24.0	1.35	3.7	1.87	2.09																																															2025-02-25 20:00:00+00:00	scotland:20250225T2000Z:celtic:aberdeen:619	scotland:celtic	scotland:aberdeen	sco.1:2024-25	sco.1:2024-25-rules-v1	103	3.3125	10.0	3.2	1.2	1.9	0.5	17.633622530352024	6.7000717056232535	0.1619423136573115	103	3.2083333333333335	6.0	0.6	1.8	-1.4	0.2	10.79386957538337	13.498612185733606	0.05961313510985909	2024-25	10.0	6.0	3.3125	3.2083333333333335	3.2	0.6	2025-02-25 19:59:59.999999+00:00
	2025-02-26	19:45	Dundee United	Hibernian	1	3	A	1	1	D	D Dickinson	8	9	2	4	11	9	1	10	1	2	0	0	2.45	3.3	2.8							2.55	3.32	2.8	2.5	3.4	2.7				2.65	3.48	2.8	2.51	3.32	2.74	1.92	1.82	1.93	1.93	1.98	1.93	1.9	1.88	0.0	1.8	2.05	1.85	2.03	1.85	2.08	1.83	1.99	2.7	3.25	2.6							2.88	3.15	2.71	2.8	3.2	2.62				2.88	3.28	2.71	2.79	3.13	2.63	2.3	1.62	2.32	1.66	2.32	1.68	2.25	1.63	0.0	1.98	1.88	2.02	1.89	2.02	1.95	1.97	1.87	scotland	SC0	2.5	3.3	2.7	2.51	3.48	2.71	2.64	3.4	2.88	1.96	1.94	1.9	2.05	2.7	3.1	2.63	2.84	3.28	2.53	2.88	3.3	2.82	2.38	1.71	2.02	1.97																																															2025-02-26 19:45:00+00:00	scotland:20250226T1945Z:dundee-united:hibernian:620	scotland:dundee-united	scotland:hibernian	sco.1:2024-25	sco.1:2024-25-rules-v1	65	4.197916666666667	6.0	0.6	1.4	-0.4	0.3	11.255890355580576	15.412089264654098	0.05852430866247564	103	4.302083333333333	11.0	1.6	0.6	0.9	0.3	10.37705646210361	10.751978077922649	0.17268874963560377	2024-25	6.0	11.0	4.197916666666667	4.302083333333333	0.6	1.6	2025-02-26 19:44:59.999999+00:00
	2025-02-26	19:45	Hearts	St Mirren	3	1	H	0	1	A	E Anderson	10	11	6	3	8	16	5	6	0	4	0	0	1.8	3.75	4.2							1.82	3.59	4.46	1.8	3.6	4.5				1.83	3.75	4.6	1.8	3.61	4.33	1.92	1.82	1.99	1.86	2.0	1.95	1.94	1.85	-0.75	2.05	1.75	2.07	1.78	2.09	1.81	2.02	1.77	1.8	3.75	4.2							1.85	3.62	4.57	1.83	3.6	4.5				1.85	3.78	4.75	1.79	3.62	4.49	2.0	1.85	2.02	1.88	2.04	1.92	1.95	1.85	-0.75	2.03	1.78	2.12	1.8	2.13	1.85	2.02	1.8	scotland	SC0	1.8	3.6	4.2	1.8	3.74	4.38	1.83	3.8	4.7	1.99	1.9	2.1	1.85	1.73	3.6	4.75	1.78	3.78	4.41	1.86	3.8	4.9	2.02	1.96	2.11	1.86																																															2025-02-26 19:45:00+00:00	scotland:20250226T1945Z:hearts:st-mirren:621	scotland:hearts	scotland:st-mirren	sco.1:2024-25	sco.1:2024-25-rules-v1	103	3.3229166666666665	10.0	2.4	1.2	0.8	0.4	14.099959165135951	10.102799066151979	0.1478481421218799	103	4.197916666666667	7.0	1.0	0.4	-0.1	0.3	10.640974313172974	12.395757254759097	0.12063981866397186	2024-25	10.0	7.0	3.3229166666666665	4.197916666666667	2.4	1.0	2025-02-26 19:44:59.999999+00:00
	2025-02-26	19:45	Motherwell	Dundee	2	1	H	1	0	H	L Wilson	14	9	6	1	7	10	5	10	1	0	0	0	2.25	3.5	3.0							2.29	3.29	3.24	2.25	3.4	3.1				2.3	3.5	3.24	2.27	3.33	3.1	1.89	1.84	1.99	1.87	2.0	1.95	1.93	1.85	-0.25	1.98	1.88	1.98	1.89	2.02	1.93	1.95	1.84	2.3	3.4	3.0							2.37	3.36	3.18	2.3	3.3	3.0				2.37	3.43	3.18	2.33	3.32	3.04	2.03	1.83	2.05	1.85	2.08	1.89	1.99	1.81	-0.25	2.0	1.85	2.04	1.87	2.07	1.88	2.0	1.82	scotland	SC0	2.25	3.3	3.1	2.25	3.48	3.12	2.3	3.45	3.3	2.0	1.9	1.98	1.94	2.25	3.3	3.1	2.32	3.43	3.03	2.4	3.5	3.3	2.08	1.91	2.06	1.93																																															2025-02-26 19:45:00+00:00	scotland:20250226T1945Z:motherwell:dundee:622	scotland:motherwell	scotland:dundee	sco.1:2024-25	sco.1:2024-25-rules-v1	103	4.197916666666667	0.0	0.6	2.4	-1.2	0.2	9.158803979254749	14.237127717887095	0.13149612186768503	65	4.197916666666667	1.0	1.0	4.0	-1.6	0.0	11.20322782193944	16.959377301987367	0.0971953385266141	2024-25	0.0	1.0	4.197916666666667	4.197916666666667	0.6	1.0	2025-02-26 19:44:59.999999+00:00
	2025-02-26	19:45	St Johnstone	Ross County	1	0	H	0	0	D	D McFarlane	14	5	6	2	7	16	12	3	2	0	0	0	2.25	3.2	3.25							2.31	3.23	3.26	2.3	3.25	3.1				2.33	3.34	3.3	2.28	3.21	3.2	2.1	1.73	2.17	1.71	2.17	1.75	2.12	1.69	-0.25	1.95	1.9	1.99	1.88	2.0	1.93	1.93	1.85	2.45	3.1	3.1							2.48	3.2	3.15	2.45	3.1	3.0				2.48	3.25	3.3	2.41	3.14	3.08	2.3	1.62	2.35	1.65	2.36	1.65	2.27	1.62	-0.25	2.1	1.78	2.12	1.81	2.14	1.85	2.04	1.78	scotland	SC0	2.2	3.3	3.3	2.27	3.34	3.23	2.34	3.35	3.35	2.16	1.78	2.0	1.93	2.4	3.0	3.1	2.45	3.1	3.1	2.54	3.25	3.3	2.44	1.68	2.16	1.85																																															2025-02-26 19:45:00+00:00	scotland:20250226T1945Z:st-johnstone:ross-county:623	scotland:st-johnstone	scotland:ross-county	sco.1:2024-25	sco.1:2024-25-rules-v1	103	3.3229166666666665	6.0	1.2	1.8	-1.1	0.1	9.817445527975938	13.469075224883909	0.11953280832840998	103	4.197916666666667	7.0	1.6	2.0	0.2	0.3	11.090714029668916	16.725128544290595	0.13506764346398334	2024-25	6.0	7.0	3.3229166666666665	4.197916666666667	1.2	1.6	2025-02-26 19:44:59.999999+00:00
	2025-02-26	20:00	Kilmarnock	Rangers	2	4	A	2	1	H	D Robertson	11	14	4	7	8	9	6	4	2	4	0	0	6.5	4.2	1.5							5.79	4.33	1.53	6.0	4.2	1.53				6.5	4.41	1.53	5.93	4.29	1.51	1.73	2.1	1.72	2.14	1.77	2.14	1.72	2.09	1.0	2.0	1.85	1.99	1.88	2.04	1.93	1.94	1.85	6.5	4.5	1.48							6.45	4.58	1.5	6.5	4.5	1.44				6.77	4.75	1.5	6.32	4.47	1.47	1.62	2.3	1.65	2.34	1.66	2.38	1.61	2.29	1.25	1.83	2.03	1.85	2.06	1.87	2.09	1.8	2.02	scotland	SC0	6.5	4.2	1.5	5.85	4.4	1.53	6.8	4.4	1.56	1.75	2.16	2.02	1.89	6.0	4.5	1.44	6.77	4.5	1.46	7.0	4.9	1.52	1.66	2.48	1.87	2.11																																															2025-02-26 20:00:00+00:00	scotland:20250226T2000Z:kilmarnock:rangers:624	scotland:kilmarnock	scotland:rangers	sco.1:2024-25	sco.1:2024-25-rules-v1	103	4.208333333333333	7.0	1.2	1.0	0.5	0.4	12.365173492936506	10.764238081782564	0.08579713682904609	103	4.208333333333333	12.0	2.6	0.8	1.4	0.3	20.8549238049768	10.044214996323497	0.1075475007133827	2024-25	7.0	12.0	4.208333333333333	4.208333333333333	1.2	2.6	2025-02-26 19:59:59.999999+00:00
	2025-03-01	15:00	Dundee	St Johnstone	1	1	D	1	1	D	S McLean	14	10	5	3	11	9	4	4	2	0	0	0	2.2	3.3	3.3							2.2	3.29	3.42	2.2	3.3	3.2				2.22	3.57	3.55	2.19	3.36	3.25	1.98	1.88	2.01	1.85	2.03	1.91	1.96	1.83	-0.25	1.9	1.95	1.9	1.97	1.95	2.0	1.86	1.92	2.3	3.3	3.1							2.33	3.36	3.27	2.3	3.3	2.9				2.38	3.36	3.27	2.3	3.3	3.11	1.98	1.88	1.96	1.93	2.0	1.93	1.94	1.86	-0.25	2.0	1.85	2.0	1.9	2.06	1.9	1.96	1.85	scotland	SC0	2.15	3.3	3.3	2.2	3.35	3.35	2.22	3.4	3.5	2.02	1.89	1.91	1.99	2.25	3.25	3.2	2.32	3.33	3.13	2.38	3.5	3.3	1.99	1.99	2.04	1.94																																															2025-03-01 15:00:00+00:00	scotland:20250301T1500Z:dundee:st-johnstone:625	scotland:dundee	scotland:st-johnstone	sco.1:2024-25	sco.1:2024-25-rules-v1	66	2.8020833333333335	0.0	0.6	3.8	-1.4	0.0	10.802640945223176	16.421308701626028	0.09972547899652265	104	2.8020833333333335	9.0	1.2	1.2	-0.9	0.2	10.577909977434857	11.929243365814106	0.11078658343753024	2024-25	0.0	9.0	2.8020833333333335	2.8020833333333335	0.6	1.2	2025-03-01 14:59:59.999999+00:00
	2025-03-01	15:00	Rangers	Motherwell	1	2	A	0	2	A	N Walsh	22	6	6	3	13	13	12	3	2	2	0	0	1.14	7.5	17.0							1.16	7.69	14.77	1.15	8.0	17.0				1.16	9.0	18.0	1.15	7.85	15.71	1.33	3.4	1.31	3.42	1.33	3.5	1.29	3.37	-2.25	1.9	1.95	1.94	1.91	1.94	2.02	1.89	1.89	1.13	8.0	21.0							1.14	8.9	21.0	1.12	8.5	23.0				1.14	9.5	23.0	1.12	8.42	20.14	1.4	3.0	1.39	3.03	1.4	3.3	1.36	3.04	-2.25	1.88	1.98	1.92	1.97	1.93	2.0	1.87	1.94	scotland	SC0	1.14	8.0	16.0	1.13	8.6	17.5	1.17	9.6	18.0	1.34	3.45	1.93	1.92	1.11	9.5	20.0	1.14	8.07	20.0	1.15	11.0	25.0	1.42	3.25	1.95	2.04																																															2025-03-01 15:00:00+00:00	scotland:20250301T1500Z:rangers:motherwell:626	scotland:rangers	scotland:motherwell	sco.1:2024-25	sco.1:2024-25-rules-v1	104	2.7916666666666665	12.0	2.8	1.2	1.6	0.3	19.608574022253745	10.217994087901042	0.1399414616226378	104	2.8020833333333335	3.0	0.8	2.0	-0.7	0.2	10.039021437572067	13.28492267827126	0.13356176204758644	2024-25	12.0	3.0	2.7916666666666665	2.8020833333333335	2.8	0.8	2025-03-01 14:59:59.999999+00:00
	2025-03-01	15:00	Ross County	Kilmarnock	1	0	H	1	0	H	D Dickinson	5	18	2	4	8	10	5	6	1	0	0	0	3.2	3.1	2.35							3.29	3.12	2.35	3.25	3.0	2.38				3.3	3.2	2.38	3.23	3.11	2.32	2.3	1.62	2.33	1.63	2.33	1.64	2.27	1.61	0.25	1.85	2.0	1.86	2.01	1.91	2.06	1.83	1.93	3.1	3.1	2.45							3.22	3.13	2.48	3.2	3.0	2.4				3.22	3.2	2.48	3.12	3.07	2.42	2.3	1.62	2.32	1.66	2.35	1.66	2.26	1.63	0.0	2.1	1.7	2.24	1.72	2.24	1.77	2.18	1.71	scotland	SC0	3.3	3.1	2.3	3.24	3.16	2.34	3.25	3.15	2.48	2.2	1.57	1.84	2.11	3.1	2.9	2.3	3.1	3.1	2.45	3.25	3.25	2.56	2.34	1.73	2.28	1.77																																															2025-03-01 15:00:00+00:00	scotland:20250301T1500Z:ross-county:kilmarnock:627	scotland:ross-county	scotland:kilmarnock	sco.1:2024-25	sco.1:2024-25-rules-v1	104	2.8020833333333335	7.0	1.4	1.4	0.2	0.3	9.98331147882002	16.22965062714685	0.11050989010689545	104	2.7916666666666665	6.0	1.6	1.8	0.3	0.4	12.116960130584413	11.352558430549369	0.10325550864525258	2024-25	7.0	6.0	2.8020833333333335	2.7916666666666665	1.4	1.6	2025-03-01 14:59:59.999999+00:00
	2025-03-01	17:30	St Mirren	Celtic	2	5	A	1	2	A	M MacDermid	14	18	7	9	8	6	3	3	3	0	0	0	9.0	6.0	1.29							10.32	5.82	1.27	9.5	5.5	1.3				12.0	6.0	1.31	9.89	5.63	1.27	1.62	2.3	1.63	2.32	1.63	2.38	1.6	2.27	1.75	1.78	2.03	1.79	2.08	1.83	2.1	1.76	2.03	8.0	5.75	1.33							10.19	5.75	1.3	9.0	5.0	1.35				10.19	5.75	1.35	9.2	5.44	1.3	1.62	2.3	1.65	2.34	1.66	2.4	1.62	2.28	1.5	1.93	1.93	1.96	1.94	1.99	2.0	1.89	1.91	scotland	SC0	11.0	6.0	1.22	8.6	5.8	1.31	12.0	6.6	1.28	1.72	2.34	1.81	2.07	8.5	5.0	1.25	7.97	5.73	1.33	12.0	6.0	1.33	1.69	2.42	2.01	1.97																																															2025-03-01 17:30:00+00:00	scotland:20250301T1730Z:st-mirren:celtic:628	scotland:st-mirren	scotland:celtic	sco.1:2024-25	sco.1:2024-25-rules-v1	104	2.90625	7.0	1.2	0.8	-0.4	0.3	10.706251710777886	11.960165026621079	0.11523423179944804	104	3.8958333333333335	12.0	3.6	0.8	1.9	0.4	17.3366002521062	6.936422304600843	0.18931643844689122	2024-25	7.0	12.0	2.90625	3.8958333333333335	1.2	3.6	2025-03-01 17:29:59.999999+00:00
	2025-03-02	12:30	Hibernian	Hearts	2	1	H	1	1	D	J Beaton	11	10	3	2	8	9	4	6	1	1	0	0	2.3	3.3	3.1							2.37	3.05	3.33	2.3	3.4	3.0				2.4	3.52	3.33	2.33	3.19	3.11	1.9	1.95	1.88	1.95	1.94	1.96	1.87	1.91	-0.25	2.0	1.85	2.01	1.85	2.02	1.88	1.97	1.82	2.55	3.25	2.75							2.63	3.26	2.88	2.5	3.4	2.8				2.63	3.4	2.95	2.51	3.26	2.84	1.93	1.93	1.93	1.95	1.98	2.0	1.88	1.91	0.0	1.85	2.0	1.87	2.05	1.89	2.08	1.81	2.04	scotland	SC0	2.38	3.3	2.9	2.25	3.52	3.09	2.4	3.3	3.3	1.92	2.04			2.5	3.25	2.8	2.43	3.33	2.94	2.66	3.45	2.96	2.02	1.97	1.89	2.1																																															2025-03-02 12:30:00+00:00	scotland:20250302T1230Z:hibernian:hearts:629	scotland:hibernian	scotland:hearts	sco.1:2024-25	sco.1:2024-25-rules-v1	104	3.6979166666666665	11.0	1.6	0.6	0.9	0.3	10.126682559902953	10.251618427391259	0.2018968557624637	104	3.6979166666666665	12.0	3.0	1.4	0.9	0.4	13.354512044202142	10.2659265086698	0.1755121162815381	2024-25	11.0	12.0	3.6979166666666665	3.6979166666666665	1.6	3.0	2025-03-02 12:29:59.999999+00:00
	2025-03-02	15:00	Aberdeen	Dundee United	2	2	D	0	2	A	A Robertson	20	11	2	3	6	13	14	5	1	2	0	0	2.05	3.4	3.4							2.14	3.38	3.48	2.15	3.3	3.4				2.2	3.45	3.48	2.14	3.34	3.35	1.98	1.88	1.95	1.88	2.02	1.97	1.92	1.86	-0.25	1.85	2.0	1.85	2.01	1.9	2.02	1.83	1.95	1.96	3.4	3.6							2.09	3.45	3.77	2.1	3.3	3.6				2.12	3.5	3.77	2.06	3.36	3.61	1.98	1.88	2.0	1.89	2.0	1.94	1.94	1.86	-0.25	1.75	2.05	1.79	2.12	1.85	2.17	1.77	2.05	scotland	SC0	2.15	3.3	3.3	2.16	3.38	3.4	2.16	3.35	3.5	1.98	1.86			2.0	3.25	3.5	2.04	3.46	3.67	2.14	3.55	3.9	2.02	1.94	1.84	2.16																																															2025-03-02 15:00:00+00:00	scotland:20250302T1500Z:aberdeen:dundee-united:630	scotland:aberdeen	scotland:dundee-united	sco.1:2024-25	sco.1:2024-25-rules-v1	104	4.791666666666667	6.0	0.8	2.2	-1.4	0.2	10.28589328895003	13.953409970145678	0.07150165599897562	66	3.8020833333333335	3.0	0.6	2.0	-0.7	0.3	10.66391029092956	14.246254852898806	0.07061079799657097	2024-25	6.0	3.0	4.791666666666667	3.8020833333333335	0.8	0.6	2025-03-02 14:59:59.999999+00:00
	2025-03-15	15:00	Hearts	Ross County	2	0	H	1	0	H	C Scott	9	5	4	1	3	10	6	6	0	2	0	0	1.46	4.2	6.25							1.48	4.4	6.59	1.5	4.2	6.5				1.53	4.5	7.0	1.48	4.3	6.45	1.8	2.0	1.76	2.08	1.84	2.16	1.76	2.04	-1.0	1.8	2.05	1.81	2.08	1.85	2.08	1.8	2.0	1.42	4.33	7.5							1.45	4.51	7.76	1.44	4.2	7.5				1.48	4.51	7.76	1.44	4.38	7.31	1.93	1.93	1.92	1.97	1.95	1.97	1.87	1.92	-1.25	2.03	1.83	2.07	1.85	2.08	1.87	2.02	1.8	scotland	SC0	1.44	4.2	7.0	1.49	4.45	6.4	1.5	4.5	7.2	1.78	2.2	1.82	2.08	1.4	4.4	7.5	1.45	4.4	7.32	1.46	4.9	8.2	2.0	1.98	2.04	1.91																																															2025-03-15 15:00:00+00:00	scotland:20250315T1500Z:hearts:ross-county:631	scotland:hearts	scotland:ross-county	sco.1:2024-25	sco.1:2024-25-rules-v1	105	13.104166666666666	9.0	2.6	1.4	0.9	0.4	12.744600763438116	10.39939441618438	0.1617826405939857	105	14.0	9.0	1.4	1.2	0.0	0.3	9.077254846307287	16.551532331301967	0.126780819178369	2024-25	9.0	9.0	13.104166666666666	14.0	2.6	1.4	2025-03-15 14:59:59.999999+00:00
	2025-03-15	15:00	Kilmarnock	Hibernian	1	1	D	0	1	A	K Clancy	11	16	4	3	10	13	4	5	2	0	0	0	2.5	3.25	2.65							2.54	3.21	2.91	2.6	3.25	2.75				2.65	3.34	2.91	2.54	3.21	2.79	2.1	1.73	2.1	1.76	2.17	1.8	2.05	1.74	0.0	1.83	2.03	1.81	2.08	1.9	2.08	1.82	2.01	2.35	3.3	3.0							2.43	3.3	3.14	2.4	3.25	3.0				2.63	3.33	3.14	2.42	3.23	2.98	2.1	1.73	2.12	1.78	2.19	1.78	2.05	1.75	-0.25	2.03	1.83	2.09	1.83	2.1	1.84	2.04	1.78	scotland	SC0	2.6	3.2	2.75	2.52	3.34	2.78	2.44	1.09	2.88	2.02	1.67	1.73	2.02	2.63	3.1	2.75	2.37	3.33	3.03	2.5	3.3	3.25	2.14	1.86	2.13	1.87																																															2025-03-15 15:00:00+00:00	scotland:20250315T1500Z:kilmarnock:hibernian:632	scotland:kilmarnock	scotland:hibernian	sco.1:2024-25	sco.1:2024-25-rules-v1	105	14.0	6.0	1.2	1.4	-0.2	0.3	13.18660374320543	10.19754780681312	0.0844817798006612	105	13.104166666666666	13.0	1.8	0.6	0.9	0.3	10.285467549011507	10.20586962241103	0.19824618777259426	2024-25	6.0	13.0	14.0	13.104166666666666	1.2	1.8	2025-03-15 14:59:59.999999+00:00
	2025-03-15	15:00	Motherwell	St Mirren	2	2	D	1	2	A	G Irvine	5	11	2	4	6	19	0	7	3	3	0	1	2.65	3.2	2.55							2.8	3.04	2.76	2.75	3.1	2.7				2.85	3.25	2.8	2.74	3.05	2.69	2.2	1.67	2.25	1.66	2.29	1.67	2.21	1.64	0.0	1.98	1.88	1.95	1.92	2.02	1.92	1.93	1.88	2.8	3.1	2.6							2.94	3.04	2.75	2.88	3.1	2.62				3.0	3.15	2.75	2.87	3.0	2.64	2.3	1.62	2.33	1.65	2.38	1.65	2.28	1.61	0.0	2.03	1.83	2.02	1.88	2.04	1.89	2.0	1.83	scotland	SC0	2.63	3.2	2.7	2.71	3.25	2.64	2.82	3.1	2.7	2.08	1.7	1.98	1.9	2.9	2.9	2.55	2.83	3.14	2.63	2.98	3.1	2.84	2.36	1.69	2.07	1.92																																															2025-03-15 15:00:00+00:00	scotland:20250315T1500Z:motherwell:st-mirren:633	scotland:motherwell	scotland:st-mirren	sco.1:2024-25	sco.1:2024-25-rules-v1	105	14.0	6.0	1.0	1.8	-0.6	0.2	9.304653903468054	14.869482191312848	0.16988386591772223	105	13.895833333333334	4.0	1.0	1.8	-0.8	0.3	11.305115036090998	13.0583168399627	0.12025657926448345	2024-25	6.0	4.0	14.0	13.895833333333334	1.0	1.0	2025-03-15 14:59:59.999999+00:00
	2025-03-15	15:00	St Johnstone	Aberdeen	0	0	D	0	0	D	C Graham	8	11	3	2	5	16	1	6	0	0	0	0	3.1	3.25	2.25							3.03	3.32	2.39	3.0	3.3	2.38				3.25	3.42	2.4	3.01	3.3	2.34	2.0	1.85	2.02	1.84	2.03	1.91	1.97	1.81	0.25	1.8	2.05	1.81	2.07	1.89	2.11	1.8	1.97	2.9	3.2	2.45							3.01	3.29	2.52	3.0	3.3	2.38				3.15	3.35	2.52	2.97	3.27	2.4	2.0	1.8	2.09	1.82	2.09	1.82	2.01	1.79	0.25	1.78	2.1	1.78	2.15	1.81	2.15	1.77	2.02	scotland	SC0	3.2	3.3	2.25	2.99	3.42	2.35	3.05	3.3	2.42	2.02	1.86	1.84	2.08	3.1	3.3	2.25	2.94	3.24	2.48	3.1	3.3	2.56	2.1	1.87	1.85	2.14																																															2025-03-15 15:00:00+00:00	scotland:20250315T1500Z:st-johnstone:aberdeen:634	scotland:st-johnstone	scotland:aberdeen	sco.1:2024-25	sco.1:2024-25-rules-v1	105	14.0	7.0	1.0	1.2	-0.8	0.2	10.472835436083065	12.305744572029722	0.10882538644888838	105	13.0	7.0	1.2	2.0	-1.3	0.2	12.052094509140932	13.4164263392101	0.07668317309007096	2024-25	7.0	7.0	14.0	13.0	1.0	1.2	2025-03-15 14:59:59.999999+00:00
	2025-03-16	12:30	Celtic	Rangers	2	3	A	0	2	A	S McLean	14	10	6	5	10	13	7	6	0	3	0	0	1.62	4.33	4.5							1.61	4.17	5.1	1.7	4.0	4.6				1.73	4.33	5.1	1.64	4.09	4.74	1.53	2.32	1.56	2.46	1.58	2.46	1.53	2.39	-0.75	1.8	2.05	1.78	2.08	1.85	2.11	1.78	2.0	1.61	4.33	4.5							1.67	4.09	5.2	1.67	4.0	4.8				1.7	4.33	5.3	1.64	4.0	4.95	1.62	2.3	1.66	2.31	1.67	2.32	1.63	2.24	-0.75	1.83	2.03	1.85	2.07	1.87	2.07	1.81	2.01	scotland	SC0	1.62	4.2	4.75	1.65	4.3	4.71	1.67	4.4	5.3	1.56	2.52	1.85	2.14	1.55	4.0	5.0	1.65	4.11	4.96	1.69	4.2	5.6	1.73	2.34	1.87	2.11																																															2025-03-16 12:30:00+00:00	scotland:20250316T1230Z:celtic:rangers:635	scotland:celtic	scotland:rangers	sco.1:2024-25	sco.1:2024-25-rules-v1	105	14.791666666666666	12.0	4.0	1.0	2.5	0.4	17.45721838808689	8.22070915830978	0.2054003183252342	105	14.895833333333334	9.0	2.4	1.4	1.2	0.2	20.043378745480336	9.451086071919033	0.12276202231934827	2024-25	12.0	9.0	14.791666666666666	14.895833333333334	4.0	2.4	2025-03-16 12:29:59.999999+00:00
	2025-03-16	15:00	Dundee United	Dundee	2	4	A	1	3	A	N Walsh	12	14	7	8	18	13	2	4	2	2	1	0	1.75	3.7	4.5							1.76	3.85	4.4	1.83	3.6	4.4				1.85	3.9	4.5	1.78	3.7	4.27	1.93	1.93	1.9	1.93	1.99	1.93	1.89	1.88	-0.5	1.75	2.05	1.76	2.1	1.85	2.1	1.77	2.03	1.8	3.7	4.2							1.85	3.89	4.17	1.85	3.6	4.0				1.89	3.89	4.25	1.84	3.69	4.04	1.88	1.98	1.88	2.01	1.95	2.04	1.85	1.94	-0.5	1.83	2.03	1.86	2.05	1.87	2.05	1.84	1.96	scotland	SC0	1.8	3.8	4.0	1.77	3.8	4.49	1.79	1.23	1.37	1.79	1.85			1.83	3.6	4.1	1.82	3.74	4.24	1.89	3.9	4.6	1.9	2.1	1.89	2.11																																															2025-03-16 15:00:00+00:00	scotland:20250316T1500Z:dundee-united:dundee:636	scotland:dundee-united	scotland:dundee	sco.1:2024-25	sco.1:2024-25-rules-v1	67	14.0	4.0	0.8	1.8	-0.8	0.2	10.72501751076055	15.292390334189932	0.09083032232777294	67	15.0	1.0	0.8	2.8	-1.5	0.0	11.383978955182597	15.253798028603113	0.09458058671144061	2024-25	4.0	1.0	14.0	15.0	0.8	0.8	2025-03-16 14:59:59.999999+00:00
	2025-03-29	15:00	Aberdeen	Motherwell	4	1	H	2	1	H	R Hardie	15	10	8	2	14	5	9	4	1	2	0	0	1.65	3.8	5.25							1.65	3.93	5.44							1.68	4.0	5.44	1.65	3.83	5.11	1.93	1.93	1.92	1.95	1.93	1.95	1.88	1.91	-0.75	1.77	1.97	1.85	2.05	1.91	2.05	1.81	1.97	1.67	3.75	5.25							1.71	3.83	5.19							1.73	3.85	5.27	1.69	3.74	5.05	1.9	1.95	1.94	1.94	1.95	1.96	1.9	1.9	-0.75	1.88	1.98	1.93	1.97	1.93	2.0	1.88	1.94	scotland	SC0	1.67	3.8	5.0	1.66	3.95	5.1	1.64	3.95	5.1	1.38	1.49	1.78	1.93	1.67	3.75	5.0	1.68	3.77	5.27	1.75	3.9	5.6	1.97	2.0	1.96	2.02																																															2025-03-29 15:00:00+00:00	scotland:20250329T1500Z:aberdeen:motherwell:637	scotland:aberdeen	scotland:motherwell	sco.1:2024-25	sco.1:2024-25-rules-v1	106	14.0	8.0	1.2	1.6	-1.2	0.3	11.860804598388034	12.431621550262808	0.06274077798278532	106	14.0	7.0	1.2	1.6	-0.5	0.2	8.521989557382952	14.165939974710511	0.2117231630235909	2024-25	8.0	7.0	14.0	14.0	1.2	1.2	2025-03-29 14:59:59.999999+00:00
	2025-03-29	15:00	Celtic	Hearts	3	0	H	3	0	H	K Clancy	12	7	6	2	14	9	6	1	0	1	0	0	1.25	6.5	10.0							1.25	6.56	10.32							1.25	6.75	12.0	1.23	6.33	10.4	1.4	3.0	1.4	2.89	1.4	3.1	1.39	2.87	-1.75	1.88	1.98	1.89	1.98	1.91	2.02	1.85	1.95	1.2	7.0	11.0							1.2	7.35	13.09							1.23	7.35	13.09	1.2	6.87	11.81	1.4	3.0	1.39	3.09	1.4	3.09	1.38	2.97	-2.0	1.98	1.88	2.0	1.88	2.02	1.9	1.98	1.84	scotland	SC0	1.22	6.5	12.0	1.25	6.4	10.5	1.27	6.8	12.0	1.42	3.05	1.87	2.01	1.2	6.5	12.0	1.22	7.1	10.7	1.24	7.6	14.5	1.44	3.2	2.08	1.89																																															2025-03-29 15:00:00+00:00	scotland:20250329T1500Z:celtic:hearts:638	scotland:celtic	scotland:hearts	sco.1:2024-25	sco.1:2024-25-rules-v1	106	13.104166666666666	9.0	3.2	1.6	2.1	0.3	16.828633226616546	8.544216584071638	0.1940288318764903	106	14.0	9.0	1.8	1.4	1.1	0.5	12.063764260994821	9.417686340514493	0.17277165543548323	2024-25	9.0	9.0	13.104166666666666	14.0	3.2	1.8	2025-03-29 14:59:59.999999+00:00
	2025-03-29	15:00	Hibernian	St Johnstone	3	0	H	2	0	H	M MacDermid	14	1	6	0	10	10	5	2	1	3	0	0	1.67	3.8	5.0							1.67	3.84	5.42							1.7	3.84	5.5	1.66	3.75	5.16	2.03	1.83	2.05	1.83	2.06	1.83	2.0	1.79	-0.75	1.79	1.94	1.88	2.02	1.88	2.02	1.83	1.96	1.62	3.9	5.5							1.64	3.84	6.04							1.65	4.1	6.25	1.61	3.81	5.68	2.1	1.73	2.1	1.79	2.19	1.85	2.06	1.75	-0.75	1.8	2.05	1.83	2.1	1.86	2.1	1.79	2.04	scotland	SC0	1.67	3.8	5.0	1.67	3.84	5.2	1.66	3.9	5.8	2.0	1.85	1.85	2.05	1.57	3.75	6.0	1.62	3.92	5.52	1.66	3.95	6.6	2.18	1.82	1.85	2.14																																															2025-03-29 15:00:00+00:00	scotland:20250329T1500Z:hibernian:st-johnstone:639	scotland:hibernian	scotland:st-johnstone	sco.1:2024-25	sco.1:2024-25-rules-v1	106	14.0	11.0	1.6	0.8	0.8	0.2	11.324473449191231	10.35025696379084	0.17356506272303165	106	14.0	5.0	0.8	1.2	-0.4	0.3	10.02322899315887	12.068336468024317	0.08903895254909049	2024-25	11.0	5.0	14.0	14.0	1.6	0.8	2025-03-29 14:59:59.999999+00:00
	2025-03-29	15:00	St Mirren	Kilmarnock	5	1	H	2	0	H	N Walsh	9	5	8	1	15	9	4	7	0	2	0	0	2.3	3.3	3.1							2.37	3.24	3.26							2.37	3.3	3.3	2.31	3.22	3.13	2.1	1.73	2.15	1.72	2.17	1.73	2.1	1.71	-0.25	1.94	1.79	2.03	1.86	2.03	1.88	1.97	1.82	2.3	3.25	3.1							2.4	3.22	3.28							2.4	3.35	3.3	2.34	3.2	3.13	2.1	1.73	2.23	1.71	2.25	1.73	2.15	1.69	-0.25	2.03	1.83	2.05	1.86	2.05	1.89	2.01	1.83	scotland	SC0	2.3	3.2	3.3	2.34	3.22	3.19	2.38	3.3	3.25	2.16	1.75	2.03	1.88	2.25	3.1	3.3	2.33	3.29	3.14	2.44	3.3	3.35	2.3	1.73	2.08	1.9																																															2025-03-29 15:00:00+00:00	scotland:20250329T1500Z:st-mirren:kilmarnock:640	scotland:st-mirren	scotland:kilmarnock	sco.1:2024-25	sco.1:2024-25-rules-v1	106	14.0	5.0	1.4	2.0	-0.7	0.3	11.249639574983544	11.593168323605845	0.13144959791061042	106	14.0	4.0	1.2	1.6	-0.1	0.3	12.789039426258986	11.252539114665279	0.08565038182037568	2024-25	5.0	4.0	14.0	14.0	1.4	1.2	2025-03-29 14:59:59.999999+00:00
	2025-03-29	17:30	Dundee	Rangers	3	4	A	2	1	H	D Dickinson	15	22	8	12	10	9	7	3	1	2	0	0	6.5	6.25	1.33							7.46	5.55	1.34							8.0	6.25	1.35	7.44	5.48	1.33	1.44	2.75	1.46	2.73	1.46	2.88	1.44	2.67	1.5	1.87	1.87	1.88	1.99	1.94	1.99	1.86	1.94	6.0	5.75	1.38							7.81	5.56	1.37							8.0	5.82	1.4	7.16	5.41	1.35	1.5	2.63	1.5	2.67	1.5	2.8	1.46	2.67	1.5	1.83	2.03	1.85	2.06	1.9	2.07	1.83	2.0	scotland	SC0	8.0	6.0	1.29	7.9	5.4	1.35	8.4	5.9	1.35	1.49	2.74	1.9	1.96	7.5	5.0	1.29	6.07	5.82	1.4	8.4	6.0	1.38	1.53	2.82	1.9	2.08																																															2025-03-29 17:30:00+00:00	scotland:20250329T1730Z:dundee:rangers:641	scotland:dundee	scotland:rangers	sco.1:2024-25	sco.1:2024-25-rules-v1	68	13.104166666666666	4.0	1.6	2.0	-1.2	0.0	11.859619145149397	14.66219838703891	0.12933216834832154	106	13.208333333333334	9.0	2.2	1.8	1.3	0.2	18.21730988266573	10.278161331570116	0.15498710917037584	2024-25	4.0	9.0	13.104166666666666	13.208333333333334	1.6	2.2	2025-03-29 17:29:59.999999+00:00
	2025-03-30	14:30	Ross County	Dundee United	0	1	A	0	0	D	S McLean	5	20	1	5	13	8	4	9	1	2	0	0	2.88	3.0	2.63							2.82	3.17	2.64							2.88	3.23	2.64	2.78	3.11	2.59	2.3	1.62	2.31	1.63	2.31	1.63	2.27	1.61	0.0	2.0	1.85	1.99	1.86	2.0	1.88	1.97	1.84	3.1	3.2	2.38							3.17	3.29	2.42							3.17	3.29	2.55	3.0	3.18	2.43	2.1	1.73	2.13	1.77	2.19	1.77	2.1	1.72	0.25	1.8	2.05	1.84	2.08	1.84	2.12	1.78	2.01	scotland	SC0	2.8	3.1	2.6	2.79	3.22	2.59	2.78	2.9	2.34	2.16	1.56	1.91	1.76	2.7	3.1	2.5	3.06	3.16	2.45	3.2	3.3	2.58	2.2	1.8	1.83	2.18																																															2025-03-30 13:30:00+00:00	scotland:20250330T1330Z:ross-county:dundee-united:642	scotland:ross-county	scotland:dundee-united	sco.1:2024-25	sco.1:2024-25-rules-v1	106	14.9375	9.0	1.4	0.8	-0.2	0.3	8.335935783342325	15.178526452883427	0.10372976114593827	68	13.9375	4.0	1.2	2.4	-1.1	0.2	10.956832508804085	15.057410273428125	0.10461874857120816	2024-25	9.0	4.0	14.9375	13.9375	1.4	1.2	2025-03-30 13:29:59.999999+00:00
	2025-04-05	15:00	Dundee	St Mirren	2	0	H	1	0	H	J Beaton	8	20	3	7	8	9	4	10	1	2	0	0	2.63	3.5	2.5							2.79	3.28	2.59							2.79	3.52	2.59	2.71	3.35	2.51	1.88	1.98	1.86	1.99	1.88	1.99	1.85	1.94	0.0	2.03	1.83	2.01	1.86	2.03	1.86	2.0	1.83	2.7	3.4	2.5							2.81	3.36	2.64							2.81	3.45	2.64	2.73	3.36	2.53	1.88	1.98	1.89	2.0	1.95	2.0	1.87	1.92	0.0	1.98	1.88	2.02	1.89	2.02	1.91	2.0	1.86	scotland	SC0	2.7	3.3	2.5	2.72	3.52	2.48	2.88	3.5	2.58	1.85	2.08	2.08	1.86	2.75	3.3	2.3	2.73	3.44	2.53	2.86	3.5	2.66	1.94	2.04	2.07	1.9																																															2025-04-05 14:00:00+00:00	scotland:20250405T1400Z:dundee:st-mirren:643	scotland:dundee	scotland:st-mirren	sco.1:2024-25	sco.1:2024-25-rules-v1	69	6.854166666666667	4.0	2.0	2.4	-1.5	0.0	12.430597482394962	15.996344134850016	0.14218086501226307	107	6.958333333333333	7.0	2.4	2.2	-0.1	0.3	10.840614197713808	10.394410446586601	0.20855977202787318	2024-25	4.0	7.0	6.854166666666667	6.958333333333333	2.0	2.4	2025-04-05 13:59:59.999999+00:00
	2025-04-05	15:00	Kilmarnock	Motherwell	2	0	H	1	0	H	M MacDermid	17	4	10	1	11	9	7	2	2	3	0	1	1.75	3.5	4.75							1.76	3.61	4.78							1.82	3.61	4.78	1.77	3.53	4.56	2.0	1.8	2.06	1.81	2.1	1.81	2.02	1.77	-0.75	2.03	1.83	2.02	1.85	2.07	1.85	1.99	1.8	1.75	3.6	4.5							1.78	3.77	4.77							1.8	3.77	4.9	1.76	3.62	4.61	1.98	1.88	2.04	1.85	2.08	1.88	2.0	1.81	-0.75	2.0	1.85	2.03	1.88	2.03	1.89	1.99	1.84	scotland	SC0	1.75	3.5	4.6	1.79	3.6	4.63	1.81	3.65	5.0	2.0	1.87	2.05	1.86	1.67	3.5	4.6	1.78	3.66	4.58	1.84	3.8	4.9	2.04	1.93	2.09	1.88																																															2025-04-05 14:00:00+00:00	scotland:20250405T1400Z:kilmarnock:motherwell:644	scotland:kilmarnock	scotland:motherwell	sco.1:2024-25	sco.1:2024-25-rules-v1	107	6.958333333333333	1.0	0.8	2.4	-0.7	0.2	11.372850439666443	10.8429865483625	0.10644122148939827	107	6.958333333333333	7.0	1.4	1.8	-1.0	0.1	8.79071872876787	14.317587252035871	0.1914098606556653	2024-25	1.0	7.0	6.958333333333333	6.958333333333333	0.8	1.4	2025-04-05 13:59:59.999999+00:00
	2025-04-05	15:00	Rangers	Hibernian	0	2	A	0	1	A	D Robertson	15	7	3	3	8	13	5	1	1	3	0	0	1.45	5.0	5.75							1.43	4.55	7.22							1.45	5.0	7.22	1.43	4.57	6.67	1.57	2.38	1.58	2.39	1.6	2.39	1.57	2.34	-1.25	2.0	1.85	1.96	1.91	2.01	1.91	1.93	1.86	1.48	4.75	5.5							1.49	4.56	6.8							1.51	4.82	6.8	1.48	4.51	6.11	1.53	2.5	1.56	2.51	1.56	2.52	1.54	2.44	-1.25	2.05	1.8	2.08	1.84	2.08	1.85	2.03	1.8	scotland	SC0	1.4	4.6	7.0	1.45	4.6	6.86	1.47	5.1	7.0	1.6	2.5	1.97	1.91	1.44	4.33	6.0	1.49	4.82	5.81	1.51	4.9	7.0	1.58	2.64	2.08	1.88																																															2025-04-05 14:00:00+00:00	scotland:20250405T1400Z:rangers:hibernian:645	scotland:rangers	scotland:hibernian	sco.1:2024-25	sco.1:2024-25-rules-v1	107	6.854166666666667	9.0	2.4	2.2	1.4	0.2	18.905071722181052	11.136677453102823	0.15986548601543146	107	6.958333333333333	13.0	2.2	0.8	1.1	0.3	11.810932822065551	8.650210243101597	0.1809688175526103	2024-25	9.0	13.0	6.854166666666667	6.958333333333333	2.4	2.2	2025-04-05 13:59:59.999999+00:00
	2025-04-05	15:00	Ross County	Aberdeen	0	1	A	0	1	A	L Wilson	11	11	4	4	10	12	9	1	1	3	0	0	3.3	3.25	2.2							3.39	3.31	2.21							3.39	3.32	2.25	3.26	3.27	2.2	2.1	1.73	2.15	1.74	2.19	1.74	2.11	1.71	0.25	1.93	1.93	1.96	1.91	1.96	1.95	1.91	1.84	3.75	3.5	1.95							3.9	3.62	1.99							3.9	3.62	2.06	3.74	3.47	1.98	1.98	1.88	2.02	1.87	2.15	1.88	2.03	1.79	0.5	1.85	2.0	1.91	2.0	1.91	2.06	1.84	1.98	scotland	SC0	3.3	3.2	2.2	3.35	3.3	2.22	3.55	3.35	2.26	2.14	1.77	2.02	1.94	3.9	3.1	1.95	3.79	3.54	1.98	4.0	3.7	2.06	2.06	1.9	1.93	2.06																																															2025-04-05 14:00:00+00:00	scotland:20250405T1400Z:ross-county:aberdeen:646	scotland:ross-county	scotland:aberdeen	sco.1:2024-25	sco.1:2024-25-rules-v1	107	6.020833333333333	6.0	0.8	1.0	-0.4	0.3	7.729402004552811	16.05515800690462	0.08486980457394948	107	6.958333333333333	8.0	1.6	1.6	-0.7	0.3	12.431567398681118	11.989508541124115	0.09981821228894557	2024-25	6.0	8.0	6.020833333333333	6.958333333333333	0.8	1.6	2025-04-05 13:59:59.999999+00:00
	2025-04-06	12:00	St Johnstone	Celtic	1	0	H	1	0	H	D Dickinson	9	26	4	9	13	10	4	11	4	2	0	0	17.0	7.5	1.14							16.97	7.79	1.15							19.0	8.2	1.17	16.67	7.51	1.14	1.44	2.75	1.42	2.82	1.45	2.88	1.42	2.73	2.25	1.77	1.97	1.84	2.0	1.85	2.07	1.8	1.98	17.0	7.0	1.17							20.5	8.11	1.15							20.5	8.11	1.17	18.02	7.49	1.15	1.5	2.63	1.52	2.62	1.54	2.77	1.48	2.6	2.0	2.0	1.85	2.02	1.87	2.05	1.92	2.0	1.83	scotland	SC0	17.0	7.5	1.14	19.0	8.2	1.14	13.5	8.4	1.17	1.38	2.84			20.0	8.0	1.13	17.8	7.04	1.17	22.0	9.6	1.17	1.56	2.74	2.06	1.94																																															2025-04-06 11:00:00+00:00	scotland:20250406T1100Z:st-johnstone:celtic:647	scotland:st-johnstone	scotland:celtic	sco.1:2024-25	sco.1:2024-25-rules-v1	107	7.833333333333333	5.0	0.6	1.2	-0.7	0.3	8.38264190349362	12.419548019292622	0.07285005208561948	107	7.833333333333333	9.0	3.2	1.6	2.2	0.3	15.950699912686265	8.26344993242225	0.2042054078989466	2024-25	5.0	9.0	7.833333333333333	7.833333333333333	0.6	3.2	2025-04-06 10:59:59.999999+00:00
	2025-04-06	14:30	Hearts	Dundee United	0	1	A	0	0	D	N Walsh	15	7	7	3	14	13	5	2	1	4	1	0	1.7	4.0	4.5							1.68	3.85	5.04							1.7	4.0	5.04	1.68	3.82	4.76	1.85	2.0	1.88	1.96	1.9	2.0	1.84	1.95	-0.75	1.87	1.87	1.89	1.96	1.93	1.96	1.87	1.9	1.67	4.0	4.75							1.71	3.78	5.3							1.79	4.0	5.3	1.72	3.75	4.77	1.93	1.93	1.95	1.93	2.08	1.95	1.92	1.88	-0.75	1.85	2.0	1.93	1.97	2.01	2.0	1.94	1.89	scotland	SC0	1.7	3.9	4.6	1.7	3.92	4.8	1.7	3.85	5.0	1.76	1.82			1.6	4.0	5.0	1.76	3.92	4.36	1.82	3.8	5.1	2.0	1.96	2.06	1.92																																															2025-04-06 13:30:00+00:00	scotland:20250406T1330Z:hearts:dundee-united:648	scotland:hearts	scotland:dundee-united	sco.1:2024-25	sco.1:2024-25-rules-v1	107	7.9375	9.0	1.6	1.4	0.7	0.4	11.143079849904854	9.887197914966404	0.14135862717448627	69	7.0	7.0	1.4	1.8	-0.9	0.3	12.601044779930614	13.228790223713919	0.09468806701280667	2024-25	9.0	7.0	7.9375	7.0	1.6	1.4	2025-04-06 13:29:59.999999+00:00
	2025-04-12	12:30	Celtic	Kilmarnock	5	1	H	4	1	H	J Beaton	14	5	6	1	9	9	10	0	0	0	0	0	1.18	7.0	12.0							1.2	7.0	13.48							1.2	7.5	13.48	1.19	7.01	12.56	1.33	3.4	1.33	3.35	1.34	3.4	1.32	3.26	-2.0	1.88	1.98	1.89	1.98	1.92	2.03	1.87	1.94	1.18	7.0	15.0							1.18	7.53	17.28							1.21	7.53	17.28	1.18	7.11	14.26	1.44	2.75	1.4	2.99	1.45	3.15	1.39	2.92	-2.0	1.88	1.98	1.92	1.97	1.93	1.99	1.9	1.92	scotland	SC0	1.18	7.0	13.0	1.2	7.1	13.0	1.22	6.8	15.0	1.39	3.0	1.8	1.82	1.15	7.5	15.0	1.18	7.02	15.0	1.19	9.2	18.0	1.44	3.15	1.95	2.02																																															2025-04-12 11:30:00+00:00	scotland:20250412T1130Z:celtic:kilmarnock:649	scotland:celtic	scotland:kilmarnock	sco.1:2024-25	sco.1:2024-25-rules-v1	108	6.020833333333333	9.0	3.0	1.4	1.8	0.3	17.777845383106943	8.397368126527294	0.16707715191731992	108	6.895833333333333	4.0	1.2	2.2	-0.4	0.3	12.395968541545273	9.598807175932953	0.1084786464592403	2024-25	9.0	4.0	6.020833333333333	6.895833333333333	3.0	1.2	2025-04-12 11:29:59.999999+00:00
	2025-04-12	15:00	Dundee United	St Johnstone	1	0	H	1	0	H	D McFarlane	9	15	4	2	15	14	6	5	1	2	0	0	1.8	3.5	4.5							1.79	3.54	4.72							1.83	3.7	4.72	1.79	3.51	4.54	2.2	1.67	2.24	1.66	2.27	1.73	2.2	1.65	-0.5	1.8	2.05	1.79	2.07	1.83	2.07	1.78	2.03	1.83	3.5	4.2							1.88	3.59	4.42							1.88	3.6	4.6	1.84	3.54	4.27	2.1	1.73	2.16	1.75	2.19	1.77	2.09	1.73	-0.5	1.88	1.98	1.89	2.02	1.89	2.04	1.85	1.98	scotland	SC0	1.8	3.4	4.5	1.81	3.54	4.63	1.88	3.55	4.9	2.22	1.74	1.88	2.07	1.75	3.5	4.6	1.86	3.56	4.27	1.91	3.6	4.7	2.18	1.81	1.92	2.07																																															2025-04-12 14:00:00+00:00	scotland:20250412T1400Z:dundee-united:st-johnstone:650	scotland:dundee-united	scotland:st-johnstone	sco.1:2024-25	sco.1:2024-25-rules-v1	70	6.020833333333333	7.0	1.4	1.8	-0.6	0.4	11.582673001761412	13.55082836485684	0.10344608080268597	108	6.125	8.0	0.6	0.8	-0.4	0.4	8.494888830131144	14.888721106693964	0.0798066082720725	2024-25	7.0	8.0	6.020833333333333	6.125	1.4	0.6	2025-04-12 13:59:59.999999+00:00
	2025-04-12	15:00	Motherwell	Hearts	0	0	D	0	0	D	K Clancy	6	12	0	2	12	18	4	2	0	3	0	0	3.9	3.7	1.9							4.17	3.59	1.87							4.17	3.72	1.91	3.96	3.61	1.87	1.93	1.93	1.89	1.95	1.93	2.0	1.87	1.91	0.5	1.98	1.88	1.98	1.88	1.98	1.91	1.93	1.88	4.33	3.75	1.8							4.45	3.83	1.82							4.45	3.83	1.83	4.23	3.74	1.8	1.93	1.93	1.91	1.98	1.95	1.98	1.88	1.93	0.5	2.03	1.78	2.09	1.82	2.09	1.83	2.01	1.81	scotland	SC0	4.0	3.6	1.85	4.07	3.72	1.87	4.2	3.7	1.94	1.91	1.98	2.0	1.94	4.33	3.75	1.75	4.33	3.75	1.8	4.5	4.0	1.85	1.95	2.02	2.14	1.85																																															2025-04-12 14:00:00+00:00	scotland:20250412T1400Z:motherwell:hearts:651	scotland:motherwell	scotland:hearts	sco.1:2024-25	sco.1:2024-25-rules-v1	108	7.0	7.0	1.4	2.0	-1.2	0.0	7.919678959900984	14.80529866075662	0.15660806780918068	108	6.020833333333333	6.0	1.2	1.4	0.5	0.3	11.844338059013062	9.362252839517966	0.11565705859730695	2024-25	7.0	6.0	7.0	6.020833333333333	1.4	1.2	2025-04-12 13:59:59.999999+00:00
	2025-04-12	15:00	St Mirren	Ross County	3	2	H	1	1	D	C Scott	13	11	5	7	9	8	6	7	1	1	0	0	1.67	3.75	5.0							1.67	3.85	5.08							1.72	3.88	5.08	1.68	3.77	4.94	2.03	1.83	2.01	1.85	2.06	1.85	1.99	1.81	-0.75	1.88	1.98	1.89	1.98	1.93	1.98	1.87	1.92	1.53	4.0	6.25							1.55	4.11	6.63							1.62	4.2	6.63	1.54	4.02	6.21	2.1	1.73	2.09	1.81	2.19	1.87	2.06	1.76	-1.0	1.95	1.9	1.99	1.92	2.02	1.92	1.95	1.87	scotland	SC0	1.67	3.75	5.0	1.69	3.84	5.05	1.72	3.8	5.4	2.02	1.87	1.92	1.98	1.62	3.75	5.5	1.56	4.04	6.06	1.58	4.2	7.4	2.14	1.85	2.01	1.95																																															2025-04-12 14:00:00+00:00	scotland:20250412T1400Z:st-mirren:ross-county:652	scotland:st-mirren	scotland:ross-county	sco.1:2024-25	sco.1:2024-25-rules-v1	108	7.0	4.0	2.0	2.6	0.0	0.3	12.505957070856752	9.959063092661765	0.17063981347735077	108	7.0	3.0	0.2	1.0	-0.6	0.2	8.324056185543208	15.136038369285597	0.06943893101504957	2024-25	4.0	3.0	7.0	7.0	2.0	0.2	2025-04-12 13:59:59.999999+00:00
	2025-04-13	12:00	Aberdeen	Rangers	2	2	D	2	0	H	S McLean	17	12	5	4	8	12	6	1	1	1	0	1	3.1	4.1	2.0							3.29	4.01	2.01							3.43	4.1	2.05	3.24	3.91	2.0	1.62	2.3	1.62	2.32	1.68	2.38	1.6	2.29	0.5	1.83	2.03	1.84	2.02	1.84	2.05	1.81	2.01	2.38	3.75	2.7							2.49	3.67	2.79							2.65	3.77	2.79	2.49	3.64	2.62	1.57	2.38	1.62	2.39	1.62	2.5	1.57	2.37	0.0	1.83	2.03	1.85	2.07	1.94	2.07	1.86	1.99	scotland	SC0	3.3	3.9	2.0	3.43	3.84	2.0	3.3	4.0	2.08	1.64	2.36	1.86	2.08	2.63	3.3	2.4	2.48	3.77	2.61	2.66	3.8	2.74	1.64	2.52	1.96	2.03																																															2025-04-13 11:00:00+00:00	scotland:20250413T1100Z:aberdeen:rangers:653	scotland:aberdeen	scotland:rangers	sco.1:2024-25	sco.1:2024-25-rules-v1	108	7.875	8.0	1.6	1.6	-0.6	0.3	12.171282417102733	11.809597897283366	0.09819837203806289	108	7.875	9.0	2.4	2.2	1.0	0.2	18.195058681784495	10.3845542798114	0.13079903401262574	2024-25	8.0	9.0	7.875	7.875	1.6	2.4	2025-04-13 10:59:59.999999+00:00
	2025-04-13	14:30	Hibernian	Dundee	4	0	H	1	0	H	C Graham	19	4	6	2	9	10	8	3	1	1	0	0	1.53	4.5	5.5							1.53	4.42	5.67							1.55	4.5	5.67	1.53	4.38	5.5	1.67	2.2	1.64	2.28	1.67	2.28	1.62	2.24	-1.0	1.9	1.95	1.88	1.98	1.92	1.98	1.87	1.93	1.48	4.5	6.0							1.51	4.76	6.12							1.51	4.76	6.25	1.48	4.59	5.98	1.62	2.3	1.64	2.35	1.64	2.35	1.61	2.3	-1.25	2.05	1.8	2.09	1.83	2.11	1.83	2.05	1.78	scotland	SC0	1.5	4.2	5.5	1.55	4.4	5.6	1.54	4.8	5.8	1.63	2.32			1.47	4.5	6.0	1.51	4.55	5.83	1.54	4.8	6.6	1.68	2.46	2.14	1.82																																															2025-04-13 13:30:00+00:00	scotland:20250413T1330Z:hibernian:dundee:654	scotland:hibernian	scotland:dundee	sco.1:2024-25	sco.1:2024-25-rules-v1	108	7.979166666666667	13.0	2.2	0.6	1.3	0.4	10.936217763508179	9.804717471628578	0.20001344812746036	70	7.979166666666667	7.0	2.2	1.8	-1.3	0.1	11.625034303777696	16.724281564877288	0.1617843441009425	2024-25	13.0	7.0	7.979166666666667	7.979166666666667	2.2	2.2	2025-04-13 13:29:59.999999+00:00
	2025-04-26	12:30	Dundee United	Celtic	0	5	A	0	3	A	D Robertson	7	21	4	6	5	8	1	8	0	0	0	0	9.0	5.5	1.29							10.15	5.35	1.32							10.5	6.0	1.32	9.73	5.52	1.29	1.44	2.75	1.5	2.65	1.5	2.8	1.46	2.63	1.5	2.03	1.83	2.04	1.85	2.04	1.85	2.01	1.81	8.0	5.25	1.33							10.15	5.39	1.33							10.21	5.5	1.35	8.79	5.29	1.32	1.44	2.75	1.47	2.77	1.47	2.8	1.45	2.71	1.5	1.98	1.88	1.99	1.92	1.99	1.92	1.94	1.88	scotland	SC0	9.5	6.0	1.25	10.5	5.45	1.3	10.5	6.0	1.32	1.48	2.8	2.0	1.87	8.5	5.5	1.3	8.1	5.31	1.35	10.5	6.2	1.34	1.49	2.98	2.05	1.9																																															2025-04-26 11:30:00+00:00	scotland:20250426T1130Z:dundee-united:celtic:655	scotland:dundee-united	scotland:celtic	sco.1:2024-25	sco.1:2024-25-rules-v1	71	13.895833333333334	10.0	1.4	1.2	-0.6	0.4	11.113096092350245	13.814314116701052	0.10483972267694508	109	14.0	9.0	3.0	1.4	2.2	0.3	17.090964404360225	7.779664830795058	0.2016345528674176	2024-25	10.0	9.0	13.895833333333334	14.0	1.4	3.0	2025-04-26 11:29:59.999999+00:00
	2025-04-26	15:00	Aberdeen	Hibernian	1	0	H	0	0	D	D Dickinson	15	12	5	0	6	7	10	5	3	2	0	0	2.35	3.4	2.9							2.39	3.38	2.99							2.39	3.45	2.99	2.35	3.39	2.93	1.85	2.0	1.88	1.98	1.88	2.0	1.85	1.94	-0.25	2.05	1.8	2.07	1.81	2.07	1.81	2.01	1.78	2.35	3.4	2.9							2.46	3.47	2.96							2.5	3.48	2.96	2.42	3.4	2.85	1.9	1.95	1.9	1.99	1.95	1.99	1.87	1.92	-0.25	2.05	1.8	2.13	1.8	2.13	1.8	2.07	1.76	scotland	SC0	2.3	3.4	2.88	2.37	3.4	2.97	2.42	3.5	3.05	1.87	1.99	2.08	1.85	2.5	3.3	2.7	2.46	3.44	2.82	2.5	3.5	3.1	1.96	2.0	2.16	1.85																																															2025-04-26 14:00:00+00:00	scotland:20250426T1400Z:aberdeen:hibernian:656	scotland:aberdeen	scotland:hibernian	sco.1:2024-25	sco.1:2024-25-rules-v1	109	13.125	9.0	1.8	1.0	-0.3	0.3	13.0492310685386	11.844216461413662	0.1017344969081477	109	13.020833333333334	13.0	2.4	0.4	1.5	0.5	12.402359988324873	8.749314294968835	0.20192487861146277	2024-25	9.0	13.0	13.125	13.020833333333334	1.8	2.4	2025-04-26 13:59:59.999999+00:00
	2025-04-26	15:00	Hearts	Dundee	0	1	A	0	1	A	R Hardie	14	9	4	2	7	9	7	3	1	4	0	0	1.45	4.75	6.25							1.47	4.53	6.44							1.48	4.75	6.5	1.46	4.54	6.35	1.62	2.3	1.64	2.3	1.64	2.3	1.62	2.27	-1.25	2.03	1.83	2.05	1.83	2.05	1.83	2.01	1.78	1.53	4.2	5.75							1.56	4.27	6.17							1.56	4.6	7.0	1.52	4.27	6.0	1.83	2.03	1.84	2.06	1.86	2.25	1.78	2.04	-1.0	1.93	1.93	1.95	1.95	1.95	1.96	1.89	1.93	scotland	SC0	1.44	4.6	6.5	1.47	4.65	6.4	1.48	4.7	7.0	1.65	2.32	1.95	1.87	1.4	4.6	7.0	1.55	4.25	5.81	1.56	4.5	6.6	1.82	2.16	1.95	2.01																																															2025-04-26 14:00:00+00:00	scotland:20250426T1400Z:hearts:dundee:657	scotland:hearts	scotland:dundee	sco.1:2024-25	sco.1:2024-25-rules-v1	109	14.0	4.0	0.6	1.2	0.5	0.3	11.872640230101595	8.750934141423791	0.09462850248870568	71	13.020833333333334	7.0	2.0	2.2	-1.7	0.1	10.238664430363569	17.138048553081415	0.13236900880986205	2024-25	4.0	7.0	14.0	13.020833333333334	0.6	2.0	2025-04-26 13:59:59.999999+00:00
	2025-04-26	15:00	Kilmarnock	Ross County	2	0	H	1	0	H	N Walsh	13	9	3	1	17	13	5	4	0	2	0	0	1.6	3.75	5.75							1.61	3.69	6.08							1.63	3.95	6.08	1.61	3.74	5.71	2.1	1.73	2.09	1.78	2.1	1.81	2.04	1.75	-1.0	2.05	1.75	2.11	1.77	2.11	1.78	2.07	1.74	1.75	3.4	4.75							1.82	3.4	5.22							1.83	3.55	5.22	1.79	3.4	4.88	2.2	1.67	2.29	1.68	2.35	1.68	2.23	1.64	-0.5	1.78	2.03	1.82	2.09	1.83	2.09	1.79	2.03	scotland	SC0	1.57	3.8	5.5	1.63	3.76	5.8	1.62	3.9	6.4	2.06	1.82	1.99	1.83	1.7	3.5	5.0	1.79	3.48	4.86	1.86	3.55	5.2	2.34	1.72	1.86	2.14																																															2025-04-26 14:00:00+00:00	scotland:20250426T1400Z:kilmarnock:ross-county:658	scotland:kilmarnock	scotland:ross-county	sco.1:2024-25	sco.1:2024-25-rules-v1	109	14.104166666666666	4.0	1.0	2.4	-0.8	0.2	11.051246988537041	10.399024053036051	0.12511889255756023	109	14.0	3.0	0.6	1.4	-0.4	0.2	8.810591424535351	14.747667756688214	0.08987152207016452	2024-25	4.0	3.0	14.104166666666666	14.0	1.0	0.6	2025-04-26 13:59:59.999999+00:00
	2025-04-26	15:00	Motherwell	St Johnstone	3	2	H	2	1	H	S McLean	17	16	5	4	15	17	5	9	4	1	0	0	2.3	3.0	3.3							2.37	3.23	3.14							2.38	3.23	3.3	2.33	3.16	3.14	2.3	1.62	2.28	1.65	2.3	1.65	2.25	1.62	-0.25	2.0	1.85	2.05	1.83	2.05	1.85	1.98	1.81	2.0	3.3	3.8							2.06	3.43	3.87							2.3	3.43	3.87	2.08	3.33	3.65	2.05	1.8	2.07	1.83	2.1	1.83	2.04	1.77	-0.25	1.73	2.08	1.78	2.15	1.93	2.15	1.76	2.07	scotland	SC0	2.38	3.1	3.2	2.38	3.18	3.15	2.36	3.2	3.4	2.32	1.65	2.01	1.88	2.3	3.3	3.1	2.03	3.34	3.85	2.2	3.4	3.9	2.14	1.84	1.86	2.12																																															2025-04-26 14:00:00+00:00	scotland:20250426T1400Z:motherwell:st-johnstone:659	scotland:motherwell	scotland:st-johnstone	sco.1:2024-25	sco.1:2024-25-rules-v1	109	14.0	5.0	1.0	1.8	-1.0	0.1	7.570646421737168	14.29524435880087	0.12813387366205692	109	14.0	5.0	0.4	1.0	-0.3	0.4	9.677636315561845	13.818044541840516	0.0652963158589684	2024-25	5.0	5.0	14.0	14.0	1.0	0.4	2025-04-26 13:59:59.999999+00:00
	2025-04-26	15:00	St Mirren	Rangers	2	2	D	1	1	D	C Steven	9	11	3	4	11	11	3	3	3	1	0	0	3.75	4.0	1.85							3.61	4.07	1.79							3.95	4.14	1.89	3.74	3.91	1.83	1.8	2.0	1.77	1.98	1.81	2.1	1.77	2.01	0.5	2.0	1.85	1.99	1.81	2.0	1.9	1.95	1.84	3.6	4.1	1.85							3.95	3.97	1.88							4.4	4.2	1.88	3.96	3.99	1.81	1.67	2.2	1.74	2.17	1.74	2.38	1.67	2.18	0.5	1.98	1.88	2.01	1.89	2.1	1.89	2.01	1.82	scotland	SC0	3.9	3.8	1.83	3.95	4.05	1.82	4.1	4.0	1.88	1.79	2.12	2.08	1.88	4.4	4.2	1.67	3.78	4.14	1.83	4.3	4.1	1.89	1.75	2.3	2.11	1.89																																															2025-04-26 14:00:00+00:00	scotland:20250426T1400Z:st-mirren:rangers:660	scotland:st-mirren	scotland:rangers	sco.1:2024-25	sco.1:2024-25-rules-v1	109	14.0	7.0	2.4	2.4	0.2	0.3	12.595783057973705	10.148324348541443	0.1815724348031471	109	13.125	7.0	2.0	2.2	0.7	0.1	17.068684376005493	11.587362592572962	0.1373204217679059	2024-25	7.0	7.0	14.0	13.125	2.4	2.0	2025-04-26 13:59:59.999999+00:00
	2025-05-03	15:00	Dundee	Motherwell	1	2	A	1	0	H	K Clancy	10	16	5	4	13	8	7	4	1	2	0	1	2.2	3.3	3.25							2.19	3.49	3.25							2.21	3.5	3.45	2.17	3.44	3.22	1.8	2.0	1.79	2.06	1.8	2.08	1.78	2.02	-0.25	1.9	1.95	1.92	1.95	1.92	2.0	1.86	1.92	2.0	3.4	3.75							2.06	3.55	3.74							2.06	3.57	3.78	2.03	3.46	3.6	1.9	1.95	1.88	2.0	1.95	2.01	1.84	1.96	-0.5	2.05	1.8	2.07	1.85	2.07	1.85	2.03	1.79	scotland	SC0	2.1	3.4	3.3	2.21	3.44	3.25	2.18	3.55	3.4	1.8	2.08	1.89	2.0	1.95	3.3	3.5	2.02	3.43	3.78	2.1	3.65	3.9	1.83	2.16	2.1	1.89																																															2025-05-03 14:00:00+00:00	scotland:20250503T1400Z:dundee:motherwell:661	scotland:dundee	scotland:motherwell	sco.1:2024-25	sco.1:2024-25-rules-v1	72	7.0	9.0	2.0	2.0	-1.0	0.2	10.01345271575201	16.567494270702976	0.12850393650099823	110	7.0	5.0	1.2	2.0	-0.8	0.1	9.285074345057682	14.605199929927984	0.13692236722082732	2024-25	9.0	5.0	7.0	7.0	2.0	1.2	2025-05-03 13:59:59.999999+00:00
	2025-05-03	15:00	Hibernian	Dundee United	3	1	H	2	0	H	J Beaton	16	14	9	4	8	7	8	4	1	1	0	0	1.75	3.8	4.33							1.74	3.75	4.73							1.78	3.83	4.73	1.74	3.75	4.51	1.95	1.9	1.96	1.89	1.96	1.9	1.92	1.87	-0.75	1.98	1.88	1.98	1.89	2.0	1.89	1.94	1.84	1.67	4.0	4.5							1.7	3.99	5.06							1.72	4.07	5.06	1.68	3.91	4.82	1.83	2.03	1.82	2.06	1.86	2.06	1.81	1.99	-0.75	1.88	1.98	1.9	2.0	1.9	2.02	1.86	1.96	scotland	SC0	1.73	3.8	4.4	1.74	3.82	4.63	1.8	3.85	4.8	1.94	1.97	2.02	1.9	1.65	3.75	4.6	1.68	4.07	4.77	1.76	4.1	5.1	1.87	2.14	1.97	1.99																																															2025-05-03 14:00:00+00:00	scotland:20250503T1400Z:hibernian:dundee-united:662	scotland:hibernian	scotland:dundee-united	sco.1:2024-25	sco.1:2024-25-rules-v1	110	7.0	10.0	2.0	0.4	1.4	0.5	12.329203626811259	9.8858026049745	0.16521126431846953	72	7.104166666666667	9.0	1.0	1.8	-0.9	0.4	10.365260439195655	15.120802459119043	0.08577795491750051	2024-25	10.0	9.0	7.0	7.104166666666667	2.0	1.0	2025-05-03 13:59:59.999999+00:00
	2025-05-03	15:00	Ross County	Hearts	1	3	A	1	1	D	D Robertson	13	22	4	8	5	4	4	13	1	1	0	0	3.9	3.5	1.9							3.94	3.72	1.88							3.95	3.75	1.94	3.87	3.6	1.89	2.0	1.8	2.05	1.79	2.05	1.8	2.02	1.77	0.5	1.93	1.93	1.97	1.9	1.97	1.93	1.92	1.89	4.1	3.5	1.85							4.19	3.69	1.9							4.34	3.69	1.98	4.12	3.53	1.87	2.1	1.73	2.13	1.78	2.19	1.78	2.11	1.72	0.5	1.98	1.88	2.0	1.91	2.0	1.95	1.94	1.88	scotland	SC0	3.9	3.5	1.91	3.9	3.56	1.94	4.2	3.7	1.96	2.04	1.83	2.0	1.96	4.0	3.3	1.85	4.34	3.56	1.85	4.4	3.7	1.98	2.26	1.76	2.01	1.98																																															2025-05-03 14:00:00+00:00	scotland:20250503T1400Z:ross-county:hearts:663	scotland:ross-county	scotland:hearts	sco.1:2024-25	sco.1:2024-25-rules-v1	110	7.0	0.0	0.4	1.8	-0.6	0.2	8.845029347347104	14.4299099827449	0.07353124533013461	110	7.0	4.0	0.4	1.0	0.3	0.3	12.259432915537667	8.796218842983102	0.07742332021803192	2024-25	0.0	4.0	7.0	7.0	0.4	0.4	2025-05-03 13:59:59.999999+00:00
	2025-05-03	15:00	St Johnstone	Kilmarnock	0	2	A	0	1	A	I Snedden	18	12	3	4	12	16	6	2	2	1	0	0	3.0	3.4	2.3							3.15	3.2	2.38							3.15	3.4	2.38	3.08	3.23	2.34	2.2	1.67	2.23	1.68	2.23	1.68	2.19	1.66	0.25	1.83	2.03	1.83	2.05	1.83	2.05	1.81	1.94	2.9	3.3	2.4							3.09	3.31	2.45							3.1	3.34	2.45	2.99	3.26	2.39	2.1	1.73	2.12	1.78	2.19	1.78	2.08	1.74	0.25	1.78	2.1	1.82	2.11	1.82	2.11	1.78	2.01	scotland	SC0	3.0	3.3	2.38	3.12	3.26	2.35	3.2	3.35	2.44	2.28	1.68	1.84	2.09	2.9	3.1	2.3	2.94	3.34	2.43	3.2	3.35	2.52	2.16	1.82	1.85	2.15																																															2025-05-03 14:00:00+00:00	scotland:20250503T1400Z:st-johnstone:kilmarnock:664	scotland:st-johnstone	scotland:kilmarnock	sco.1:2024-25	sco.1:2024-25-rules-v1	110	7.0	4.0	0.6	1.4	-0.5	0.4	10.827156985459691	14.396581897869513	0.07615153115733778	110	7.0	7.0	1.4	2.2	-0.5	0.3	11.405565717893943	10.144656043393132	0.13034203097366814	2024-25	4.0	7.0	7.0	7.0	0.6	1.4	2025-05-03 13:59:59.999999+00:00
	2025-05-03	15:00	St Mirren	Aberdeen	1	0	H	0	0	D	R Hardie	10	7	4	0	10	11	5	11	3	2	0	0	2.6	3.3	2.63							2.63	3.3	2.73							2.63	3.5	2.73	2.59	3.32	2.67	1.9	1.95	1.88	1.97	1.9	1.97	1.86	1.92	0.0	1.88	1.98	1.9	1.97	1.9	1.98	1.88	1.94	2.35	3.3	2.9							2.44	3.42	3.02							2.45	3.42	3.02	2.39	3.35	2.91	1.88	1.98	1.88	2.0	1.95	2.0	1.87	1.93	-0.25	2.05	1.8	2.11	1.82	2.11	1.82	2.05	1.78	scotland	SC0	2.63	3.3	2.63	2.56	3.5	2.64	2.46	2.88	2.78	1.8	1.85	1.79	2.0	2.25	3.3	2.88	2.4	3.37	2.96	2.52	3.5	3.1	1.96	2.02	2.16	1.85																																															2025-05-03 14:00:00+00:00	scotland:20250503T1400Z:st-mirren:aberdeen:665	scotland:st-mirren	scotland:aberdeen	sco.1:2024-25	sco.1:2024-25-rules-v1	110	7.0	8.0	2.4	1.8	-0.1	0.2	11.942004320160304	10.303174466988454	0.18896330524297894	110	7.0	11.0	1.6	0.6	0.1	0.4	13.403916328804307	11.872540741156632	0.09535852777333295	2024-25	8.0	11.0	7.0	7.0	2.4	1.6	2025-05-03 13:59:59.999999+00:00
	2025-05-04	12:00	Rangers	Celtic	1	1	D	1	0	H	N Walsh	13	7	4	3	9	18	5	6	1	1	0	0	3.7	3.9	1.81							3.85	3.91	1.86							3.85	4.0	1.89	3.72	3.92	1.85	1.5	2.63	1.52	2.57	1.54	2.63	1.5	2.51	0.5	1.98	1.88	1.98	1.87	1.98	1.89	1.95	1.86	2.8	3.7	2.25							2.9	3.97	2.29							2.97	3.97	2.29	2.86	3.78	2.24	1.5	2.63	1.49	2.72	1.5	2.72	1.48	2.62	0.25	1.85	2.0	1.88	2.03	1.88	2.03	1.85	1.94	scotland	SC0	3.75	4.0	1.85	3.81	3.94	1.87	3.8	4.2	1.95	1.53	2.66	2.01	1.95	2.8	3.6	2.15	2.97	3.77	2.22	2.98	3.9	2.42	1.55	2.78	1.89	2.11																																															2025-05-04 11:00:00+00:00	scotland:20250504T1100Z:rangers:celtic:666	scotland:rangers	scotland:celtic	sco.1:2024-25	sco.1:2024-25-rules-v1	110	7.875	8.0	2.2	2.2	0.5	0.1	15.965287216731765	11.116933030286969	0.14541092359522878	110	7.979166666666667	9.0	3.0	1.0	2.5	0.4	17.801698149022002	7.637907588832319	0.20826376836338495	2024-25	8.0	9.0	7.875	7.979166666666667	2.2	3.0	2025-05-04 10:59:59.999999+00:00
	2025-05-10	15:00	Celtic	Hibernian	3	1	H	2	1	H	D Steven	18	10	8	4	8	6	8	3	2	3	0	0	1.27	6.0	9.0							1.28	5.79	9.26							1.3	6.0	10.5	1.27	5.78	9.41	1.44	2.75	1.49	2.6	1.49	2.75	1.46	2.6	-1.75	2.0	1.85	2.04	1.83	2.04	1.85	1.99	1.79	1.3	5.75	8.5							1.29	6.12	10.25							1.34	6.12	10.25	1.3	5.79	8.94	1.44	2.75	1.44	2.84	1.45	2.9	1.43	2.78	-1.5	1.83	2.03	1.85	2.07	1.88	2.07	1.83	1.99	scotland	SC0	1.22	6.0	10.5	1.3	5.9	9.0	1.3	5.5	5.7					1.25	6.0	9.0	1.34	5.52	8.03	1.32	6.6	10.5	1.5	2.92	1.91	2.06																																															2025-05-10 14:00:00+00:00	scotland:20250510T1400Z:celtic:hibernian:667	scotland:celtic	scotland:hibernian	sco.1:2024-25	sco.1:2024-25-rules-v1	111	6.125	10.0	2.8	0.6	1.9	0.3	15.837753031018002	8.612833481771897	0.1963716546349773	111	7.0	12.0	2.4	0.4	1.4	0.4	12.996621149209211	10.633838494979136	0.16926376171511143	2024-25	10.0	12.0	6.125	7.0	2.8	2.4	2025-05-10 13:59:59.999999+00:00
	2025-05-10	15:00	Dundee United	St Mirren	0	2	A	0	1	A	S McLean	12	21	3	6	6	5	4	6	0	2	0	0	2.25	3.6	2.9							2.32	3.59	2.94							2.33	3.61	3.0	2.28	3.53	2.94	1.85	2.0	1.83	2.03	1.86	2.03	1.82	1.96	-0.25	2.0	1.85	2.03	1.85	2.03	1.85	1.96	1.82	2.35	3.4	2.88							2.45	3.42	3.01							2.45	3.52	3.01	2.38	3.38	2.91	2.1	1.73	2.08	1.83	2.1	1.89	2.01	1.79	-0.25	2.05	1.8	2.12	1.81	2.12	1.81	2.04	1.78	scotland	SC0	2.25	3.4	3.0	2.33	3.54	2.93	2.38	3.5	1.37					2.3	3.2	2.88	2.37	3.52	2.9	2.5	3.5	3.1	2.14	1.84	2.12	1.87																																															2025-05-10 14:00:00+00:00	scotland:20250510T1400Z:dundee-united:st-mirren:668	scotland:dundee-united	scotland:st-mirren	sco.1:2024-25	sco.1:2024-25-rules-v1	73	7.0	9.0	0.8	1.6	-1.0	0.4	11.026122177523717	15.280656557461032	0.08316897610133159	111	7.0	10.0	2.2	1.4	0.1	0.3	11.588912625585703	9.70259729117237	0.17278815883516457	2024-25	9.0	10.0	7.0	7.0	0.8	2.2	2025-05-10 13:59:59.999999+00:00
	2025-05-10	15:00	Hearts	Motherwell	3	0	H	1	0	H	R Lee	8	9	5	3	17	10	6	1	2	2	0	0	1.5	4.2	6.25							1.5	4.28	6.48							1.53	4.5	6.5	1.5	4.23	6.19	1.8	2.0	1.8	2.03	1.81	2.07	1.78	2.01	-1.0	1.83	2.03	1.84	2.04	1.85	2.04	1.83	1.98	1.6	4.1	5.25							1.61	4.24	5.49							1.63	4.3	5.6	1.6	4.1	5.23	1.67	2.2	1.72	2.21	1.78	2.21	1.71	2.12	-1.0	2.03	1.83	2.05	1.86	2.06	1.86	2.01	1.81	scotland	SC0	1.47	4.2	6.5	1.53	4.5	5.66	1.51	1.53	1.35					1.53	4.0	5.0	1.63	4.03	5.28	1.64	4.4	6.0	1.76	2.26	2.07	1.89																																															2025-05-10 14:00:00+00:00	scotland:20250510T1400Z:hearts:motherwell:669	scotland:hearts	scotland:motherwell	sco.1:2024-25	sco.1:2024-25-rules-v1	111	7.0	4.0	0.6	1.2	-0.1	0.2	14.030445112712636	9.560542689713447	0.08813974133541454	111	7.0	7.0	1.2	1.8	-0.5	0.1	10.505969918683558	13.76789085175926	0.1347546640897678	2024-25	4.0	7.0	7.0	7.0	0.6	1.2	2025-05-10 13:59:59.999999+00:00
	2025-05-10	15:00	Kilmarnock	Dundee	3	2	H	1	0	H	D Robertson	16	13	7	5	14	7	7	2	1	2	0	0	1.83	3.4	4.5							1.83	3.61	4.36							1.85	3.9	4.5	1.81	3.62	4.28	1.9	1.95	1.91	1.94	1.91	1.97	1.86	1.92	-0.5	1.85	2.0	1.85	2.03	1.85	2.1	1.81	2.01	1.91	3.6	4.0							1.93	3.62	4.15							1.95	3.65	4.15	1.9	3.59	3.96	1.8	2.0	1.85	2.05	1.86	2.05	1.81	1.99	-0.5	1.93	1.93	1.94	1.96	1.95	1.96	1.91	1.91	scotland	SC0	1.75	3.75	4.4	1.85	3.72	4.14	1.72	3.05	3.6					1.85	3.5	3.9	1.91	3.6	4.0	1.96	3.85	4.3	1.87	2.12	1.96	2.03																																															2025-05-10 14:00:00+00:00	scotland:20250510T1400Z:kilmarnock:dundee:670	scotland:kilmarnock	scotland:dundee	sco.1:2024-25	sco.1:2024-25-rules-v1	111	7.0	9.0	1.6	2.0	-0.4	0.3	11.513644678276862	11.572900399139835	0.13694651019057696	73	7.0	6.0	1.4	2.0	-0.5	0.2	10.011006767433463	16.464313494211524	0.12332140259172582	2024-25	9.0	6.0	7.0	7.0	1.6	1.4	2025-05-10 13:59:59.999999+00:00
	2025-05-10	15:00	St Johnstone	Ross County	2	1	H	1	1	D	J Beaton	21	9	6	1	12	17	4	4	1	2	0	1	2.2	3.2	3.4							2.22	3.21	3.46							2.24	3.28	3.46	2.2	3.21	3.37	2.1	1.73	2.14	1.72	2.2	1.73	2.11	1.7	-0.25	1.93	1.93	1.91	1.95	1.93	1.95	1.87	1.91	2.0	3.4	3.75							2.05	3.43	3.92							2.07	3.43	3.94	2.01	3.38	3.78	2.03	1.83	2.05	1.85	2.08	1.85	2.01	1.8	-0.5	2.0	1.85	2.06	1.85	2.06	1.85	2.01	1.8	scotland	SC0	2.2	3.2	3.3	2.23	3.28	3.35	2.04	1.02	1.41					1.95	3.2	3.75	1.98	3.43	3.94	2.06	3.55	4.1	2.1	1.9	2.08	1.9																																															2025-05-10 14:00:00+00:00	scotland:20250510T1400Z:st-johnstone:ross-county:671	scotland:st-johnstone	scotland:ross-county	sco.1:2024-25	sco.1:2024-25-rules-v1	111	7.0	3.0	0.6	1.8	-0.8	0.3	12.131310260830656	13.96083973462051	0.062305798219639996	111	7.0	0.0	0.6	2.0	-0.4	0.2	9.600478556920358	15.806289985882191	0.07414794198339685	2024-25	3.0	0.0	7.0	7.0	0.6	0.6	2025-05-10 13:59:59.999999+00:00
	2025-05-11	12:00	Rangers	Aberdeen	4	0	H	0	0	D	D Dickinson	24	8	11	4	11	14	7	2	2	2	0	0	1.62	4.1	5.0							1.59	4.23	5.28							1.62	4.35	5.28	1.59	4.21	5.05	1.62	2.3	1.61	2.34	1.62	2.35	1.59	2.3	-1.0	2.03	1.83	1.99	1.86	2.08	1.86	1.98	1.82	1.45	4.5	6.0							1.49	4.78	6.43							1.49	4.8	6.43	1.46	4.67	6.12	1.5	2.63	1.51	2.64	1.51	2.65	1.48	2.61	-1.25	2.0	1.85	2.03	1.88	2.03	1.9	1.99	1.83	scotland	SC0	1.6	4.2	5.0	1.59	4.35	5.2	1.63	3.95	4.6					1.4	4.6	6.0	1.47	4.61	6.4	1.49	5.2	7.0	1.53	2.82	2.02	1.93																																															2025-05-11 11:00:00+00:00	scotland:20250511T1100Z:rangers:aberdeen:672	scotland:rangers	scotland:aberdeen	sco.1:2024-25	sco.1:2024-25-rules-v1	111	7.0	6.0	1.8	2.0	0.1	0.0	15.426144086416897	10.368399752052975	0.1329585878366557	111	7.875	10.0	1.6	0.8	0.2	0.4	12.239567905385343	11.532078788219062	0.07802061363272696	2024-25	6.0	10.0	7.0	7.875	1.8	1.6	2025-05-11 10:59:59.999999+00:00
	2025-05-14	19:45	Dundee	Ross County	1	1	D	0	0	D	N Walsh	15	12	8	3	14	10	10	5	3	1	0	0	1.85	3.6	4.0							1.93	3.59	3.93							1.96	3.61	4.0	1.92	3.56	3.83	1.88	1.98	1.86	1.99	1.91	1.99	1.85	1.94	-0.5	1.9	1.95	1.94	1.93	1.97	1.95	1.93	1.88	1.95	3.6	3.7							1.97	3.71	3.87							1.97	3.75	3.9	1.93	3.66	3.76	1.73	2.1	1.79	2.09	1.8	2.1	1.78	2.03	-0.5	1.98	1.88	1.98	1.93	1.98	1.94	1.93	1.89	scotland	SC0	1.91	3.5	3.9	1.95	3.55	3.9	1.96	3.6	4.1	1.94	2.0	1.96	1.96	1.91	3.5	3.9	1.97	3.63	3.73	2.0	3.75	4.2	1.87	2.1	2.0	1.98																																															2025-05-14 18:45:00+00:00	scotland:20250514T1845Z:dundee:ross-county:673	scotland:dundee	scotland:ross-county	sco.1:2024-25	sco.1:2024-25-rules-v1	74	4.197916666666667	6.0	1.2	1.8	-0.5	0.2	10.554460082445559	16.379892858900337	0.12887135736525818	112	4.197916666666667	0.0	0.8	2.2	-0.8	0.1	9.491300637480292	16.750600897539975	0.0808685181884358	2024-25	6.0	0.0	4.197916666666667	4.197916666666667	1.2	0.8	2025-05-14 18:44:59.999999+00:00
	2025-05-14	19:45	Hearts	St Johnstone	2	1	H	2	0	H	D Dickinson	11	9	3	3	7	9	8	7	1	2	0	0	1.67	3.8	5.0							1.68	3.82	5.05							1.7	3.88	6.0	1.67	3.79	5.08	1.88	1.98	1.86	1.99	1.92	1.99	1.85	1.93	-0.75	1.85	2.0	1.88	1.99	1.88	2.0	1.83	1.95	1.65	3.75	5.25							1.66	3.65	6.18							1.68	3.8	7.5	1.65	3.65	5.78	1.88	1.98	1.91	1.98	1.95	1.98	1.87	1.93	-0.75	1.83	2.03	1.85	2.07	1.85	2.07	1.82	2.01	scotland	SC0	1.67	3.8	6.0	1.67	3.88	5.15	1.67	3.95	6.2	1.9	2.0	1.85	2.08	1.62	3.5	7.5	1.67	3.79	5.3	1.69	3.8	6.6	1.94	2.04	1.88	2.09																																															2025-05-14 18:45:00+00:00	scotland:20250514T1845Z:hearts:st-johnstone:674	scotland:hearts	scotland:st-johnstone	sco.1:2024-25	sco.1:2024-25-rules-v1	112	4.197916666666667	7.0	1.2	0.6	0.4	0.3	12.934000546764883	9.458625837038275	0.1402961520017028	112	4.197916666666667	6.0	1.0	1.4	-0.5	0.3	13.74379930431599	13.058868873780417	0.06829348858663185	2024-25	7.0	6.0	4.197916666666667	4.197916666666667	1.2	1.0	2025-05-14 18:44:59.999999+00:00
	2025-05-14	19:45	Motherwell	Kilmarnock	3	0	H	0	0	D	D Nicolson	24	14	8	3	11	7	5	4	0	1	0	1	2.8	3.25	2.55							2.74	3.38	2.57							2.8	3.55	2.57	2.72	3.34	2.52	1.85	2.0	1.86	1.99	1.86	2.0	1.83	1.96	0.0	2.03	1.83	2.0	1.87	2.03	1.87	1.99	1.83	2.75	3.0	2.8							2.74	3.24	2.78							2.75	3.3	2.81	2.69	3.16	2.72	2.1	1.73	2.13	1.76	2.19	1.83	2.06	1.75	0.0	1.9	1.95	1.93	1.97	1.93	1.97	1.91	1.93	scotland	SC0	2.7	3.3	2.55	2.76	3.34	2.54	2.82	3.45	2.64	1.88	2.02	2.03	1.89	2.7	3.25	2.63	2.75	3.01	2.81	2.82	3.4	2.84	2.1	1.88	1.99	1.99																																															2025-05-14 18:45:00+00:00	scotland:20250514T1845Z:motherwell:kilmarnock:675	scotland:motherwell	scotland:kilmarnock	sco.1:2024-25	sco.1:2024-25-rules-v1	112	4.197916666666667	7.0	1.0	1.6	-0.5	0.1	10.232157206195637	12.719183424166667	0.11025381607344638	112	4.197916666666667	12.0	2.0	1.4	-0.5	0.3	12.329345645862887	11.832373053841682	0.14613805379229022	2024-25	7.0	12.0	4.197916666666667	4.197916666666667	1.0	2.0	2025-05-14 18:44:59.999999+00:00
	2025-05-14	19:45	Rangers	Dundee United	3	1	H	1	1	D	C Scott	19	4	7	3	7	13	9	4	0	1	0	0	1.36	5.0	7.5							1.38	4.91	7.65							1.38	5.3	8.0	1.37	4.93	7.64	1.44	2.75	1.45	2.76	1.45	2.77	1.43	2.7	-1.5	1.98	1.88	1.99	1.88	2.0	1.88	1.95	1.82	1.25	6.25	10.0							1.26	6.27	10.8							1.3	6.27	11.0	1.26	6.01	10.11	1.33	3.4	1.33	3.36	1.35	3.4	1.33	3.27	-1.75	1.83	2.03	1.85	2.04	1.94	2.04	1.86	1.95	scotland	SC0	1.33	5.0	7.5	1.38	5.05	7.8	1.4	5.8	8.6	1.48	2.86	2.01	1.89	1.25	5.5	9.5	1.28	6.08	9.74	1.29	7.0	11.5	1.38	3.55	1.92	2.03																																															2025-05-14 18:45:00+00:00	scotland:20250514T1845Z:rangers:dundee-united:676	scotland:rangers	scotland:dundee-united	sco.1:2024-25	sco.1:2024-25-rules-v1	112	3.3229166666666665	6.0	1.8	1.4	0.3	0.1	16.98502697979564	9.93778161531607	0.13908732944211222	74	4.197916666666667	6.0	0.6	2.0	-0.9	0.4	11.203190872519404	16.32053718337721	0.06804734408290766	2024-25	6.0	6.0	3.3229166666666665	4.197916666666667	1.8	0.6	2025-05-14 18:44:59.999999+00:00
	2025-05-14	19:45	St Mirren	Hibernian	2	2	D	1	2	A	C Graham	11	9	4	4	12	13	5	6	3	3	0	0	2.9	3.3	2.4							3.01	3.22	2.46							3.01	3.55	2.47	2.94	3.23	2.42	2.0	1.85	2.0	1.86	2.0	1.88	1.97	1.83	0.25	1.78	2.1	1.78	2.12	1.78	2.12	1.75	2.01	2.55	3.3	2.7							2.59	3.38	2.85							2.7	3.38	2.85	2.58	3.31	2.73	1.93	1.93	1.96	1.92	1.97	1.93	1.94	1.86	0.0	1.85	2.0	1.86	2.05	1.9	2.05	1.86	1.99	scotland	SC0	2.88	3.3	2.45	2.99	3.2	2.47	2.98	3.4	2.54	2.02	1.88	1.79	2.18	2.63	3.25	2.63	2.58	3.34	2.74	2.7	3.45	2.92	2.0	1.97	1.92	2.07																																															2025-05-14 18:45:00+00:00	scotland:20250514T1845Z:st-mirren:hibernian:677	scotland:st-mirren	scotland:hibernian	sco.1:2024-25	sco.1:2024-25-rules-v1	112	4.197916666666667	10.0	1.6	1.2	0.3	0.3	13.300019420933756	10.120306874595574	0.15868814727206104	112	4.197916666666667	9.0	2.0	1.0	1.2	0.3	12.451780940262081	11.973140586801112	0.15667035049418207	2024-25	10.0	9.0	4.197916666666667	4.197916666666667	1.6	2.0	2025-05-14 18:44:59.999999+00:00
	2025-05-14	20:00	Aberdeen	Celtic	1	5	A	1	2	A	S McLean	12	25	4	14	12	2	6	6	2	0	1	0	5.75	4.0	1.57							5.39	4.25	1.57							6.0	4.33	1.6	5.26	4.19	1.57	1.62	2.3	1.6	2.37	1.62	2.38	1.59	2.31	1.0	1.88	1.98	1.89	1.98	1.89	2.0	1.84	1.96	3.7	3.5	1.95							3.68	3.83	1.99							3.7	3.85	2.07	3.54	3.71	1.98	1.62	2.3	1.63	2.37	1.65	2.37	1.61	2.26	0.5	1.88	1.98	1.9	2.0	1.9	2.04	1.84	1.97	scotland	SC0	6.0	4.0	1.55	5.11	4.3	1.6	6.6	4.2	1.62	1.63	2.44	1.92	1.98	3.3	3.7	1.95	3.56	3.6	2.03	3.6	4.1	2.06	1.69	2.38	1.94	2.05																																															2025-05-14 19:00:00+00:00	scotland:20250514T1900Z:aberdeen:celtic:678	scotland:aberdeen	scotland:celtic	sco.1:2024-25	sco.1:2024-25-rules-v1	112	3.3333333333333335	7.0	0.8	1.4	-0.3	0.4	11.468737377133461	13.798973553997413	0.06383504751768569	112	4.208333333333333	10.0	2.8	0.8	1.8	0.2	16.230888843560184	8.86504557599519	0.19097074773164807	2024-25	7.0	10.0	3.3333333333333335	4.208333333333333	0.8	2.8	2025-05-14 18:59:59.999999+00:00
	2025-05-17	12:30	Celtic	St Mirren	1	1	D	0	0	D	D Dickinson	21	4	4	3	12	6	14	0	0	3	0	0	1.25	7.0	8.5							1.22	6.89	9.59							1.3	7.0	10.5	1.24	6.76	9.3	1.3	3.5	1.27	3.55	1.31	3.6	1.28	3.42	-2.0	2.03	1.78	1.98	1.84	2.03	1.84	1.99	1.8	1.25	7.0	9.5							1.2	7.02	11.35							1.25	7.5	12.0	1.22	6.93	10.9	1.36	3.2	1.36	3.05	1.37	3.4	1.35	3.11	-1.75	1.83	2.03	1.82	2.03	1.83	2.1	1.78	2.04	scotland	SC0	1.22	6.5	10.5	1.3	6.85	7.42	1.26	7.0	12.0	1.33	3.7	2.01	1.84	1.17	6.5	12.0	1.24	6.97	9.96	1.24	7.4	15.0	1.4	3.4	1.84	2.1																																															2025-05-17 11:30:00+00:00	scotland:20250517T1130Z:celtic:st-mirren:679	scotland:celtic	scotland:st-mirren	sco.1:2024-25	sco.1:2024-25-rules-v1	113	2.6875	13.0	3.8	0.8	2.3	0.2	17.825272690185603	9.435037289450609	0.19261242996225753	113	2.6979166666666665	11.0	2.0	1.2	0.1	0.2	12.881834071673072	9.916614715578197	0.16289360809862843	2024-25	13.0	11.0	2.6875	2.6979166666666665	3.8	2.0	2025-05-17 11:29:59.999999+00:00
	2025-05-17	12:30	Dundee United	Aberdeen	2	1	H	0	1	A	J Beaton	16	20	6	4	7	12	8	13	1	2	0	0	2.88	3.6	2.3							2.92	3.61	2.29							2.92	3.7	2.36	2.87	3.6	2.3	1.73	2.1	1.7	2.13	1.73	2.15	1.7	2.11	0.25	1.83	2.03	1.83	2.01	1.83	2.04	1.8	1.94	2.55	3.5	2.6							2.57	3.57	2.63							2.65	3.6	2.64	2.57	3.52	2.59	1.73	2.1	1.76	2.06	1.81	2.1	1.76	2.04	0.0	1.9	1.95	1.9	1.95	1.95	1.98	1.9	1.93	scotland	SC0	2.88	3.7	2.3	2.88	3.64	2.32	2.98	3.8	2.38	1.57	2.26	1.86	2.08	2.63	3.4	2.55	2.58	3.53	2.63	2.76	3.6	2.76	1.86	2.12	2.0	1.99																																															2025-05-17 11:30:00+00:00	scotland:20250517T1130Z:dundee-united:aberdeen:680	scotland:dundee-united	scotland:aberdeen	sco.1:2024-25	sco.1:2024-25-rules-v1	75	2.6979166666666665	3.0	0.6	2.6	-1.2	0.3	9.893519804788601	16.807712240944987	0.10112964515874262	113	2.6875	4.0	0.8	2.4	-0.8	0.3	11.565330581291013	15.835523816906974	0.06738019039325799	2024-25	3.0	4.0	2.6979166666666665	2.6875	0.6	0.8	2025-05-17 11:29:59.999999+00:00
	2025-05-17	12:30	Hibernian	Rangers	2	2	D	1	1	D	N Walsh	8	21	3	10	10	9	3	13	3	2	0	0	3.25	3.8	2.05							3.29	3.88	2.02							3.3	4.0	2.06	3.25	3.87	2.02	1.5	2.63	1.49	2.55	1.5	2.65	1.48	2.55	0.25	2.05	1.8	2.04	1.76	2.05	1.8	2.02	1.76	3.4	4.0	1.9							3.43	4.16	1.92							3.64	4.2	1.97	3.41	4.1	1.91	1.4	3.0	1.39	2.96	1.4	3.0	1.38	2.95	0.5	1.9	1.95	1.93	1.93	1.93	1.96	1.88	1.92	scotland	SC0	3.2	3.9	2.05	3.28	3.82	2.06								3.3	3.9	1.9	3.64	4.07	1.88																																																						2025-05-17 11:30:00+00:00	scotland:20250517T1130Z:hibernian:rangers:681	scotland:hibernian	scotland:rangers	sco.1:2024-25	sco.1:2024-25-rules-v1	113	2.6979166666666665	7.0	2.0	1.4	1.1	0.3	11.824184405668975	11.796205934655454	0.16858887262655298	113	2.6979166666666665	9.0	2.4	1.2	0.7	0.1	17.351385710741887	8.858184957985873	0.14250685806029276	2024-25	7.0	9.0	2.6979166666666665	2.6979166666666665	2.0	2.4	2025-05-17 11:29:59.999999+00:00
	2025-05-18	15:00	Kilmarnock	Hearts	0	1	A	0	0	D	D McFarlane	17	11	1	5	14	13	3	5	1	1	0	1	2.63	3.4	2.63							2.62	3.27	2.65							2.63	3.5	2.7	2.6	3.38	2.63	1.88	1.98	1.85	1.93	1.88	1.98	1.85	1.92	0.0	1.93	1.93	1.88	1.92	1.93	1.93	1.89	1.9	2.35	3.4	2.9							2.43	3.38	2.93							2.45	3.5	2.93	2.41	3.41	2.86	1.8	2.0	1.83	2.02	1.86	2.03	1.81	1.99	-0.25	2.05	1.8	2.1	1.78	2.12	1.81	2.07	1.76	scotland	SC0	2.6	3.5	2.55	2.6	3.5	2.6	2.32	2.52	2.62	1.69	1.84			2.4	3.4	2.8	2.4	3.43	2.9	2.56	3.6	2.98	1.84	2.16	2.18	1.82																																															2025-05-18 14:00:00+00:00	scotland:20250518T1400Z:kilmarnock:hearts:682	scotland:kilmarnock	scotland:hearts	sco.1:2024-25	sco.1:2024-25-rules-v1	113	3.8020833333333335	9.0	1.6	2.0	-0.7	0.3	12.633100982978725	14.044668862234102	0.11956749855732836	113	3.8020833333333335	10.0	1.6	0.6	0.4	0.3	12.582364083716723	9.375239321213133	0.14784561196833534	2024-25	9.0	10.0	3.8020833333333335	3.8020833333333335	1.6	1.6	2025-05-18 13:59:59.999999+00:00
	2025-05-18	15:00	Ross County	Motherwell	1	1	D	1	0	H	D Robertson	15	21	4	6	8	10	5	6	2	1	0	0	1.91	3.6	3.75							1.88	3.62	3.8							2.0	3.75	4.0	1.92	3.6	3.77	1.85	2.0	1.83	1.96	1.85	2.05	1.82	1.97	-0.5	1.95	1.9	1.89	1.91	1.98	1.91	1.91	1.87	1.8	3.9	4.0							1.83	3.75	4.19							1.86	3.93	4.2	1.83	3.76	4.08	1.83	2.03	1.83	2.01	1.86	2.03	1.81	1.99	-0.5	1.83	2.03	1.83	2.03	1.86	2.03	1.83	1.98	scotland	SC0	1.9	3.5	4.0	1.95	3.6	3.83	1.97	3.65	4.2	1.67	2.04			1.75	3.9	4.1	1.82	3.93	4.03	1.86	4.2	4.4	1.81	2.18	1.86	2.14																																															2025-05-18 14:00:00+00:00	scotland:20250518T1400Z:ross-county:motherwell:683	scotland:ross-county	scotland:motherwell	sco.1:2024-25	sco.1:2024-25-rules-v1	113	3.8020833333333335	1.0	1.0	2.2	-1.0	0.1	9.947427794302056	16.432309825259978	0.08131666639659899	113	3.8020833333333335	10.0	1.6	1.2	-0.1	0.2	12.735401350523702	12.952059165227272	0.11293494042372884	2024-25	1.0	10.0	3.8020833333333335	3.8020833333333335	1.0	1.6	2025-05-18 13:59:59.999999+00:00
	2025-05-18	15:00	St Johnstone	Dundee	0	2	A	0	1	A	S McLean	13	15	1	5	10	8	1	9	3	1	0	0	3.0	3.6	2.25							3.03	3.61	2.17							3.1	3.73	2.4	3.01	3.57	2.22	1.73	2.1	1.7	2.06	1.82	2.1	1.74	2.04	0.25	1.88	1.98	1.89	1.91	1.9	2.05	1.85	1.88	3.4	3.6	2.05							3.42	3.7	2.05							3.5	3.75	2.08	3.4	3.66	2.04	1.73	2.1	1.78	2.05	1.79	2.1	1.76	2.03	0.25	2.05	1.8	2.06	1.78	2.07	1.84	2.03	1.75	scotland	SC0	3.0	3.5	2.2	3.04	3.64	2.23	3.1	3.6	2.3	1.64	1.92			3.4	3.6	2.0	3.35	3.65	2.08	3.7	3.75	2.12	1.81	2.18	2.18	1.82																																															2025-05-18 14:00:00+00:00	scotland:20250518T1400Z:st-johnstone:dundee:684	scotland:st-johnstone	scotland:dundee	sco.1:2024-25	sco.1:2024-25-rules-v1	113	3.8020833333333335	3.0	1.0	1.8	-0.5	0.3	12.881290339894901	12.684529078547614	0.0760785108638099	75	3.8020833333333335	4.0	1.0	2.0	-0.3	0.2	11.362740067455455	15.583548702736639	0.11756141360187788	2024-25	3.0	4.0	3.8020833333333335	3.8020833333333335	1.0	1.0	2025-05-18 13:59:59.999999+00:00
	2025-08-02	15:00	Kilmarnock	Livingston	2	2	D	2	0	H	M MacDermid	8	15	2	6	11	14	3	5	2	2	1	0	2.0	3.5	3.6	1.98	3.4	3.6				2.05	3.36	3.76							2.05	3.65	3.76	2.0	3.47	3.55	1.94	1.79	2.0	1.85	2.0	1.91	1.92	1.82	-0.5	2.03	1.83	2.07	1.82	2.07	1.83	1.97	1.77	2.3	3.4	3.0	2.25	3.3	3.1				2.25	3.44	3.36							2.38	3.45	3.3	2.26	3.35	3.1	2.03	1.83	2.03	1.87	2.03	1.83	1.95	1.79	-0.25	2.05	1.8	1.94	1.96	2.05	1.93	1.87	1.83	scotland	SC0							2.08	3.6	3.9	2.04	1.9	2.08	1.87							2.4	3.5	3.25	2.08	1.9	2.06	1.91			2.05	3.5	3.75	2.0	3.65	3.4	1.95	3.4	3.5	2.0	3.5	3.6	2.0	3.5	3.6	2.38	3.3	3.2	2.23	3.4	3.15	2.25	3.4	3.1	2.2	3.4	3.3	2.37	3.3	3.0															2025-08-02 14:00:00+00:00	scotland:20250802T1400Z:kilmarnock:livingston:685	scotland:kilmarnock	scotland:livingston	sco.1:2025-26	sco.1:2025-26-rules-v1	114	76.0	9.0	1.4	1.2	-0.6	0.3	13.427082622437137	13.491092705464265	0.09782795336508683	76	440.0	7.0	1.4	2.2	-1.2	0.2	8.175225113846281	15.321565448230807	0.15668346257133892	2025-26	9.0	7.0	76.0	440.0	1.4	1.4	2025-08-02 13:59:59.999999+00:00
	2025-08-02	17:30	Motherwell	Rangers	1	1	D	0	1	A	S McLean	17	15	5	5	11	13	1	12	1	4	0	0	7.0	5.0	1.4	6.75	4.8	1.41				6.55	5.36	1.39							7.5	5.4	1.44	6.8	5.03	1.38	1.44	2.75	1.46	2.74	1.46	2.85	1.43	2.69	1.25	2.0	1.85	2.04	1.84	2.04	1.85	1.97	1.76	5.75	4.5	1.5	5.5	4.4	1.52				6.08	4.57	1.53							6.33	4.7	1.55	5.77	4.45	1.5	1.57	2.38	1.7	2.24	1.62	2.38	1.56	2.32	1.0	2.03	1.83	2.03	1.88	2.03	1.85	1.97	1.77	scotland	SC0							7.8	5.4	1.42	1.48	2.84	2.05	1.84							6.2	4.9	1.56	1.63	2.56	2.08	1.91			7.5	5.0	1.44	7.0	5.4	1.36	7.0	4.8	1.36	7.0	4.8	1.4	6.5	4.8	1.4	6.0	4.5	1.53	6.0	4.7	1.46	5.75	4.4	1.5	5.5	4.4	1.55	5.5	4.4	1.53															2025-08-02 16:30:00+00:00	scotland:20250802T1630Z:motherwell:rangers:686	scotland:motherwell	scotland:rangers	sco.1:2025-26	sco.1:2025-26-rules-v1	114	76.10416666666667	10.0	1.8	1.4	-0.2	0.2	14.238055650428484	13.324412044276858	0.10105932355015043	114	77.20833333333333	9.0	2.4	1.2	0.5	0.1	18.01477012697063	8.702151329261168	0.13391253754716592	2025-26	10.0	9.0	76.10416666666667	77.20833333333333	1.8	2.4	2025-08-02 16:29:59.999999+00:00
	2025-08-03	14:00	Falkirk	Dundee United	2	2	D	0	1	A	J Beaton	14	11	4	5	9	13	2	4	1	5	0	0	1.9	3.8	3.8	1.88	3.6	3.75				1.89	3.59	4.09							1.95	3.85	4.09	1.88	3.65	3.8	1.83	2.03	1.8	2.03	1.83	2.03	1.78	1.97	-0.5	1.9	1.95	1.9	1.95	1.9	1.95	1.85	1.89	1.75	3.7	4.33	1.8	3.5	4.2				1.86	3.6	4.52							1.87	3.75	4.6	1.8	3.63	4.2	1.93	1.93	1.95	1.93	1.93	1.93	1.87	1.86	-0.5	1.73	2.08	1.87	2.04	1.86	2.08	1.79	1.94	scotland	SC0							1.92	3.65	4.0	1.84	2.02	1.92	1.98							1.88	3.8	4.7	1.95	2.02	1.88	2.12			1.95	3.6	4.0	1.86	3.85	3.8	1.85	3.5	3.8	1.91	3.7	3.8	1.91	3.6	3.8	1.8	3.75	4.6	1.81	3.75	4.0	1.8	3.6	4.33	1.83	3.6	4.33	1.85	3.5	4.2															2025-08-03 13:00:00+00:00	scotland:20250803T1300Z:falkirk:dundee-united:687	scotland:falkirk	scotland:dundee-united	sco.1:2025-26	sco.1:2025-26-rules-v1	0										76	78.0625	3.0	0.8	2.8	-0.9	0.3	11.003788931190673	17.38812819713681	0.10546970967533487	2025-26		3.0		78.0625		0.8	2025-08-03 12:59:59.999999+00:00
	2025-08-03	15:00	Dundee	Hibernian	1	2	A	1	2	A	D Dickinson	2	15	1	5	6	8	3	11	3	1	0	0	4.1	3.6	1.83	3.75	3.6	1.87				4.12	3.82	1.82							4.2	3.82	1.91	3.92	3.69	1.83	1.67	2.2	1.68	2.21	1.68	2.21	1.66	2.13	0.5	2.0	1.85	2.03	1.83	2.03	1.85	1.94	1.8	4.1	3.5	1.85	4.0	3.5	1.87				4.27	3.78	1.86							4.2	3.75	1.91	3.96	3.61	1.86	1.83	2.03	1.79	2.1	1.88	2.03	1.79	1.95	0.5	1.98	1.88	2.04	1.87	1.98	1.89	1.89	1.84	scotland	SC0							4.2	3.95	1.86	1.71	2.2	2.07	1.86							4.5	3.85	1.92	1.96	2.0	2.08	1.92			4.2	3.75	1.9	3.95	3.75	1.8	3.8	3.7	1.8	3.8	3.7	1.91	3.8	3.7	1.91	4.2	3.6	1.91	3.7	3.75	1.9	4.1	3.6	1.83	4.2	3.6	1.85	4.2	3.6	1.83															2025-08-03 14:00:00+00:00	scotland:20250803T1400Z:dundee:hibernian:688	scotland:dundee	scotland:hibernian	sco.1:2025-26	sco.1:2025-26-rules-v1	76	77.0	7.0	1.4	1.2	0.0	0.3	12.024060055190827	15.11381257496634	0.12042903537123342	114	78.10416666666667	5.0	1.6	1.8	0.9	0.3	11.128878150092797	13.469623037445372	0.1833908957853615	2025-26	7.0	5.0	77.0	78.10416666666667	1.4	1.6	2025-08-03 13:59:59.999999+00:00
	2025-08-03	16:30	Celtic	St Mirren	1	0	H	0	0	D	D Robertson	14	4	6	2	10	6	12	1	2	1	0	0	1.17	6.5	17.0	1.18	7.5	13.5				1.17	7.49	14.77							1.18	7.5	17.0	1.16	7.16	14.4	1.44	2.75	1.38	2.97	1.44	3.0	1.39	2.82	-2.0	1.78	2.03	1.81	2.04	1.85	2.04	1.79	1.95	1.13	8.5	21.0	1.13	9.0	16.0				1.15	8.56	19.03							1.13	9.5	23.0	1.12	8.84	17.75	1.3	3.5	1.36	3.22	1.33	3.5	1.3	3.27	-2.5	2.0	1.85	2.16	1.75	2.05	1.85	1.99	1.76	scotland	SC0							1.19	8.2	20.0	1.43	2.94	1.81	2.05							1.14	11.0	30.0	1.36	3.7	2.05	1.88			1.18	7.5	17.0	1.16	7.5	14.0	1.13	7.0	15.0	1.18	7.5	13.0	1.18	7.5	13.0	1.13	9.5	21.0	1.13	8.5	16.0	1.1	9.5	19.0	1.13	9.5	17.0	1.13	9.0	17.0															2025-08-03 15:30:00+00:00	scotland:20250803T1530Z:celtic:st-mirren:689	scotland:celtic	scotland:st-mirren	sco.1:2025-26	sco.1:2025-26-rules-v1	114	78.16666666666667	11.0	3.0	0.8	1.9	0.2	18.40249583742458	8.446848691368679	0.16624999680894664	114	78.16666666666667	9.0	1.6	1.0	0.3	0.2	11.266955149550695	11.931775676382161	0.1787311338988778	2025-26	11.0	9.0	78.16666666666667	78.16666666666667	3.0	1.6	2025-08-03 15:29:59.999999+00:00
	2025-08-04	20:00	Hearts	Aberdeen	2	0	H	1	0	H	N Walsh	13	11	3	1	19	18	3	3	3	2	0	0	2.1	3.6	3.3	2.1	3.5	3.1				2.08	3.56	3.46							2.15	3.6	3.5	2.08	3.5	3.3	1.8	2.0	1.77	2.08	1.8	2.08	1.77	1.98	-0.25	1.83	2.03	1.81	2.06	1.83	2.06	1.74	1.98	1.71	3.5	4.75	1.78	3.5	4.4				1.93	3.55	4.28							1.85	3.75	5.1	1.78	3.56	4.44	1.92	1.82	2.11	1.79	2.0	1.85	1.93	1.8	-0.5	1.75	2.05	1.93	1.97	1.83	2.1	1.76	1.97	scotland	SC0							2.18	3.65	3.4	1.76	2.08	1.88	2.09							1.85	3.85	4.9	2.06	1.93	1.85	2.16			2.15	3.6	3.4	2.04	3.45	3.5	2.05	3.5	3.2	2.15	3.6	3.2	2.15	3.6	3.1	1.83	3.75	4.6	1.79	3.6	4.4	1.75	3.7	4.5	1.85	3.5	4.33	1.85	3.5	4.2															2025-08-04 19:00:00+00:00	scotland:20250804T1900Z:hearts:aberdeen:690	scotland:hearts	scotland:aberdeen	sco.1:2025-26	sco.1:2025-26-rules-v1	114	78.20833333333333	12.0	1.8	0.6	0.3	0.4	12.294661523040954	10.761559444628926	0.1374935172302909	114	79.3125	3.0	0.6	2.4	-0.5	0.3	13.0989068392381	15.865428577469341	0.06422015577630198	2025-26	12.0	3.0	78.20833333333333	79.3125	1.8	0.6	2025-08-04 18:59:59.999999+00:00
	2025-08-09	15:00	Livingston	Falkirk	3	1	H	2	0	H	C Graham	8	8	5	3	23	15	4	5	4	2	0	0	2.6	3.4	2.63	2.6	3.25	2.6				2.68	3.23	2.73							2.75	3.4	2.71	2.61	3.22	2.64	2.1	1.73	2.08	1.76	2.1	1.73	2.05	1.71	0.0	1.93	1.93	1.91	1.94	1.93	1.95	1.85	1.89	2.5	3.5	2.6	2.5	3.4	2.6				2.53	3.21	3.06							2.6	3.5	2.75	2.54	3.32	2.68	1.85	2.0	2.23	1.65	2.0	2.0	1.89	1.84	0.0	1.88	1.98	1.78	2.16	1.88	1.98	1.82	1.92	scotland	SC0							2.7	3.3	2.92	2.08	1.77	1.9	2.03							2.74	3.45	2.84	2.0	1.98	1.96	2.02			2.75	3.2	2.63	2.6	3.2	2.7	2.6	3.2	2.55	2.62	3.3	2.62	2.62	3.3	2.62	2.6	3.3	2.75	2.6	3.25	2.7	2.5	3.4	2.75	2.5	3.4	2.7	2.5	3.3	2.75															2025-08-09 14:00:00+00:00	scotland:20250809T1400Z:livingston:falkirk:691	scotland:livingston	scotland:falkirk	sco.1:2025-26	sco.1:2025-26-rules-v1	77	7.0	5.0	1.4	2.6	-1.2	0.2	9.416093274965139	13.99037173037066	0.15243798452806515	1	6.041666666666667	1.0	2.0	2.0	0.0	0.0	14.0	11.0	0.14285714285714285	2025-26	5.0	1.0	7.0	6.041666666666667	1.4	2.0	2025-08-09 13:59:59.999999+00:00
	2025-08-09	15:00	St Mirren	Motherwell	0	0	D	0	0	D	R Hardie	9	7	4	3	16	4	7	4	5	1	0	0	1.95	3.5	3.8	1.98	3.4	3.5				1.98	3.54	3.77							2.0	3.65	3.8	1.97	3.47	3.6	2.0	1.85	1.99	1.85	2.0	1.85	1.95	1.8	-0.5	2.0	1.85	1.99	1.86	2.0	1.85	1.93	1.8	1.91	3.6	3.8	1.95	3.5	3.6				2.21	3.59	3.3							2.01	3.6	3.8	1.95	3.53	3.65	1.9	1.95	2.01	1.88	2.0	1.95	1.91	1.83	-0.5	1.95	1.9	2.21	1.73	1.98	1.9	1.91	1.82	scotland	SC0							2.0	3.45	3.85	2.0	1.84	2.01	1.86							2.06	3.8	3.9	1.95	2.0	2.06	1.92			2.0	3.4	3.75	1.96	3.65	3.6	1.95	3.3	3.6	2.0	3.5	3.6	2.0	3.5	3.6	1.91	3.4	3.75	1.96	3.6	3.6	1.95	3.5	3.7	2.0	3.6	3.7	1.95	3.5	3.6															2025-08-09 14:00:00+00:00	scotland:20250809T1400Z:st-mirren:motherwell:692	scotland:st-mirren	scotland:motherwell	sco.1:2025-26	sco.1:2025-26-rules-v1	115	5.9375	8.0	1.2	0.8	0.5	0.2	9.945690576905113	12.307816462494495	0.1462345640990818	115	6.895833333333333	8.0	1.4	1.2	-0.3	0.2	14.740227350350576	13.629064399862884	0.09338008825226211	2025-26	8.0	8.0	5.9375	6.895833333333333	1.2	1.4	2025-08-09 13:59:59.999999+00:00
	2025-08-09	17:45	Rangers	Dundee	1	1	D	0	0	D	D Robertson	20	7	5	2	13	4	7	4	2	1	1	0	1.17	7.5	17.0	1.15	8.0	15.5				1.14	8.41	15.69							1.17	8.5	18.0	1.14	7.77	15.53	1.36	3.2	1.37	3.06	1.36	3.25	1.34	3.09	-2.25	1.98	1.88	1.94	1.89	1.98	1.88	1.82	1.85	1.13	8.5	21.0	1.13	9.25	17.5				1.16	8.57	16.8							1.13	9.5	21.0	1.12	8.75	18.03	1.33	3.4	1.35	3.28	1.35	3.5	1.31	3.26	-2.5	2.0	1.85	2.17	1.75	2.0	1.85	1.94	1.79	scotland	SC0							1.15	10.0	21.0	1.39	3.15	1.95	2.0							1.13	11.5	30.0	1.39	3.5	2.08	1.85			1.14	8.5	17.0	1.14	8.0	15.0	1.12	7.5	17.0	1.15	8.5	15.0	1.15	8.0	15.0	1.13	8.5	21.0	1.13	8.5	16.0	1.1	9.5	19.0	1.13	9.0	17.0	1.13	9.0	17.0															2025-08-09 16:45:00+00:00	scotland:20250809T1645Z:rangers:dundee:693	scotland:rangers	scotland:dundee	sco.1:2025-26	sco.1:2025-26-rules-v1	115	7.010416666666667	9.0	2.2	1.0	0.6	0.1	17.466630103885063	10.210851087577318	0.12168601556889332	77	6.114583333333333	4.0	1.4	1.6	-0.1	0.3	10.201503681519766	15.093119379517915	0.18944193803100917	2025-26	9.0	4.0	7.010416666666667	6.114583333333333	2.2	1.4	2025-08-09 16:44:59.999999+00:00
	2025-08-10	12:30	Aberdeen	Celtic	0	2	A	0	1	A	J Beaton	6	13	2	4	15	11	1	6	2	3	0	0	6.0	5.0	1.44	6.25	4.8	1.42				6.8	5.0	1.41							7.0	5.2	1.44	6.49	4.94	1.4	1.5	2.63	1.47	2.63	1.5	2.65	1.47	2.57	1.25	1.98	1.88	1.98	1.87	1.98	1.88	1.92	1.76	8.0	5.75	1.3	8.0	5.5	1.32				8.27	5.69	1.35							9.0	5.8	1.33	8.08	5.54	1.31	1.4	3.0	1.41	3.0	1.44	3.0	1.4	2.77	1.5	2.0	1.85	2.01	1.9	2.0	1.89	1.9	1.83	scotland	SC0							7.0	5.3	1.44	1.49	2.72	1.98	1.87							9.8	6.0	1.36	1.47	3.0	2.04	1.93			7.0	5.0	1.4	6.75	5.2	1.38	6.5	4.8	1.36	6.5	5.0	1.44	6.5	5.0	1.44	9.0	5.5	1.3	7.5	5.5	1.33	9.0	5.75	1.29	8.0	5.5	1.33	8.0	5.5	1.33															2025-08-10 11:30:00+00:00	scotland:20250810T1130Z:aberdeen:celtic:694	scotland:aberdeen	scotland:celtic	sco.1:2025-26	sco.1:2025-26-rules-v1	115	5.6875	0.0	0.4	2.8	-0.7	0.3	12.717287413922081	15.344441563384006	0.05254376381697434	115	6.833333333333333	11.0	2.2	0.8	1.7	0.3	17.60204204880193	7.638330747483464	0.14900973764887843	2025-26	0.0	11.0	5.6875	6.833333333333333	0.4	2.2	2025-08-10 11:29:59.999999+00:00
	2025-08-10	15:00	Dundee United	Hearts	2	3	A	2	1	H	D Dickinson	13	16	5	8	14	11	2	9	3	4	0	0	4.0	3.5	1.91	3.6	3.5	1.95				3.84	3.59	1.95							4.0	3.75	2.0	3.64	3.55	1.93	1.85	2.0	1.84	2.0	1.85	2.0	1.79	1.94	0.5	1.9	1.95	1.89	1.96	1.9	1.95	1.83	1.9	4.33	3.4	1.85	4.2	3.5	1.8				4.67	3.61	1.83							4.5	3.7	1.85	4.23	3.55	1.82	2.03	1.83	2.04	1.86	2.03	1.92	1.92	1.82	0.5	1.98	1.88	2.07	1.85	2.0	1.88	1.94	1.79	scotland	SC0							4.3	3.7	1.97	1.01	1.98	2.02	1.97							4.9	3.8	1.87	2.06	1.9	2.13	1.87			3.75	3.5	2.0	3.6	3.75	1.92	3.6	3.5	1.9	3.7	3.6	2.0	3.6	3.5	1.95	4.5	3.6	1.8	4.0	3.7	1.84	4.5	3.6	1.75	4.33	3.6	1.83	4.2	3.6	1.83															2025-08-10 14:00:00+00:00	scotland:20250810T1400Z:dundee-united:hearts:695	scotland:dundee-united	scotland:hearts	sco.1:2025-26	sco.1:2025-26-rules-v1	77	7.041666666666667	4.0	1.2	2.2	-0.9	0.3	11.00310003461055	16.772104888566478	0.1193512500649434	115	5.791666666666667	15.0	2.2	0.4	0.6	0.5	12.422904882488051	10.80491227287821	0.14046672388772052	2025-26	4.0	15.0	7.041666666666667	5.791666666666667	1.2	2.2	2025-08-10 13:59:59.999999+00:00
	2025-08-10	15:00	Hibernian	Kilmarnock	2	2	D	2	1	H	N Walsh	12	10	6	2	10	15	4	7	1	2	0	0	1.7	4.0	4.5	1.7	3.8	4.6				1.68	3.9	4.9							1.7	4.1	5.0	1.68	3.87	4.55	1.8	2.0	1.8	2.03	1.8	2.04	1.75	2.0	-0.75	1.9	1.95	1.88	1.97	1.9	1.95	1.83	1.84	1.48	4.33	6.25	1.5	4.2	6.0				1.56	4.24	6.27							1.52	4.35	7.0	1.5	4.23	6.1	1.88	1.98	1.86	2.03	1.91	2.06	1.8	1.94	-1.0	1.83	2.03	1.95	1.95	1.86	2.03	1.81	1.9	scotland	SC0							1.68	4.2	5.0	1.79	2.04	1.83	1.96							1.53	4.6	7.2	1.93	2.04	1.89	2.06			1.7	3.75	5.0	1.68	4.1	4.4	1.65	3.75	4.6	1.7	3.9	4.6	1.7	3.8	4.6	1.5	4.2	6.5	1.52	4.35	5.6	1.5	4.2	6.5	1.5	4.33	6.0	1.5	4.2	6.0															2025-08-10 14:00:00+00:00	scotland:20250810T1400Z:hibernian:kilmarnock:696	scotland:hibernian	scotland:kilmarnock	sco.1:2025-26	sco.1:2025-26-rules-v1	115	7.0	8.0	2.0	1.8	0.9	0.3	11.83271848643956	11.384237030637122	0.17428952079408364	115	8.0	7.0	1.4	1.6	-0.5	0.3	12.440340327448567	13.765439486288944	0.12549559820779832	2025-26	8.0	7.0	7.0	8.0	2.0	1.4	2025-08-10 13:59:59.999999+00:00
	2025-08-23	15:00	Celtic	Livingston	3	0	H	0	0	D	K Clancy	19	6	9	2	12	8	10	4	0	1	0	0	1.14	7.5	17.0	1.15	8.5	15.0				1.13	8.9	15.76							1.15	9.0	19.5	1.13	8.19	15.78	1.33	3.4	1.31	3.37	1.33	3.4	1.3	3.28	-2.25	1.88	1.98	1.89	1.95	1.88	1.98	1.78	1.91	1.22	6.0	13.0	1.23	6.5	10.5				1.22	7.35	11.79							1.25	7.0	14.0	1.21	6.45	11.72	1.44	2.75	1.4	3.03	1.5	2.8	1.45	2.63	-1.75	1.85	2.0	1.78	2.12	1.85	2.02	1.78	1.93	scotland	SC0							1.17	9.0	19.0	1.34	3.5	1.89	1.96							1.24	7.6	15.5	1.52	2.82	1.91	2.07			1.14	8.5	17.0	1.12	9.0	17.0	1.11	8.0	15.0	1.15	8.5	15.0	1.15	8.5	15.0	1.22	6.5	13.0	1.2	6.75	12.0	1.2	6.5	13.0	1.22	7.0	11.0	1.22	6.5	11.0															2025-08-23 14:00:00+00:00	scotland:20250823T1400Z:celtic:livingston:697	scotland:celtic	scotland:livingston	sco.1:2025-26	sco.1:2025-26-rules-v1	116	13.104166666666666	13.0	2.4	0.6	2.0	0.4	16.765307130837943	7.340452429759197	0.14988908604838305	78	14.0	8.0	1.8	2.0	-0.7	0.2	9.158621770426022	12.90121323393963	0.19290380552296238	2025-26	13.0	8.0	13.104166666666666	14.0	2.4	1.8	2025-08-23 13:59:59.999999+00:00
	2025-08-23	15:00	Hearts	Motherwell	3	3	D	0	1	A	J Beaton	19	9	9	3	14	19	9	3	3	2	0	0	1.62	3.9	5.25	1.58	4.1	5.25				1.63	3.88	5.41							1.62	4.3	5.5	1.58	4.03	5.31	1.93	1.93	1.96	1.89	1.93	1.98	1.83	1.91	-0.75	1.8	2.05	1.83	2.05	1.8	2.05	1.71	1.98	1.67	3.8	5.0	1.65	3.8	5.0				1.63	4.02	5.72							1.7	4.1	5.25	1.64	3.86	5.03	1.93	1.93	1.95	1.93	1.93	1.94	1.87	1.87	-0.75	1.9	1.95	1.8	2.11	1.9	1.98	1.77	1.9	scotland	SC0							1.63	3.9	6.0	1.97	1.88	1.81	2.08							1.73	4.0	5.6	2.0	1.98	1.93	2.02			1.62	4.0	5.5	1.54	4.3	5.5	1.57	3.8	5.25	1.6	4.2	5.25	1.6	4.2	5.25	1.7	3.75	5.0	1.58	4.1	5.25	1.67	3.8	5.0	1.67	3.9	5.0	1.65	3.8	5.0															2025-08-23 14:00:00+00:00	scotland:20250823T1400Z:hearts:motherwell:698	scotland:hearts	scotland:motherwell	sco.1:2025-26	sco.1:2025-26-rules-v1	116	13.0	15.0	2.2	0.6	0.5	0.4	13.073285812944768	11.2040191323549	0.1490182286354077	116	14.0	6.0	1.0	1.0	-0.3	0.3	13.332913286650472	12.78741632716054	0.07640189038821445	2025-26	15.0	6.0	13.0	14.0	2.2	1.0	2025-08-23 13:59:59.999999+00:00
	2025-08-23	15:00	Kilmarnock	Dundee	0	0	D	0	0	D	R Lee	12	6	5	1	17	13	7	3	3	3	0	0	1.85	3.4	4.33	1.9	3.5	3.9				1.89	3.53	4.16							1.91	3.65	4.33	1.87	3.48	3.97	2.0	1.85	2.0	1.86	2.0	1.85	1.96	1.79	-0.5	1.88	1.98	1.91	1.96	1.9	1.98	1.85	1.88	1.9	3.4	4.2	1.85	3.5	4.0				1.87	3.66	4.39							1.95	3.65	4.2	1.88	3.51	3.96	2.03	1.83	1.98	1.91	2.03	1.83	1.95	1.8	-0.5	1.93	1.93	1.88	2.03	1.93	1.93	1.86	1.88	scotland	SC0							1.93	3.5	4.3	2.02	1.89	1.93	1.98							1.97	3.7	4.5	2.06	1.91	1.97	2.03			1.9	3.4	4.2	1.88	3.65	3.8	1.85	3.4	3.9	1.91	3.5	4.0	1.91	3.5	3.9	1.95	3.4	4.0	1.88	3.65	3.8	1.9	3.5	4.0	1.91	3.6	4.0	1.85	3.5	4.0															2025-08-23 14:00:00+00:00	scotland:20250823T1400Z:kilmarnock:dundee:699	scotland:kilmarnock	scotland:dundee	sco.1:2025-26	sco.1:2025-26-rules-v1	116	13.0	5.0	1.4	2.0	-0.5	0.3	11.996642086094282	13.444450488781863	0.1390418530791077	78	13.885416666666666	5.0	1.4	1.4	-0.3	0.3	9.619412103061627	15.98527949233284	0.18097197527212439	2025-26	5.0	5.0	13.0	13.885416666666666	1.4	1.4	2025-08-23 13:59:59.999999+00:00
	2025-08-24	12:00	St Mirren	Rangers	1	1	D	1	0	H	N Walsh	13	13	4	6	17	8	6	6	3	3	0	0	4.1	4.2	1.73	4.1	3.9	1.75				4.2	4.09	1.75							4.33	4.2	1.76	4.06	3.96	1.74	1.62	2.3	1.6	2.35	1.66	2.3	1.6	2.23	0.75	1.88	1.98	1.89	1.96	1.88	1.98	1.75	1.92	3.5	3.8	1.95	3.6	3.6	1.95				4.16	4.15	1.8							3.75	3.95	2.0	3.52	3.72	1.94	1.73	2.1	1.62	2.38	1.73	2.3	1.67	2.11	0.5	1.85	2.0	2.11	1.8	1.86	2.0	1.82	1.9	scotland	SC0							4.2	4.2	1.79	1.63	2.34	1.94	2.0							4.0	3.85	2.0	1.78	2.26	1.98	2.01			4.33	4.0	1.73	3.95	4.1	1.76	4.1	3.8	1.7	4.2	4.0	1.75	4.2	3.9	1.75	3.6	3.6	2.0	3.45	3.95	1.9	3.5	3.7	1.95	3.6	3.7	1.95	3.6	3.6	1.95															2025-08-24 11:00:00+00:00	scotland:20250824T1100Z:st-mirren:rangers:700	scotland:st-mirren	scotland:rangers	sco.1:2025-26	sco.1:2025-26-rules-v1	116	14.875	6.0	1.0	0.8	0.5	0.3	9.773746835649638	11.342758923859131	0.11964646153561238	116	14.760416666666666	9.0	2.2	1.0	0.5	0.1	17.927242812269597	9.627059980745079	0.10865219455636725	2025-26	6.0	9.0	14.875	14.760416666666666	1.0	2.2	2025-08-24 10:59:59.999999+00:00
	2025-08-30	15:00	Livingston	Hearts	1	2	A	1	0	H	D Nicolson	6	14	2	3	16	16	5	9	7	2	0	0	3.4	3.3	2.1	3.3	3.4	2.05				3.45	3.43	2.13							3.4	3.65	2.15	3.32	3.45	2.07	1.95	1.9	1.94	1.91	1.95	1.91	1.88	1.85	0.25	2.0	1.85	2.02	1.85	2.0	1.85	1.95	1.71	3.6	3.3	2.01	3.5	3.4	2.0				3.77	3.46	2.09							3.9	3.7	2.05	3.63	3.44	1.99	2.03	1.83	2.03	1.87	2.03	1.85	1.94	1.8	0.5	1.75	2.05	1.83	2.1	1.89	2.05	1.79	1.92	scotland	SC0							3.55	3.55	2.12	1.31	1.78	2.05	1.82							4.0	3.6	2.08	2.04	1.94	1.9	2.08			3.4	3.4	2.15	3.35	3.65	2.02	3.25	3.4	2.05	3.4	3.5	2.1	3.3	3.5	2.1	3.6	3.4	2.05	3.9	3.7	1.85	3.6	3.4	2.05	3.6	3.4	2.05	3.6	3.4	2.05															2025-08-30 14:00:00+00:00	scotland:20250830T1400Z:livingston:hearts:701	scotland:livingston	scotland:hearts	sco.1:2025-26	sco.1:2025-26-rules-v1	79	7.0	5.0	1.4	2.4	-0.7	0.2	8.584326903075835	14.010083555041515	0.15783038633696922	117	7.0	13.0	2.2	1.2	0.8	0.4	14.150870210591174	10.803288381017644	0.15063213921844362	2025-26	5.0	13.0	7.0	7.0	1.4	2.2	2025-08-30 13:59:59.999999+00:00
	2025-08-30	15:00	Motherwell	Kilmarnock	2	2	D	1	1	D	D McFarlane	15	7	4	5	17	18	9	0	2	5	0	0	2.05	3.5	3.4	2.1	3.4	3.3				2.1	3.45	3.52							2.15	3.5	3.5	2.09	3.39	3.31	2.0	1.85	2.01	1.85	2.0	1.85	1.95	1.8	-0.25	1.83	2.03	1.83	2.06	1.83	2.03	1.76	1.93	1.82	3.6	3.9	1.93	3.4	3.75				1.93	3.65	4.11							1.96	3.6	4.2	1.9	3.49	3.88	1.98	1.88	1.98	1.91	2.0	1.88	1.93	1.81	-0.5	1.93	1.93	1.94	1.96	1.95	1.93	1.87	1.85	scotland	SC0							2.12	3.55	3.55	1.98	1.87	1.85	2.07							1.95	3.7	4.5	2.08	1.88	1.96	2.03			2.1	3.4	3.5	2.12	3.5	3.2	2.05	3.3	3.3	2.15	3.4	3.3	2.15	3.4	3.3	1.9	3.5	4.2	1.9	3.6	3.75	1.87	3.5	4.1	1.95	3.5	3.8	1.95	3.5	3.8															2025-08-30 14:00:00+00:00	scotland:20250830T1400Z:motherwell:kilmarnock:702	scotland:motherwell	scotland:kilmarnock	sco.1:2025-26	sco.1:2025-26-rules-v1	117	7.0	7.0	1.6	1.0	0.0	0.3	12.54511087089584	13.916976994949533	0.12311669819641788	117	7.0	3.0	0.8	1.6	-0.1	0.4	11.99725261589532	12.090914036276068	0.11376151615563357	2025-26	7.0	3.0	7.0	7.0	1.6	0.8	2025-08-30 13:59:59.999999+00:00
	2025-08-31	12:00	Rangers	Celtic	0	0	D	0	0	D	D Robertson	4	5	0	2	17	17	8	1	3	0	0	0	3.4	4.0	1.91	3.3	3.9	1.95				3.55	3.94	1.93							3.6	4.1	1.95	3.41	3.92	1.91	1.44	2.75	1.45	2.72	1.5	2.75	1.46	2.58	0.5	1.9	1.95	1.91	1.94	1.9	1.95	1.84	1.87	4.5	4.0	1.62	4.1	3.9	1.75				3.72	3.89	1.96							4.5	4.1	1.83	4.1	3.95	1.75	1.57	2.38	1.52	2.6	1.57	2.48	1.53	2.38	0.75	1.98	1.88	1.72	2.23	1.98	2.02	1.76	1.94	scotland	SC0							3.75	4.1	2.0	1.5	2.78	1.98	2.0							4.7	4.0	1.85	1.64	2.5	1.92	2.06			3.5	4.0	1.95	3.5	4.1	1.87	3.3	3.8	1.9	3.4	4.0	1.95	3.3	3.9	1.95	4.33	4.0	1.73	3.7	4.0	1.83	4.1	4.0	1.75	4.2	4.0	1.75	4.2	4.0	1.75															2025-08-31 11:00:00+00:00	scotland:20250831T1100Z:rangers:celtic:703	scotland:rangers	scotland:celtic	sco.1:2025-26	sco.1:2025-26-rules-v1	117	7.0	7.0	1.6	1.2	0.4	0.1	17.031380482766032	10.240321802427792	0.10288326407758719	117	7.875	13.0	2.4	0.4	2.0	0.4	17.171614925231044	7.096733806166616	0.1513446589199689	2025-26	7.0	13.0	7.0	7.875	1.6	2.4	2025-08-31 10:59:59.999999+00:00
	2025-08-31	14:00	Dundee	Dundee United	0	2	A	0	1	A	S McLean	5	10	1	5	8	10	3	2	0	1	0	0	2.45	3.3	2.6	2.55	3.1	2.7				2.67	3.18	2.79							2.66	3.3	2.75	2.56	3.2	2.66	2.0	1.85	1.99	1.85	2.02	1.85	1.95	1.79	0.0	1.9	1.95	1.88	1.97	1.9	1.95	1.85	1.89	3.0	3.3	2.25	2.75	3.2	2.55				2.79	3.29	2.7							3.0	3.33	2.6	2.81	3.24	2.48	1.96	1.76	1.96	1.93	2.1	1.8	1.99	1.75	0.25	1.8	2.05	1.68	2.31	1.8	2.16	1.69	1.99	scotland	SC0							2.7	3.25	2.78	2.0	1.84									3.1	3.3	2.6	2.14	1.84								2.55	3.3	2.7	2.55	3.25	2.55	2.6	3.2	2.75	2.6	3.2	2.75				2.7	3.3	2.6	2.9	3.3	2.4	2.75	3.2	2.6	2.75	3.2	2.6															2025-08-31 13:00:00+00:00	scotland:20250831T1300Z:dundee:dundee-united:704	scotland:dundee	scotland:dundee-united	sco.1:2025-26	sco.1:2025-26-rules-v1	79	7.958333333333333	6.0	1.0	0.8	-0.2	0.4	8.96133717523224	15.260683220999596	0.14806797976810177	78	20.958333333333332	4.0	1.4	2.2	-0.8	0.3	11.36617275559045	16.63172218155439	0.1256230507524362	2025-26	6.0	4.0	7.958333333333333	20.958333333333332	1.0	1.4	2025-08-31 12:59:59.999999+00:00
	2025-08-31	15:00	Aberdeen	Falkirk	0	1	A	0	0	D	R Hardie	12	19	4	9	16	13	5	6	3	5	1	0	1.92	3.6	3.5	1.98	3.5	3.6				1.97	3.81	3.55							2.05	3.75	3.6	1.96	3.59	3.48	1.8	2.0	1.81	2.03	1.85	2.0	1.79	1.94	-0.5	2.03	1.83	1.98	1.88	2.03	1.83	1.94	1.79	2.15	3.5	3.1	2.1	3.4	3.25				2.05	3.8	3.53							2.3	3.65	3.3	2.15	3.49	3.16	1.83	2.03	1.82	2.07	1.84	2.03	1.79	1.94	-0.25	1.93	1.93	1.79	2.13	1.93	1.93	1.8	1.89	scotland	SC0							2.02	3.8	3.65	1.78	2.06	2.03	1.92							2.28	3.65	3.3	1.89	2.1	1.98	1.99			2.0	3.6	3.6	1.93	3.75	3.55	1.95	3.5	3.4	2.05	3.5	3.5	2.05	3.5	3.5	2.3	3.4	3.1	2.1	3.65	3.2	2.2	3.5	3.1	2.15	3.5	3.3	2.15	3.5	3.25															2025-08-31 14:00:00+00:00	scotland:20250831T1400Z:aberdeen:falkirk:705	scotland:aberdeen	scotland:falkirk	sco.1:2025-26	sco.1:2025-26-rules-v1	116	21.104166666666668	0.0	0.4	3.0	-0.9	0.2	11.49596242957261	14.91817946095055	0.0429903522138881	2	22.0	1.0	1.5	2.5	-1.0	0.0	12.909090909090908	10.454545454545455	0.1396103896103896	2025-26	0.0	1.0	21.104166666666668	22.0	0.4	1.5	2025-08-31 13:59:59.999999+00:00
	2025-08-31	15:00	Hibernian	St Mirren	1	1	D	0	0	D	M MacDermid	17	10	5	4	7	7	10	7	1	1	0	0	1.87	3.5	3.9	1.9	3.4	3.9				1.93	3.53	3.97							1.95	3.75	4.0	1.89	3.51	3.85	1.93	1.93	1.93	1.91	1.94	1.93	1.89	1.84	-0.5	1.95	1.9	1.94	1.91	1.95	1.91	1.86	1.86	1.91	3.5	3.9	1.95	3.4	3.75				1.96	3.53	4.15							2.0	3.75	4.0	1.91	3.52	3.83	1.98	1.88	2.0	1.89	1.98	1.91	1.91	1.83	-0.5	1.98	1.88	1.97	1.93	1.98	1.91	1.87	1.85	scotland	SC0							2.02	3.55	4.0	1.92	1.92	2.02	1.96							2.0	3.65	4.2	2.02	1.94	2.01	1.97			1.95	3.5	4.0	1.84	3.75	3.9	1.9	3.4	3.7	1.91	3.5	4.0	1.91	3.4	4.0	1.95	3.5	4.0	1.84	3.75	3.9	1.95	3.5	3.75	1.95	3.5	3.8	1.95	3.4	3.8															2025-08-31 14:00:00+00:00	scotland:20250831T1400Z:hibernian:st-mirren:706	scotland:hibernian	scotland:st-mirren	sco.1:2025-26	sco.1:2025-26-rules-v1	116	21.0	6.0	1.8	2.0	0.9	0.3	11.863133307086912	11.13255757052128	0.17290354731637145	117	7.125	4.0	0.8	1.0	0.1	0.3	10.360338320076975	11.64407548315747	0.11187857342424229	2025-26	6.0	4.0	21.0	7.125	1.8	0.8	2025-08-31 13:59:59.999999+00:00
	2025-09-13	15:00	Aberdeen	Livingston	0	0	D	0	0	D	N Walsh	16	6	2	2	14	17	6	6	4	3	0	0	1.96	3.8	3.4	2.0	3.5	3.5				2.0	3.65	3.59							2.0	3.8	3.75	1.97	3.56	3.55	1.95	1.9	1.95	1.89	1.95	2.0	1.85	1.89	-0.5	2.0	1.85	2.02	1.85	2.0	1.85	1.92	1.81	1.71	4.0	4.2	1.82	3.6	4.1				1.85	3.78	4.37							1.87	4.0	4.5	1.8	3.66	4.17	1.88	1.98	1.94	1.94	1.91	1.98	1.85	1.89	-0.5	1.73	2.08	1.85	2.06	1.85	2.08	1.78	1.96	scotland	SC0							2.08	3.7	3.75	1.94	1.91	2.08	1.87							1.86	3.85	4.8	1.96	1.99	1.86	2.13			2.0	3.5	3.75	1.91	3.75	3.65	1.95	3.4	3.5	2.0	3.6	3.5	2.0	3.5	3.5	1.8	3.6	4.5	1.87	3.75	3.8	1.75	3.7	4.5	1.83	3.6	4.2	1.83	3.6	4.2															2025-09-13 14:00:00+00:00	scotland:20250913T1400Z:aberdeen:livingston:707	scotland:aberdeen	scotland:livingston	sco.1:2025-26	sco.1:2025-26-rules-v1	117	13.0	0.0	0.4	2.4	-1.3	0.2	11.587605624195772	15.66032864986863	0.035173924538635715	80	14.0	5.0	1.4	1.8	-0.8	0.1	8.114449284334775	14.008250181397601	0.15943698276055057	2025-26	0.0	5.0	13.0	14.0	0.4	1.4	2025-09-13 13:59:59.999999+00:00
	2025-09-13	15:00	Dundee	Motherwell	1	1	D	0	1	A	C Scott	7	16	4	4	7	12	2	6	1	1	1	0	3.8	3.5	1.91	3.6	3.5	1.98				3.85	3.51	1.97							3.8	3.6	2.0	3.65	3.45	1.97	2.0	1.8	2.06	1.8	2.1	1.8	1.99	1.76	0.5	1.85	2.0	1.88	1.99	1.85	2.0	1.8	1.93	3.1	3.5	2.15	3.1	3.5	2.15				3.76	3.69	2.01							3.6	3.6	2.25	3.24	3.47	2.14	1.93	1.93	1.96	1.93	1.93	1.93	1.9	1.85	0.5	1.65	2.2	1.89	2.02	1.77	2.2	1.68	2.09	scotland	SC0							4.1	3.6	2.04	2.08	1.84	1.92	2.06							3.5	3.5	2.3	1.94	2.0	1.78	2.26			3.75	3.4	2.0	3.6	3.5	1.98	3.7	3.3	1.93	3.6	3.6	2.0	3.6	3.5	2.0	3.2	3.5	2.25	3.6	3.55	2.0	3.13	3.4	2.2	3.2	3.6	2.15	3.2	3.5	2.15															2025-09-13 14:00:00+00:00	scotland:20250913T1400Z:dundee:motherwell:708	scotland:dundee	scotland:motherwell	sco.1:2025-26	sco.1:2025-26-rules-v1	80	13.041666666666666	5.0	0.8	1.0	-0.6	0.3	8.241094052462742	14.304195362636031	0.12114652890117417	118	14.0	5.0	1.4	1.4	0.2	0.3	12.991454348914779	12.659344814049618	0.1249742682213116	2025-26	5.0	5.0	13.041666666666666	14.0	0.8	1.4	2025-09-13 13:59:59.999999+00:00
	2025-09-13	15:00	Falkirk	St Mirren	1	2	A	0	0	D	D Nicolson	10	13	2	5	6	13	4	2	1	2	0	0	2.15	3.5	3.1	2.25	3.3	3.0				2.21	3.32	3.38							2.3	3.5	3.3	2.22	3.37	3.08	2.0	1.85	2.01	1.85	2.0	1.88	1.93	1.81	-0.25	1.9	1.95	1.91	1.96	1.95	1.95	1.89	1.83	2.2	3.6	3.0	2.2	3.4	3.0				2.31	3.45	3.21							2.3	3.6	3.2	2.25	3.43	3.04	1.85	2.0	1.93	1.95	1.91	2.0	1.85	1.88	-0.25	2.0	1.85	2.0	1.91	2.0	1.88	1.92	1.81	scotland	SC0							2.28	3.4	3.35	2.0	1.88	1.95	1.94							2.36	3.5	3.3	1.95	2.0	2.03	1.94			2.25	3.3	3.3	2.28	3.5	2.95	2.15	3.3	3.13	2.3	3.4	3.1	2.25	3.4	3.0	2.3	3.4	3.1	2.25	3.5	3.0	2.3	3.4	3.0	2.25	3.5	3.1	2.25	3.4	3.1															2025-09-13 14:00:00+00:00	scotland:20250913T1400Z:falkirk:st-mirren:709	scotland:falkirk	scotland:st-mirren	sco.1:2025-26	sco.1:2025-26-rules-v1	3	13.0	4.0	1.3333333333333333	1.6666666666666667	-0.3333333333333333	0.3333333333333333	14.016528925619834	10.735537190082644	0.1237960603989312	118	13.0	4.0	0.6	0.8	0.3	0.3	10.29482226188116	12.617879940765203	0.10971883280165279	2025-26	4.0	4.0	13.0	13.0	1.3333333333333333	0.6	2025-09-13 13:59:59.999999+00:00
	2025-09-13	15:00	Rangers	Hearts	0	2	A	0	1	A	S McLean	14	12	5	5	13	9	9	2	2	1	0	0	1.68	4.1	4.2	1.75	3.9	4.1				1.75	3.99	4.3							1.75	4.1	4.33	1.72	3.96	4.17	1.62	2.3	1.62	2.31	1.62	2.3	1.58	2.27	-0.75	1.98	1.88	1.99	1.88	1.98	1.88	1.9	1.82	1.79	4.0	3.8	1.8	3.9	3.9				1.82	4.01	4.21							1.83	4.2	4.4	1.75	3.97	4.14	1.62	2.3	1.64	2.35	1.62	2.35	1.58	2.28	-0.5	1.85	2.0	1.82	2.08	1.85	2.1	1.72	2.04	scotland	SC0							1.78	4.1	4.4	1.64	2.36	2.05	1.93							1.85	4.1	4.5	1.67	2.42	1.85	2.16			1.73	4.0	4.33	1.74	4.0	4.2	1.7	3.9	4.1	1.75	4.0	4.2	1.75	4.0	4.2	1.73	4.0	4.33	1.68	4.2	4.4	1.75	4.0	4.1	1.8	3.9	4.0	1.75	4.0	4.2															2025-09-13 14:00:00+00:00	scotland:20250913T1400Z:rangers:hearts:710	scotland:rangers	scotland:hearts	sco.1:2025-26	sco.1:2025-26-rules-v1	118	13.125	5.0	1.0	1.0	0.6	0.2	14.66203857680857	9.287536020168194	0.08417721606348041	118	14.0	13.0	2.2	1.2	1.0	0.4	14.12343926321096	9.929963220832619	0.14921850351638893	2025-26	5.0	13.0	13.125	14.0	1.0	2.2	2025-09-13 13:59:59.999999+00:00
	2025-09-13	17:45	Hibernian	Dundee United	3	3	D	1	2	A	D McFarlane	27	13	12	9	11	20	6	4	2	4	0	1	1.61	4.1	4.75	1.62	4.0	5.0				1.68	3.87	4.97							1.67	4.2	5.0	1.63	3.97	4.87	1.8	2.0	1.8	2.04	1.8	2.12	1.73	2.02	-0.75	1.88	1.98	1.89	1.98	1.88	1.98	1.79	1.94	1.68	4.0	4.5	1.68	3.8	4.75				1.74	3.91	4.85							1.73	4.0	5.0	1.69	3.84	4.67	1.8	2.0	1.81	2.08	1.8	2.08	1.74	2.02	-0.75	1.93	1.93	1.96	1.94	1.93	1.93	1.87	1.86	scotland	SC0							1.7	4.2	5.2	1.27	2.04	1.85	2.01							1.74	4.1	5.4	1.84	2.16	1.93	2.03			1.67	4.0	5.0	1.61	4.2	4.9	1.62	3.75	4.75	1.65	4.0	5.0	1.61	4.0	5.0	1.7	3.75	5.0	1.71	3.95	4.4	1.7	3.8	4.75	1.7	3.9	4.8	1.67	3.8	4.8															2025-09-13 16:45:00+00:00	scotland:20250913T1645Z:hibernian:dundee-united:711	scotland:hibernian	scotland:dundee-united	sco.1:2025-26	sco.1:2025-26-rules-v1	117	13.114583333333334	7.0	1.8	1.6	0.6	0.2	12.797109069434747	10.926638012244684	0.1521617258791702	79	13.15625	7.0	1.8	1.8	-0.7	0.3	11.117777709119459	14.516863603089956	0.13914613243381144	2025-26	7.0	7.0	13.114583333333334	13.15625	1.8	1.8	2025-09-13 16:44:59.999999+00:00
	2025-09-14	15:00	Kilmarnock	Celtic	1	2	A	0	0	D	J Beaton	12	21	2	6	10	10	6	7	2	3	0	0	11.0	5.75	1.22	10.5	6.0	1.25				10.26	5.96	1.25							11.0	6.1	1.25	10.47	5.9	1.24	1.5	2.63	1.48	2.61	1.5	2.63	1.48	2.55	1.75	1.9	1.95	1.9	1.93	1.9	1.95	1.85	1.87	10.0	5.5	1.24	9.75	5.75	1.27				11.06	6.15	1.26							12.0	6.0	1.29	10.35	5.74	1.26	1.57	2.38	1.5	2.65	1.57	2.5	1.52	2.43	1.75	1.83	2.03	1.92	1.97	1.83	2.03	1.8	1.94	scotland	SC0							12.0	6.2	1.3	1.51	2.66	1.91	1.95							12.5	6.8	1.29	1.58	2.64	1.91	2.03			11.0	6.0	1.25	11.0	6.1	1.23	10.0	5.75	1.22	11.0	6.0	1.25	11.0	6.0	1.25	12.0	6.0	1.29	11.0	6.0	1.24	11.0	5.75	1.25	10.0	5.75	1.28	10.0	5.75	1.28															2025-09-14 14:00:00+00:00	scotland:20250914T1400Z:kilmarnock:celtic:712	scotland:kilmarnock	scotland:celtic	sco.1:2025-26	sco.1:2025-26-rules-v1	118	15.0	4.0	1.2	1.4	-0.3	0.3	11.08866123118708	12.619838756953147	0.1450256560753885	118	14.125	11.0	1.4	0.2	2.1	0.5	14.958594029734488	6.533691295954504	0.12382744820724727	2025-26	4.0	11.0	15.0	14.125	1.2	1.4	2025-09-14 13:59:59.999999+00:00
	2025-09-20	15:00	Dundee	Livingston	3	2	H	1	0	H	R Hardie	11	10	4	6	10	12	8	3	1	3	0	0	2.57	3.7	2.4	2.7	3.2	2.55				2.74	3.44	2.54							2.75	3.7	2.6	2.68	3.3	2.51	2.05	1.8	2.0	1.86	2.05	1.8	2.0	1.75	0.0	2.0	1.85	2.01	1.86	2.0	1.85	1.93	1.81	3.0	3.4	2.3	2.95	3.2	2.37				2.91	3.29	2.59							3.1	3.4	2.5	2.92	3.24	2.39	2.1	1.73	2.35	1.65	2.1	1.8	2.08	1.69	0.25	1.8	2.05	1.73	2.22	1.8	2.15	1.72	1.97	scotland	SC0							2.78	3.45	2.56	2.02	1.83	2.02	1.86							3.1	3.55	2.46	2.22	1.77	1.87	2.11			2.75	3.3	2.6	2.65	3.3	2.5	2.7	3.2	2.45	2.7	3.3	2.6	2.7	3.25	2.6	3.1	3.2	2.4	2.8	3.25	2.48	3.0	3.25	2.38	3.0	3.25	2.4	3.0	3.2	2.4															2025-09-20 14:00:00+00:00	scotland:20250920T1400Z:dundee:livingston:713	scotland:dundee	scotland:livingston	sco.1:2025-26	sco.1:2025-26-rules-v1	81	7.0	3.0	0.6	1.2	-0.2	0.3	8.015440588378606	14.612523478520387	0.12509391325680483	81	7.0	5.0	1.2	1.6	-0.6	0.2	7.7300039599102695	14.370386512052583	0.13044844044045045	2025-26	3.0	5.0	7.0	7.0	0.6	1.2	2025-09-20 13:59:59.999999+00:00
	2025-09-23	19:45	Dundee United	Aberdeen	2	0	H	1	0	H	S McLean	15	16	5	2	11	11	11	3	2	1	0	0	2.75	3.3	2.4	2.75	3.25	2.45				2.88	3.47	2.52							2.88	3.35	2.5	2.79	3.27	2.43	2.0	1.8	2.05	1.85	2.0	1.8	1.96	1.78	0.0	2.05	1.8	2.1	1.83	2.05	1.8	2.01	1.75	2.3	3.4	2.85	2.4	3.25	2.85				3.01	3.53	2.4							2.6	3.4	3.0	2.46	3.29	2.8	2.05	1.8	2.02	1.87	2.05	1.8	1.97	1.78	0.0	1.7	2.1	2.19	1.75	1.83	2.1	1.72	2.05	scotland	SC0							2.92	3.55	2.58	2.08	1.9	2.13	1.86							2.62	3.4	3.0	2.06	1.89	1.86	2.12			2.88	3.25	2.5	2.75	3.35	2.43	2.8	3.3	2.45	2.8	3.3	2.5	2.7	3.1	2.37	2.6	3.25	2.8	2.6	3.4	2.6	2.4	3.3	2.9	2.45	3.3	2.9	2.45	3.25	2.87															2025-09-23 18:45:00+00:00	scotland:20250923T1845Z:dundee-united:aberdeen:714	scotland:dundee-united	scotland:aberdeen	sco.1:2025-26	sco.1:2025-26-rules-v1	80	10.083333333333334	8.0	2.2	1.8	-0.8	0.2	11.45999994382501	16.786524766164508	0.15580487758570585	118	10.197916666666666	1.0	0.2	1.4	-1.4	0.2	12.389859147069266	13.903905258983425	0.02877866553161104	2025-26	8.0	1.0	10.083333333333334	10.197916666666666	2.2	0.2	2025-09-23 18:44:59.999999+00:00
	2025-09-23	19:45	Falkirk	Hibernian	2	2	D	1	2	A	C Scott	7	16	6	8	11	13	5	5	2	0	0	0	2.82	3.5	2.3	2.8	3.4	2.37				2.91	3.54	2.45							2.9	3.6	2.5	2.76	3.46	2.4	1.8	2.0	1.79	2.1	1.8	2.05	1.76	1.99	0.25	1.8	2.05	1.8	2.13	1.8	2.12	1.71	2.0	2.85	3.5	2.25	2.85	3.4	2.35				3.05	3.5	2.38							3.0	3.65	2.38	2.9	3.48	2.29	1.73	2.1	1.83	2.06	1.8	2.1	1.73	2.03	0.25	1.85	2.0	1.85	2.06	1.85	2.0	1.8	1.89	scotland	SC0							3.1	3.5	2.48	1.85	2.1	1.85	2.13							3.2	3.7	2.38	1.78	2.22	1.94	2.04			2.8	3.4	2.5	2.6	3.6	2.5	2.8	3.5	2.38	2.87	3.5	2.4	2.8	3.4	2.37	3.0	3.4	2.38	2.9	3.65	2.25	2.9	3.6	2.25	2.9	3.4	2.37	2.87	3.4	2.37															2025-09-23 18:45:00+00:00	scotland:20250923T1845Z:falkirk:hibernian:715	scotland:falkirk	scotland:hibernian	sco.1:2025-26	sco.1:2025-26-rules-v1	4	10.197916666666666	4.0	1.25	1.75	-0.5	0.25	13.2862509391435	11.147257700976708	0.11946950396276189	118	10.083333333333334	7.0	2.0	1.8	0.4	0.1	15.379452874992065	11.303612919109286	0.1446979777395231	2025-26	4.0	7.0	10.197916666666666	10.083333333333334	1.25	2.0	2025-09-23 18:44:59.999999+00:00
	2025-09-27	15:00	Celtic	Hibernian	0	0	D	0	0	D	D Robertson	26	4	6	1	16	1	7	2	2	1	0	0	1.25	5.25	10.0	1.28	6.0	8.75				1.29	5.96	8.36							1.29	6.0	10.0	1.26	5.75	9.43	1.4	3.0	1.4	2.95	1.46	3.0	1.4	2.78	-1.75	1.98	1.88	1.95	1.9	1.98	1.88	1.88	1.83	1.33	4.75	8.0	1.32	5.5	7.75				1.25	6.67	10.85							1.35	5.75	8.5	1.32	5.4	7.97	1.44	2.75	1.38	3.09	1.44	2.8	1.42	2.73	-1.5	1.98	1.88	1.64	2.35	1.98	1.91	1.85	1.87	scotland	SC0							1.29	6.4	11.5	1.44	2.96	2.0	1.87							1.36	5.8	10.0	1.47	3.0	1.99	1.98			1.29	6.0	10.0	1.26	5.8	10.0	1.25	5.5	9.5	1.28	6.0	9.0	1.28	6.0	9.0	1.33	5.5	8.5	1.3	5.6	8.5	1.33	5.25	8.0	1.33	5.75	8.0	1.33	5.75	8.0															2025-09-27 14:00:00+00:00	scotland:20250927T1400Z:celtic:hibernian:716	scotland:celtic	scotland:hibernian	sco.1:2025-26	sco.1:2025-26-rules-v1	119	13.0	13.0	1.6	0.2	1.8	0.5	16.05703147887367	7.527565605780957	0.1186293840310378	119	3.8020833333333335	7.0	2.0	1.8	0.0	0.0	15.492279624993508	10.521137842907597	0.14111652724142798	2025-26	13.0	7.0	13.0	3.8020833333333335	1.6	2.0	2025-09-27 13:59:59.999999+00:00
	2025-09-27	15:00	Dundee United	Kilmarnock	0	2	A	0	1	A	R Hardie	18	17	7	7	8	12	9	6	4	2	0	0	2.1	3.5	3.2	2.05	3.5	3.3				2.14	3.49	3.36							2.2	3.5	3.6	2.08	3.4	3.36	2.05	1.8	2.02	1.84	2.05	1.95	1.94	1.8	-0.25	1.88	1.98	1.87	2.0	1.88	2.04	1.76	1.97	1.81	3.75	3.8	1.8	3.7	4.0				1.87	3.68	4.39							1.86	3.75	4.2	1.82	3.68	4.05	1.83	2.03	1.99	1.9	1.9	2.05	1.81	1.93	-0.5	1.85	2.0	1.88	2.04	1.85	2.0	1.79	1.95	scotland	SC0							2.16	3.55	3.5	1.99	1.74	1.86	2.04							1.89	3.9	4.6	1.9	2.04	1.88	2.11			2.15	3.3	3.5	1.98	3.5	3.6	2.1	3.25	3.25	2.1	3.5	3.3	2.1	3.5	3.3	1.83	3.75	4.2	1.83	3.75	4.0	1.8	3.7	4.2	1.83	3.75	4.2	1.83	3.7	4.0															2025-09-27 14:00:00+00:00	scotland:20250927T1400Z:dundee-united:kilmarnock:717	scotland:dundee-united	scotland:kilmarnock	sco.1:2025-26	sco.1:2025-26-rules-v1	81	3.8020833333333335	8.0	2.2	1.6	-0.7	0.2	12.103636317675008	16.643520263225504	0.15171914226709265	119	13.0	4.0	1.4	1.6	0.0	0.3	11.254359189153066	14.14350443750712	0.13380887012228754	2025-26	8.0	4.0	3.8020833333333335	13.0	2.2	1.4	2025-09-27 13:59:59.999999+00:00
	2025-09-27	15:00	Hearts	Falkirk	3	0	H	2	0	H	L Wilson	20	10	10	3	7	11	9	5	0	1	0	0	1.56	4.2	5.0	1.65	3.9	4.8				1.6	4.27	5.15							1.67	4.2	5.5	1.6	4.01	5.07	1.73	2.1	1.71	2.19	1.73	2.12	1.7	2.07	-1.0	2.03	1.83	2.03	1.85	2.03	1.83	1.97	1.77	1.46	4.5	5.5	1.52	4.33	5.5				1.53	4.59	6.04							1.53	4.5	6.5	1.49	4.39	5.9	1.67	2.2	1.7	2.24	1.67	2.25	1.64	2.16	-1.0	1.88	1.98	1.88	2.03	1.88	2.0	1.78	1.97	scotland	SC0							1.64	4.2	5.7	1.73	2.18	2.05	1.86							1.53	4.9	6.8	1.69	2.32	1.84	2.12			1.62	4.0	5.5	1.6	4.1	5.1	1.55	3.9	5.25	1.67	4.0	5.0	1.65	3.9	4.8	1.5	4.33	6.5	1.48	4.5	6.0	1.5	4.33	6.0	1.53	4.4	5.75	1.53	4.33	5.75															2025-09-27 14:00:00+00:00	scotland:20250927T1400Z:hearts:falkirk:718	scotland:hearts	scotland:falkirk	sco.1:2025-26	sco.1:2025-26-rules-v1	119	14.0	13.0	2.4	1.2	1.2	0.4	13.737359397172602	10.66996990795396	0.15239089681643941	5	3.8020833333333335	5.0	1.4	1.8	-0.4	0.2	12.143296222935591	12.029574482617306	0.1496958279175844	2025-26	13.0	5.0	14.0	3.8020833333333335	2.4	1.4	2025-09-27 13:59:59.999999+00:00
	2025-09-27	15:00	St Mirren	Dundee	1	0	H	1	0	H	M MacDermid	10	11	4	4	12	7	5	5	3	2	0	0	1.53	4.0	5.5	1.58	4.0	5.25				1.58	4.04	5.72							1.62	4.0	5.6	1.58	3.92	5.42	1.88	1.98	1.88	1.98	1.95	1.98	1.86	1.87	-1.0	2.05	1.8	2.03	1.85	2.05	1.8	1.98	1.76	1.51	4.1	5.5	1.6	4.0	5.0				1.62	4.06	5.79							1.61	4.3	6.0	1.56	4.05	5.47	1.83	2.03	1.88	2.0	1.83	2.08	1.77	1.98	-1.0	2.03	1.83	2.09	1.83	2.03	1.87	1.92	1.82	scotland	SC0							1.67	4.0	5.7	1.86	1.99	2.11	1.8							1.63	4.2	6.2	1.88	2.1	2.05	1.9			1.62	4.0	5.5	1.6	3.95	5.4	1.55	3.8	5.5	1.6	4.0	5.25	1.6	4.0	5.25	1.57	4.0	6.0	1.53	4.3	5.6	1.57	4.0	5.5	1.61	4.0	5.25	1.61	4.0	5.25															2025-09-27 14:00:00+00:00	scotland:20250927T1400Z:st-mirren:dundee:719	scotland:st-mirren	scotland:dundee	sco.1:2025-26	sco.1:2025-26-rules-v1	119	14.0	6.0	0.8	0.8	0.3	0.3	10.786672759720949	12.141901769716984	0.11774198208247116	82	7.0	6.0	1.0	1.2	-0.2	0.2	8.55808775412795	13.773882846062135	0.15193634225143535	2025-26	6.0	6.0	14.0	7.0	0.8	1.0	2025-09-27 13:59:59.999999+00:00
	2025-09-27	17:45	Motherwell	Aberdeen	2	0	H	0	0	D	R Lee	10	10	3	4	10	18	3	4	0	3	0	0	2.1	3.5	3.25	2.15	3.4	3.2				2.13	3.63	3.27							2.2	3.6	3.3	2.14	3.43	3.2	1.93	1.93	1.9	1.95	1.93	1.93	1.88	1.86	-0.25	1.88	1.98	1.87	2.0	1.88	1.98	1.81	1.91	2.01	3.7	3.3	2.05	3.6	3.2				2.12	3.77	3.36							2.1	3.75	3.45	2.05	3.6	3.3	1.73	2.1	1.75	2.16	1.73	2.1	1.69	2.07	-0.25	1.83	2.03	1.86	2.05	1.83	2.03	1.76	1.97	scotland	SC0							2.22	3.65	3.45	1.92	1.93	1.92	2.05							2.14	3.85	3.55	1.8	2.2	1.88	2.11			2.2	3.4	3.3	2.1	3.5	3.3	2.1	3.3	3.2	2.2	3.5	3.2	2.15	3.4	3.2	2.1	3.5	3.4	2.04	3.65	3.35	2.05	3.6	3.3	2.05	3.75	3.25	2.05	3.75	3.25															2025-09-27 16:45:00+00:00	scotland:20250927T1645Z:motherwell:aberdeen:720	scotland:motherwell	scotland:aberdeen	sco.1:2025-26	sco.1:2025-26-rules-v1	119	14.114583333333334	5.0	1.4	1.4	0.2	0.2	13.538462649112091	11.63037302967696	0.1136153103628913	119	3.9166666666666665	1.0	0.0	1.4	-1.6	0.2	13.046248393056672	14.103195211895528	0.02354618088949994	2025-26	5.0	1.0	14.114583333333334	3.9166666666666665	1.4	0.0	2025-09-27 16:44:59.999999+00:00
	2025-09-28	15:00	Livingston	Rangers	1	2	A	0	1	A	J Beaton	9	15	3	7	18	11	4	8	4	1	0	0	4.75	3.9	1.66	4.5	3.9	1.68				4.74	4.11	1.67							4.75	4.2	1.7	4.58	3.94	1.66	1.73	2.1	1.68	2.2	1.73	2.16	1.68	2.09	0.75	1.93	1.93	2.0	1.86	1.94	1.93	1.91	1.82	6.0	4.33	1.46	5.5	4.2	1.53				5.1	4.27	1.65							6.0	4.33	1.55	5.67	4.27	1.52	1.67	2.2	1.7	2.24	1.67	2.2	1.65	2.15	1.0	1.98	1.88	1.8	2.12	1.98	1.91	1.9	1.83	scotland	SC0							4.7	4.0	1.76	1.73	2.16	1.95	1.95							6.6	4.6	1.57	1.74	2.28	2.02	1.92			4.6	4.0	1.7	4.7	4.1	1.64	4.5	3.8	1.65	4.6	4.0	1.7	4.5	4.0	1.7	6.0	4.2	1.53	5.6	4.3	1.53	6.0	4.33	1.5	5.5	4.33	1.55	5.5	4.33	1.55															2025-09-28 14:00:00+00:00	scotland:20250928T1400Z:livingston:rangers:721	scotland:livingston	scotland:rangers	sco.1:2025-26	sco.1:2025-26-rules-v1	82	8.0	4.0	1.2	1.8	-0.9	0.1	8.142730512653856	13.757588964406658	0.14309417854218673	119	15.0	4.0	0.6	1.0	0.4	0.2	14.541667926479738	9.78071128922852	0.06887226768830215	2025-26	4.0	4.0	8.0	15.0	1.2	0.6	2025-09-28 13:59:59.999999+00:00
	2025-10-04	15:00	Dundee United	Livingston	1	1	D	0	1	A	D Nicolson	19	7	6	4	16	11	4	5	1	1	0	0	1.91	3.5	3.8	1.95	3.4	3.7				1.96	3.71	3.66							2.0	3.65	4.0	1.93	3.52	3.7	1.93	1.93	1.89	1.95	1.93	1.93	1.85	1.88	-0.5	1.98	1.88	1.98	1.88	1.98	1.88	1.9	1.83	1.71	3.75	4.33	1.78	3.7	4.2				1.95	3.72	3.93							1.8	3.8	4.5	1.77	3.7	4.26	1.85	2.0	1.99	1.9	1.85	2.0	1.8	1.93	-0.75	2.03	1.83	2.26	1.7	2.03	1.83	1.96	1.77	scotland	SC0							1.98	3.75	4.2	1.9	1.94	1.98	2.0							1.82	4.1	4.8	1.88	2.08	2.07	1.92			1.95	3.5	4.0	1.92	3.65	3.7	1.91	3.5	3.6	1.95	3.5	3.8	1.95	3.5	3.75	1.8	3.6	4.5	1.8	3.8	4.1	1.75	3.75	4.4	1.8	3.75	4.2	1.8	3.7	4.2															2025-10-04 14:00:00+00:00	scotland:20251004T1400Z:dundee-united:livingston:722	scotland:dundee-united	scotland:livingston	sco.1:2025-26	sco.1:2025-26-rules-v1	82	7.0	7.0	1.8	1.6	-0.4	0.2	13.175702441734098	16.708334760820865	0.1241338436730758	83	6.0	1.0	0.8	2.0	-0.7	0.1	8.298597692171336	13.983481879969084	0.13727907537290024	2025-26	7.0	1.0	7.0	6.0	1.8	0.8	2025-10-04 13:59:59.999999+00:00
	2025-10-04	15:00	Kilmarnock	St Mirren	2	0	H	2	0	H	N Walsh	9	7	5	0	8	21	4	9	1	2	0	0	2.75	3.2	2.5	2.7	3.2	2.55				2.85	3.22	2.58							2.83	3.35	2.6	2.74	3.22	2.52	2.1	1.73	2.05	1.79	2.1	1.78	2.01	1.75	0.0	2.03	1.83	2.04	1.84	2.03	1.85	1.94	1.79	2.7	3.25	2.57	2.75	3.25	2.5				2.97	3.32	2.53							2.8	3.35	2.63	2.72	3.26	2.54	2.03	1.83	2.05	1.85	2.03	1.83	1.97	1.78	0.0	1.98	1.88	2.13	1.81	1.98	1.88	1.9	1.83	scotland	SC0							2.9	3.25	2.7	2.06	1.8	2.03	1.9							2.82	3.3	2.86	2.06	1.93	1.96	2.0			2.8	3.2	2.6	2.75	3.35	2.5	2.7	3.2	2.45	2.75	3.25	2.6	2.75	3.2	2.5	2.8	3.25	2.6	2.75	3.35	2.48	2.63	3.3	2.6	2.8	3.3	2.5	2.8	3.25	2.5															2025-10-04 14:00:00+00:00	scotland:20251004T1400Z:kilmarnock:st-mirren:723	scotland:kilmarnock	scotland:st-mirren	sco.1:2025-26	sco.1:2025-26-rules-v1	120	7.0	6.0	1.4	1.2	0.0	0.3	12.299021154761597	14.844685448869463	0.1308703589770588	120	7.0	9.0	1.0	0.6	0.4	0.4	10.643641348862594	11.934283266132077	0.1145161671583855	2025-26	6.0	9.0	7.0	7.0	1.4	1.0	2025-10-04 13:59:59.999999+00:00
	2025-10-04	17:45	Hearts	Hibernian	1	0	H	0	0	D	D Dickinson	11	5	3	1	10	10	4	2	2	1	0	0	1.76	3.75	4.0	1.82	3.6	4.1				1.79	3.77	4.33							1.87	3.75	4.25	1.82	3.64	4.05	1.8	2.0	1.74	2.14	1.84	2.08	1.77	1.97	-0.5	1.83	2.03	1.81	2.06	1.85	2.03	1.8	1.93	1.76	3.7	4.1	1.83	3.6	4.0				1.91	3.67	4.19							1.85	3.8	4.2	1.82	3.65	4.08	1.83	2.03	1.87	2.02	1.83	2.03	1.78	1.97	-0.5	1.83	2.03	1.92	1.99	1.83	2.03	1.79	1.94	scotland	SC0							1.92	3.85	4.4	1.76	2.06	1.92	2.05							1.88	3.85	4.6	1.89	2.1	1.88	2.11			1.83	3.75	4.2	1.87	3.7	3.9	1.8	3.6	3.9	1.83	3.6	4.2	1.83	3.6	4.2	1.83	3.75	4.2	1.81	3.8	4.0	1.83	3.7	4.0	1.85	3.6	4.2	1.83	3.6	4.0															2025-10-04 16:45:00+00:00	scotland:20251004T1645Z:hearts:hibernian:724	scotland:hearts	scotland:hibernian	sco.1:2025-26	sco.1:2025-26-rules-v1	120	7.114583333333333	13.0	2.6	1.2	1.6	0.5	14.876021324959401	10.548157197416876	0.1519561883043595	120	7.114583333333333	5.0	1.6	1.6	0.1	0.1	13.40277423863105	13.335476416924397	0.11545897683389561	2025-26	13.0	5.0	7.114583333333333	7.114583333333333	2.6	1.6	2025-10-04 16:44:59.999999+00:00
	2025-10-05	15:00	Aberdeen	Dundee	4	0	H	3	0	H	D Robertson	20	8	9	2	16	7	11	2	1	0	0	0	1.71	3.7	4.33	1.75	3.7	4.4				1.78	3.73	4.47							1.78	3.95	4.9	1.71	3.72	4.54	1.95	1.9	1.93	1.9	1.95	1.91	1.9	1.85	-0.75	2.03	1.83	2.02	1.84	2.03	1.92	1.87	1.85	1.46	4.2	6.0	1.6	4.0	5.25				1.79	3.88	4.55							1.61	4.2	6.0	1.56	4.05	5.56	1.9	1.95	1.9	1.99	1.9	2.0	1.81	1.92	-1.0	1.88	1.98	2.42	1.62	2.0	1.98	1.92	1.81	scotland	SC0							1.83	3.6	4.4	1.94	1.87	2.07	1.79							1.6	4.5	6.4	1.88	2.08	1.98	1.95			1.73	3.75	4.6	1.65	3.95	4.9	1.7	3.6	4.5	1.75	3.75	4.5	1.75	3.7	4.4	1.57	4.0	6.0	1.61	4.1	5.0	1.53	4.1	6.0	1.61	4.0	5.25	1.6	4.0	5.25															2025-10-05 14:00:00+00:00	scotland:20251005T1400Z:aberdeen:dundee:725	scotland:aberdeen	scotland:dundee	sco.1:2025-26	sco.1:2025-26-rules-v1	120	7.885416666666667	1.0	0.0	1.4	-1.9	0.1	12.492385048864548	13.357159718823613	0.01926505709140904	83	8.0	5.0	0.8	1.2	-0.2	0.2	9.00207179883196	13.087722328596291	0.12431155275117436	2025-26	1.0	5.0	7.885416666666667	8.0	0.0	0.8	2025-10-05 13:59:59.999999+00:00
	2025-10-05	15:00	Celtic	Motherwell	3	2	H	1	1	D	C Scott	16	5	9	3	17	11	10	0	2	0	0	0	1.17	8.0	10.0	1.2	7.25	11.5				1.19	7.41	11.56							1.2	8.0	13.0	1.19	6.97	12.21	1.4	3.0	1.39	2.95	1.4	3.05	1.37	2.93	-2.0	1.98	1.88	1.93	1.9	1.98	1.97	1.84	1.9	1.17	8.0	9.5	1.2	7.25	11.0				1.2	7.48	12.7							1.21	8.0	13.0	1.19	6.99	11.72	1.36	3.2	1.38	3.09	1.4	3.2	1.37	2.96	-2.0	1.93	1.93	1.95	1.93	1.95	1.93	1.88	1.85	scotland	SC0							1.22	7.4	14.0	1.45	2.96	1.94	1.85							1.22	8.4	14.5	1.43	3.2	1.96	1.89			1.2	7.0	13.0	1.18	7.0	13.0	1.17	6.5	13.0	1.2	7.5	12.0	1.2	7.5	11.0	1.2	7.0	13.0	1.21	6.75	11.5	1.18	7.0	13.0	1.2	7.5	11.0	1.2	7.5	11.0															2025-10-05 14:00:00+00:00	scotland:20251005T1400Z:celtic:motherwell:726	scotland:celtic	scotland:motherwell	sco.1:2025-26	sco.1:2025-26-rules-v1	120	8.0	11.0	1.4	0.2	1.3	0.5	17.864843937260275	6.88619004109351	0.09706040511630365	120	7.885416666666667	7.0	1.6	1.2	0.3	0.3	12.895105803818984	11.333941569735694	0.12932161756963834	2025-26	11.0	7.0	8.0	7.885416666666667	1.4	1.6	2025-10-05 13:59:59.999999+00:00
	2025-10-05	15:00	Falkirk	Rangers	1	1	D	0	1	A	M MacDermid	16	11	4	2	15	16	7	6	1	4	0	0	4.2	4.0	1.71	4.0	3.8	1.78				3.8	4.38	1.78							4.33	4.35	1.8	4.04	4.01	1.74	1.62	2.3	1.61	2.35	1.62	2.3	1.59	2.25	0.75	1.85	2.0	1.85	2.0	1.85	2.0	1.82	1.9	5.0	4.2	1.57	4.4	4.0	1.68				4.47	4.47	1.7							5.25	4.4	1.7	4.73	4.2	1.62	1.62	2.3	1.61	2.41	1.62	2.33	1.59	2.26	1.0	1.83	2.03	1.74	2.2	1.83	2.03	1.76	1.99	scotland	SC0							4.4	4.3	1.77	1.61	2.42	1.92	1.96							5.6	4.6	1.65	1.64	2.46	1.87	2.05			4.33	4.0	1.73	3.95	4.35	1.72	4.2	3.8	1.7	4.0	3.9	1.8	4.0	3.9	1.8	5.0	4.2	1.62	4.35	4.4	1.64	5.25	4.2	1.57	4.5	4.0	1.7	4.4	4.0	1.7															2025-10-05 14:00:00+00:00	scotland:20251005T1400Z:falkirk:rangers:727	scotland:falkirk	scotland:rangers	sco.1:2025-26	sco.1:2025-26-rules-v1	6	8.0	4.0	1.0	2.0	-0.8333333333333334	0.16666666666666666	11.753606000583664	13.478742758505069	0.12247840465984178	120	7.0	6.0	0.8	1.0	0.5	0.2	14.625001030756149	9.638763782096062	0.08059246144194418	2025-26	4.0	6.0	8.0	7.0	1.0	0.8	2025-10-05 13:59:59.999999+00:00
	2025-10-18	15:00	Hibernian	Livingston	4	0	H	1	0	H	R Lee	23	8	12	2	11	14	7	10	1	2	0	0	1.49	4.33	5.5	1.53	4.33	5.25				1.52	4.42	5.78							1.55	4.4	6.0	1.52	4.24	5.6	1.73	2.1	1.7	2.17	1.73	2.12	1.69	2.08	-1.0	1.88	1.98	1.88	1.98	1.9	1.98	1.86	1.87	1.49	4.33	5.75	1.53	4.4	5.25				1.56	4.41	5.89							1.55	4.5	6.0	1.52	4.25	5.68	1.73	2.1	1.74	2.19	1.75	2.1	1.71	2.05	-1.0	1.88	1.98	1.94	1.96	1.88	1.98	1.85	1.88	scotland	SC0							1.55	3.9	5.3	1.77	2.16	1.8	1.85							1.56	4.5	7.0	1.83	2.16	1.92	2.05			1.53	4.2	6.0	1.55	4.25	5.5	1.5	4.0	5.75	1.55	4.4	5.5	1.53	4.4	5.5	1.53	4.2	6.0	1.55	4.25	5.5	1.5	4.2	6.0	1.53	4.5	5.5	1.53	4.4	5.5															2025-10-18 14:00:00+00:00	scotland:20251018T1400Z:hibernian:livingston:728	scotland:hibernian	scotland:livingston	sco.1:2025-26	sco.1:2025-26-rules-v1	121	13.885416666666666	4.0	1.2	1.4	-0.2	0.1	11.874997104334494	12.91084434111996	0.09446643559136912	84	14.0	2.0	1.0	1.6	-0.8	0.1	8.062489020867456	14.895576083611068	0.13829326946094433	2025-26	4.0	2.0	13.885416666666666	14.0	1.2	1.0	2025-10-18 13:59:59.999999+00:00
	2025-10-18	15:00	Motherwell	Falkirk	1	2	A	1	0	H	S McLean	15	9	5	5	14	19	6	4	1	5	0	0	1.86	3.7	3.75	1.98	3.6	3.4				1.9	3.83	3.77							2.0	3.8	3.8	1.94	3.63	3.57	1.73	2.1	1.72	2.16	1.73	2.1	1.71	2.05	-0.5	1.93	1.93	1.92	1.95	1.96	1.93	1.9	1.82	1.76	3.9	4.1	1.87	3.7	3.7				1.91	3.95	3.88							1.91	4.0	4.1	1.84	3.78	3.85	1.67	2.2	1.72	2.22	1.71	2.2	1.67	2.11	-0.5	1.78	2.03	1.92	1.99	1.84	2.03	1.8	1.93	scotland	SC0							1.96	3.8	3.95	1.25	2.12	1.96	1.98							1.89	4.1	4.2	1.73	2.3	1.89	2.11			1.95	3.6	3.75	2.0	3.65	3.4	1.87	3.6	3.6	2.0	3.7	3.5	2.0	3.6	3.5	1.9	3.75	3.75	1.88	3.65	3.8	1.8	3.8	4.1	1.91	3.8	3.75	1.91	3.75	3.75															2025-10-18 14:00:00+00:00	scotland:20251018T1400Z:motherwell:falkirk:729	scotland:motherwell	scotland:falkirk	sco.1:2025-26	sco.1:2025-26-rules-v1	121	13.0	6.0	2.0	1.8	0.1	0.3	11.45963202130644	12.18231582978375	0.17853586892061318	7	13.0	5.0	1.0	1.6	-0.7142857142857143	0.14285714285714285	12.52567763684118	13.028062256958693	0.11157324017623418	2025-26	6.0	5.0	13.0	13.0	2.0	1.0	2025-10-18 13:59:59.999999+00:00
	2025-10-18	15:00	Rangers	Dundee United	2	2	D	1	0	H	D Robertson	29	10	8	4	12	14	7	2	0	4	0	0	1.37	5.75	5.5	1.38	5.0	7.0				1.42	5.55	5.85							1.45	5.75	7.5	1.39	5.01	6.78	1.53	2.5	1.54	2.53	1.57	2.5	1.53	2.4	-1.25	1.88	1.98	1.89	1.98	1.9	1.98	1.8	1.92	1.39	5.75	5.25	1.39	5.0	6.75				1.41	5.65	6.55							1.43	5.75	7.5	1.38	5.02	6.88	1.53	2.5	1.54	2.58	1.55	2.5	1.52	2.4	-1.25	1.93	1.93	1.87	2.04	1.93	1.95	1.8	1.92	scotland	SC0							1.4	5.5	5.2	1.58	1.26	1.4	1.88							1.44	5.6	7.8	1.56	2.66	1.88	2.04			1.4	5.0	7.0	1.36	5.0	7.5	1.36	4.75	7.0	1.4	5.0	7.5	1.4	5.0	7.0	1.36	5.0	7.0	1.36	5.0	7.5	1.4	4.8	7.0	1.4	5.0	7.0	1.4	5.0	7.0															2025-10-18 14:00:00+00:00	scotland:20251018T1400Z:rangers:dundee-united:730	scotland:rangers	scotland:dundee-united	sco.1:2025-26	sco.1:2025-26-rules-v1	121	13.0	6.0	0.8	1.0	0.5	0.2	13.96590993425503	10.795352185351323	0.08246821225415267	83	14.0	8.0	1.6	1.2	-0.2	0.2	14.23466563414608	14.943182986126162	0.11113343190476535	2025-26	6.0	8.0	13.0	14.0	0.8	1.6	2025-10-18 13:59:59.999999+00:00
	2025-10-18	15:00	St Mirren	Aberdeen	0	1	A	0	0	D	L Wilson	9	17	1	4	11	13	5	2	2	4	0	0	2.32	3.25	2.85	2.4	3.4	2.75				2.45	3.29	2.96							2.5	3.45	2.9	2.42	3.31	2.81	2.1	1.73	2.07	1.79	2.1	1.81	1.99	1.76	-0.25	2.1	1.78	2.12	1.78	2.1	1.78	2.04	1.7	2.3	3.2	2.95	2.3	3.3	2.95				2.36	3.41	3.16							2.45	3.45	3.1	2.36	3.27	2.95	2.1	1.73	2.06	1.84	2.1	1.81	2.03	1.73	-0.25	2.05	1.8	2.04	1.87	2.07	1.8	2.02	1.72	scotland	SC0							2.48	3.45	3.1	1.36	1.26	2.12	1.85							2.54	3.4	3.15	2.22	1.77	2.16	1.83			2.5	3.25	2.88	2.45	3.45	2.75	2.38	3.2	2.8	2.45	3.4	2.8	2.45	3.4	2.75	2.4	3.25	3.0	2.45	3.45	2.75	2.38	3.2	3.0	2.3	3.4	3.0	2.3	3.4	3.0															2025-10-18 14:00:00+00:00	scotland:20251018T1400Z:st-mirren:aberdeen:731	scotland:st-mirren	scotland:aberdeen	sco.1:2025-26	sco.1:2025-26-rules-v1	121	14.0	8.0	1.0	1.0	0.1	0.3	9.98116110361485	11.400777217744427	0.09369504585686086	121	13.0	4.0	0.8	1.0	-1.4	0.2	13.857405949070994	12.383130679037501	0.052125955802061946	2025-26	8.0	4.0	14.0	13.0	1.0	0.8	2025-10-18 13:59:59.999999+00:00
	2025-10-18	17:45	Kilmarnock	Hearts	0	3	A	0	1	A	R Hardie	7	19	2	5	16	12	4	5	2	2	0	0	4.2	3.6	1.79	4.2	3.6	1.8				4.38	3.63	1.82							4.33	3.75	1.85	4.16	3.6	1.81	1.93	1.93	1.93	1.93	1.93	1.93	1.89	1.84	0.5	2.03	1.83	2.04	1.83	2.03	1.83	1.96	1.78	4.5	3.6	1.71	4.1	3.6	1.82				4.57	3.66	1.84							4.75	3.7	1.85	4.31	3.59	1.79	2.03	1.83	1.93	1.95	2.03	1.91	1.92	1.82	0.5	2.05	1.75	2.07	1.85	2.05	1.83	1.97	1.76	scotland	SC0							4.4	3.55	1.89	1.79	1.91	2.02	1.89							4.9	3.9	1.82	2.02	1.95	2.2	1.82			4.33	3.6	1.83	4.1	3.65	1.83	4.0	3.5	1.8	4.2	3.7	1.83	4.2	3.6	1.8	4.33	3.6	1.83	4.1	3.7	1.81	4.6	3.6	1.75	4.0	3.7	1.85	4.0	3.6	1.85															2025-10-18 16:45:00+00:00	scotland:20251018T1645Z:kilmarnock:hearts:732	scotland:kilmarnock	scotland:hearts	sco.1:2025-26	sco.1:2025-26-rules-v1	121	14.114583333333334	8.0	1.4	0.8	0.0	0.3	11.699199126623125	13.418379003620469	0.1474797886579976	121	14.0	13.0	2.2	0.8	1.5	0.6	14.171290174966781	9.53940134334108	0.1408567160506743	2025-26	8.0	13.0	14.114583333333334	14.0	1.4	2.2	2025-10-18 16:44:59.999999+00:00
	2025-10-19	12:00	Dundee	Celtic	2	0	H	2	0	H	M MacDermid	10	23	2	3	6	12	2	12	2	2	0	0	10.0	6.5	1.19	10.0	6.25	1.24				11.81	6.48	1.22							12.0	6.75	1.25	10.81	6.32	1.22	1.44	2.75	1.44	2.75	1.45	2.75	1.43	2.68	1.75	1.98	1.88	1.99	1.85	2.0	1.88	1.94	1.78	12.0	7.5	1.15	11.5	7.25	1.19				14.72	7.43	1.19							15.0	7.5	1.2	13.25	7.16	1.17	1.4	3.0	1.41	2.95	1.42	3.0	1.4	2.81	2.0	2.0	1.85	1.92	1.97	2.0	1.86	1.89	1.84	scotland	SC0							12.5	6.8	1.27	1.39	2.76	1.93	1.78							18.0	9.0	1.19	1.45	3.15	2.09	1.88			12.0	6.5	1.22	11.5	6.75	1.21	11.0	6.0	1.2	11.0	6.5	1.25	10.0	6.5	1.25	15.0	7.5	1.17	13.0	7.0	1.18	15.0	7.5	1.15	12.0	7.5	1.2	12.0	7.5	1.2															2025-10-19 11:00:00+00:00	scotland:20251019T1100Z:dundee:celtic:733	scotland:dundee	scotland:celtic	sco.1:2025-26	sco.1:2025-26-rules-v1	84	13.875	4.0	0.8	2.0	-0.5	0.2	8.819876926317058	14.344500087033328	0.10170945225096084	121	13.875	11.0	1.6	0.6	1.4	0.5	17.525781403212953	6.543246397258326	0.11350396782243025	2025-26	4.0	11.0	13.875	13.875	0.8	1.6	2025-10-19 10:59:59.999999+00:00
	2025-10-25	15:00	Dundee United	St Mirren	3	1	H	1	1	D	J Beaton	13	23	5	3	7	10	4	12	1	1	0	1	2.25	3.5	2.85	2.3	3.4	2.9				2.31	3.53	2.99							2.38	3.55	3.1	2.27	3.42	2.96	1.98	1.88	1.91	1.93	1.98	1.91	1.88	1.85	-0.25	2.0	1.85	2.01	1.85	2.0	1.85	1.92	1.8	2.2	3.5	2.95	2.2	3.4	3.0				2.31	3.53	2.99							2.38	3.55	3.1	2.26	3.42	3.03	1.93	1.93	1.91	1.93	1.93	1.93	1.88	1.85	-0.25	1.98	1.88	2.01	1.85	1.98	1.88	1.91	1.81	scotland	SC0							2.36	3.35	3.1	1.97	1.9	2.06	1.84							2.38	3.45	3.4	1.99	1.95	2.03	1.94			2.38	3.4	3.1	2.23	3.55	3.05	2.25	3.3	2.9	2.3	3.5	2.9	2.3	3.5	2.9	2.38	3.4	3.1	2.25	3.55	3.0	2.25	3.4	3.1	2.25	3.5	3.1	2.25	3.5	3.0															2025-10-25 14:00:00+00:00	scotland:20251025T1400Z:dundee-united:st-mirren:734	scotland:dundee-united	scotland:st-mirren	sco.1:2025-26	sco.1:2025-26-rules-v1	84	7.0	6.0	1.6	1.6	0.0	0.2	13.4647264279377	17.498967897739586	0.12729098974026257	122	7.0	7.0	0.8	1.0	-0.2	0.2	9.802768175684877	12.418817723609077	0.07665958297379524	2025-26	6.0	7.0	7.0	7.0	1.6	0.8	2025-10-25 13:59:59.999999+00:00
	2025-10-25	15:00	Falkirk	Dundee	2	1	H	0	1	A	R Hardie	12	13	5	3	11	12	5	3	2	2	0	0	1.62	3.9	4.75	1.66	3.9	4.6				1.65	3.99	5.0							1.7	4.0	5.0	1.67	3.88	4.7	1.8	2.0	1.77	2.07	1.81	2.0	1.78	1.97	-0.75	1.88	1.98	1.85	2.01	1.88	1.98	1.83	1.89	1.81	3.7	3.8	1.83	3.8	3.8				1.65	3.99	5.0							1.91	3.9	4.1	1.86	3.68	3.88	1.8	2.0	1.77	2.07	1.8	2.0	1.76	1.97	-0.5	1.85	2.0	1.65	2.28	1.87	2.0	1.83	1.89	scotland	SC0							1.72	3.9	5.1	1.8	2.08	1.9	1.91							1.91	3.85	4.5	1.81	2.16	1.91	2.08			1.7	4.0	5.0	1.7	3.85	4.7	1.65	3.75	4.6	1.67	4.0	4.8	1.67	4.0	4.6	1.91	3.75	4.0	1.91	3.65	3.75	1.85	3.7	3.9	1.85	3.9	3.9	1.85	3.8	3.8															2025-10-25 14:00:00+00:00	scotland:20251025T1400Z:falkirk:dundee:735	scotland:falkirk	scotland:dundee	sco.1:2025-26	sco.1:2025-26-rules-v1	8	7.0	5.0	1.2	1.8	-0.5	0.125	11.884645339233693	13.386596392057111	0.13169123691186835	85	6.125	7.0	1.2	1.6	-0.3	0.3	9.034444757895773	15.918227343936358	0.11958046093260433	2025-26	5.0	7.0	7.0	6.125	1.2	1.2	2025-10-25 13:59:59.999999+00:00
	2025-10-25	15:00	Livingston	Motherwell	1	2	A	1	0	H	N Walsh	11	15	4	2	18	11	0	3	2	2	0	0	3.3	3.5	2.01	3.3	3.4	2.05				3.05	3.44	2.32							3.5	3.6	2.14	3.36	3.47	2.06	1.83	2.03	1.88	1.96	1.83	2.03	1.79	1.95	0.25	2.03	1.83	1.85	2.01	2.03	1.83	1.97	1.72	2.95	3.5	2.15	3.1	3.4	2.2				3.05	3.44	2.32							3.35	3.55	2.3	3.1	3.45	2.2	1.83	2.03	1.88	1.96	1.83	2.03	1.79	1.95	0.25	1.88	1.98	1.85	2.01	1.97	1.98	1.88	1.8	scotland	SC0							3.6	3.55	2.14	1.83	1.98	2.09	1.85							3.3	3.65	2.34	1.86	2.12	1.96	2.02			3.5	3.6	2.1	3.35	3.55	2.06	3.25	3.4	2.05	3.4	3.5	2.1	3.4	3.5	2.05	3.1	3.5	2.3	3.35	3.55	2.06	3.0	3.5	2.25	3.1	3.5	2.2	3.1	3.5	2.2															2025-10-25 14:00:00+00:00	scotland:20251025T1400Z:livingston:motherwell:736	scotland:livingston	scotland:motherwell	sco.1:2025-26	sco.1:2025-26-rules-v1	85	7.0	2.0	0.8	2.0	-0.8	0.1	8.051127380709737	16.36910770477269	0.11314903864986353	122	7.0	5.0	1.6	1.6	0.3	0.3	12.103335290159816	11.60371295164125	0.15819601396535016	2025-26	2.0	5.0	7.0	7.0	0.8	1.6	2025-10-25 13:59:59.999999+00:00
	2025-10-26	12:00	Hearts	Celtic	3	1	H	1	1	D	S McLean	12	8	7	2	11	10	5	9	4	1	0	0	3.25	3.6	2.05	3.2	3.5	2.1				3.19	3.7	2.14							3.4	3.7	2.15	3.19	3.58	2.1	1.73	2.1	1.78	2.06	1.8	2.1	1.72	2.03	0.25	1.98	1.88	1.97	1.88	1.98	1.88	1.92	1.76	3.05	3.6	2.1	3.0	3.6	2.15				3.19	3.7	2.14							3.14	3.75	2.24	3.06	3.59	2.16	1.73	2.1	1.78	2.06	1.73	2.15	1.67	2.11	0.25	1.93	1.93	1.97	1.88	1.93	1.93	1.86	1.82	scotland	SC0							3.3	3.85	2.22	1.67	1.37	2.02	1.93							3.25	3.75	2.3	1.77	2.24	1.97	2.01			3.4	3.6	2.15	3.2	3.7	2.08	3.13	3.5	2.05	3.2	3.6	2.15	3.2	3.6	2.1	3.1	3.6	2.2	3.0	3.75	2.18	3.1	3.6	2.15	3.1	3.7	2.2	3.0	3.6	2.15															2025-10-26 12:00:00+00:00	scotland:20251026T1200Z:hearts:celtic:737	scotland:hearts	scotland:celtic	sco.1:2025-26	sco.1:2025-26-rules-v1	122	7.802083333333333	15.0	2.2	0.2	1.5	0.6	15.049237415881912	9.077692008188157	0.14395453801275265	122	7.041666666666667	8.0	1.0	1.0	1.0	0.5	18.52109387535605	7.171747052302266	0.09286688276380656	2025-26	15.0	8.0	7.802083333333333	7.041666666666667	2.2	1.0	2025-10-26 11:59:59.999999+00:00
	2025-10-26	14:30	Aberdeen	Hibernian	1	2	A	0	1	A	D Robertson	16	19	5	6	13	11	6	3	0	2	0	0	2.5	3.5	2.55	2.5	3.3	2.7				2.6	3.23	2.82							2.7	3.5	2.75	2.56	3.32	2.65	1.93	1.93	1.95	1.88	1.93	1.93	1.87	1.86	0.0	1.93	1.93	1.85	2.01	1.95	1.93	1.87	1.86	2.55	3.5	2.5	2.6	3.3	2.55				2.6	3.23	2.82							2.8	3.5	2.6	2.67	3.35	2.53	1.85	2.0	1.95	1.88	1.91	2.0	1.85	1.88	0.0	1.95	1.9	1.85	2.01	1.95	1.9	1.91	1.82	scotland	SC0							2.76	3.45	2.46	1.05	1.25	2.0	1.86							2.8	3.5	2.74	1.94	2.02	2.01	1.96			2.63	3.4	2.75	2.45	3.45	2.75	2.55	3.3	2.55	2.5	3.4	2.75	2.5	3.3	2.7	2.8	3.4	2.6	2.65	3.5	2.5	2.63	3.4	2.55	2.62	3.4	2.6	2.62	3.3	2.6															2025-10-26 14:30:00+00:00	scotland:20251026T1430Z:aberdeen:hibernian:738	scotland:aberdeen	scotland:hibernian	sco.1:2025-26	sco.1:2025-26-rules-v1	122	8.020833333333334	7.0	1.0	0.8	-0.9	0.3	14.42878668560354	11.768016010121592	0.05334369645837154	122	8.020833333333334	6.0	1.8	1.2	0.4	0.2	13.897724903546402	12.01796355182542	0.10891127338898579	2025-26	7.0	6.0	8.020833333333334	8.020833333333334	1.0	1.8	2025-10-26 14:29:59.999999+00:00
	2025-10-26	15:00	Rangers	Kilmarnock	3	1	H	1	1	D	K Clancy	13	7	6	3	9	13	9	2	1	2	0	0	1.3	5.5	7.5	1.34	5.0	8.0				1.34	5.35	7.98							1.35	5.5	9.0	1.32	5.22	8.21	1.57	2.38	1.56	2.43	1.57	2.5	1.54	2.37	-1.5	2.0	1.85	1.98	1.87	2.0	1.92	1.88	1.84	1.3	5.5	8.0	1.33	5.25	8.25				1.34	5.35	7.98							1.33	5.6	10.0	1.31	5.33	8.73	1.53	2.5	1.56	2.43	1.58	2.5	1.53	2.39	-1.5	1.9	1.95	1.98	1.87	1.91	1.95	1.86	1.86	scotland	SC0							1.36	5.3	9.0	1.56	2.5	1.82	1.71							1.33	6.2	10.5	1.58	2.66	1.91	2.07			1.33	5.5	9.0	1.3	5.5	9.0	1.3	5.0	8.5	1.35	5.25	8.0	1.35	5.25	8.0	1.33	5.5	9.5	1.33	5.2	8.0	1.3	5.5	9.0	1.33	5.25	8.5	1.33	5.25	8.5															2025-10-26 15:00:00+00:00	scotland:20251026T1500Z:rangers:kilmarnock:739	scotland:rangers	scotland:kilmarnock	sco.1:2025-26	sco.1:2025-26-rules-v1	122	8.041666666666666	6.0	1.0	1.2	0.1	0.1	16.69938085529957	10.650742697105628	0.08001317679728477	122	7.927083333333333	7.0	1.4	1.4	-0.4	0.3	10.84479928541892	14.433219184780384	0.12066528162927076	2025-26	6.0	7.0	8.041666666666666	7.927083333333333	1.0	1.4	2025-10-26 14:59:59.999999+00:00
	2025-10-29	19:45	Celtic	Falkirk	4	0	H	2	0	H	R Lee	26	8	11	4	14	12	6	3	1	2	0	0	1.13	8.0	13.0	1.16	7.75	15.0													1.18	8.5	17.0	1.15	7.66	14.47	1.33	3.4			1.37	3.4	1.33	3.14	-2.25	1.98	1.88			1.98	1.88	1.94	1.78	1.13	8.0	12.0	1.18	7.25	13.5													1.21	8.5	16.5	1.17	7.45	13.13	1.3	3.5			1.33	3.5	1.31	3.25	-2.0	1.7	2.1			1.85	2.1	1.76	1.98	scotland	SC0							1.19	8.6	17.5	1.36	3.4	1.99	1.87							1.19	9.4	18.0	1.35	3.75	1.79	2.16			1.17	8.0	17.0	1.18	7.5	13.0	1.13	7.5	15.0	1.17	8.0	15.0	1.17	8.0	15.0	1.18	8.0	15.0	1.21	7.0	11.5	1.14	8.0	15.0	1.18	7.5	13.0	1.18	7.5	13.0															2025-10-29 19:45:00+00:00	scotland:20251029T1945Z:celtic:falkirk:740	scotland:celtic	scotland:falkirk	sco.1:2025-26	sco.1:2025-26-rules-v1	123	3.3229166666666665	7.0	1.2	1.6	0.4	0.5	16.608167716200406	8.049611224610945	0.09870926771584174	9	4.239583333333333	8.0	1.4	1.6	-0.3333333333333333	0.1111111111111111	11.905618913918476	13.316306138955817	0.1380504059581953	2025-26	7.0	8.0	3.3229166666666665	4.239583333333333	1.2	1.4	2025-10-29 19:44:59.999999+00:00
	2025-10-29	19:45	Hibernian	Rangers	0	1	A	0	1	A	J Beaton	7	7	4	3	14	16	5	4	2	3	0	0	2.75	3.7	2.25	2.8	3.5	2.3													3.0	3.7	2.38	2.82	3.56	2.29	1.73	2.1			1.73	2.17	1.69	2.09	0.25	1.8	2.05			1.83	2.05	1.79	1.89	2.65	3.5	2.45	2.6	3.6	2.45													2.88	3.7	2.6	2.66	3.55	2.44	1.73	2.1			1.73	2.16	1.68	2.1	0.0	2.0	1.85			2.0	1.85	1.92	1.81	scotland	SC0							3.05	3.7	2.42	1.77	2.14	1.89	2.09							2.88	3.75	2.54	1.79	2.22	2.11	1.88			3.0	3.5	2.38	2.9	3.7	2.2	2.75	3.4	2.3	2.8	3.6	2.37	2.8	3.6	2.3	2.88	3.5	2.5	2.7	3.7	2.35	2.7	3.5	2.45	2.62	3.7	2.45	2.62	3.6	2.45															2025-10-29 19:45:00+00:00	scotland:20251029T1945Z:hibernian:rangers:741	scotland:hibernian	scotland:rangers	sco.1:2025-26	sco.1:2025-26-rules-v1	123	3.21875	8.0	1.6	0.8	0.5	0.2	14.825411284719783	12.741970178766252	0.1082479796627587	123	3.1979166666666665	8.0	1.6	1.4	0.1	0.1	16.026766154336013	9.986971297631877	0.10742336842854769	2025-26	8.0	8.0	3.21875	3.1979166666666665	1.6	1.6	2025-10-29 19:44:59.999999+00:00
	2025-10-29	19:45	Kilmarnock	Aberdeen	0	1	A	0	1	A	D Nicolson	14	6	4	3	12	17	7	2	4	6	0	0	2.65	3.3	2.5	2.7	3.3	2.5													2.85	3.4	2.6	2.73	3.33	2.48	2.03	1.83			2.03	1.83	1.95	1.79	0.0	1.98	1.88			1.98	1.88	1.92	1.81	2.57	3.3	2.5	2.65	3.4	2.5													2.8	3.4	2.63	2.68	3.31	2.55	2.0	1.85			2.0	1.85	1.95	1.79	0.0	1.98	1.88			1.98	1.88	1.91	1.82	scotland	SC0							2.82	3.4	2.76	1.67	1.65	2.01	1.98							2.84	3.5	2.74	2.04	1.92	2.02	1.97			2.8	3.4	2.6	2.85	3.4	2.38	2.63	3.25	2.5	2.75	3.4	2.5	2.7	3.4	2.5	2.8	3.3	2.63	2.63	3.4	2.6	2.63	3.3	2.6	2.7	3.4	2.5	2.7	3.4	2.5															2025-10-29 19:45:00+00:00	scotland:20251029T1945Z:kilmarnock:aberdeen:742	scotland:kilmarnock	scotland:aberdeen	sco.1:2025-26	sco.1:2025-26-rules-v1	123	3.1979166666666665	6.0	1.2	1.6	-0.3	0.3	10.145744869888208	14.172633878456677	0.12470016548888385	123	3.21875	6.0	1.2	1.2	-0.6	0.3	14.714461833675625	13.082922190099485	0.0550084789204858	2025-26	6.0	6.0	3.1979166666666665	3.21875	1.2	1.2	2025-10-29 19:44:59.999999+00:00
	2025-10-29	19:45	Motherwell	Dundee United	2	0	H	1	0	H	C Graham	10	9	5	1	9	21	4	2	1	2	0	0	1.91	3.8	3.4	2.0	3.6	3.3													2.15	3.8	3.6	2.0	3.54	3.38	1.8	2.0			1.81	2.05	1.76	1.99	-0.25	1.75	2.05			1.83	2.05	1.75	1.97	1.96	4.0	3.25	2.05	3.7	3.2													2.08	4.0	3.5	2.02	3.64	3.29	1.62	2.3			1.67	2.3	1.64	2.17	-0.5	2.03	1.83			2.03	1.83	1.98	1.75	scotland	SC0							2.06	3.7	3.65	1.64	2.14	1.79	2.14							2.1	3.9	3.7	1.75	2.28	2.1	1.89			2.05	3.6	3.6	2.15	3.55	3.15	1.95	3.5	3.4	1.95	3.4	3.2	1.95	3.4	3.2	2.05	3.75	3.5	2.08	3.7	3.15	2.0	3.7	3.4	2.0	3.5	3.0	2.0	3.5	3.0															2025-10-29 19:45:00+00:00	scotland:20251029T1945Z:motherwell:dundee-united:743	scotland:motherwell	scotland:dundee-united	sco.1:2025-26	sco.1:2025-26-rules-v1	123	4.239583333333333	7.0	1.6	1.4	0.1	0.2	12.630001601039847	11.493946960433748	0.15367552657771072	85	4.239583333333333	8.0	1.6	1.2	0.4	0.2	13.380230713767208	18.499155552696024	0.14610521538189314	2025-26	7.0	8.0	4.239583333333333	4.239583333333333	1.6	1.6	2025-10-29 19:44:59.999999+00:00
	2025-10-29	19:45	St Mirren	Hearts	2	2	D	1	1	D	M MacDermid	12	20	6	8	9	11	6	7	2	2	0	0	4.1	3.6	1.79	4.0	3.6	1.82													4.33	3.75	1.88	4.03	3.6	1.83	1.95	1.9			1.95	1.91	1.89	1.84	0.5	2.0	1.85			2.0	1.85	1.91	1.8	3.7	3.5	1.91	3.5	3.5	1.98													3.9	3.65	2.0	3.72	3.53	1.94	1.88	1.98			1.93	1.98	1.85	1.88	0.5	1.85	2.0			1.9	2.0	1.83	1.89	scotland	SC0							4.4	3.85	1.87	1.98	1.92	2.13	1.87							4.2	3.7	2.0	1.95	2.02	1.97	2.0			4.33	3.6	1.83	3.85	3.65	1.88	4.1	3.4	1.8	4.2	3.7	1.85	4.0	3.7	1.83	3.75	3.6	2.0	3.9	3.65	1.87	3.7	3.5	1.95	3.6	3.6	2.0	3.6	3.5	2.0															2025-10-29 19:45:00+00:00	scotland:20251029T1945Z:st-mirren:hearts:744	scotland:st-mirren	scotland:hearts	sco.1:2025-26	sco.1:2025-26-rules-v1	123	4.239583333333333	6.0	0.8	1.4	-0.4	0.2	12.202264871014899	12.524487228407425	0.07062661531848069	123	3.3229166666666665	15.0	2.4	0.2	1.6	0.6	14.49483061299429	8.8817480066994	0.1632355311013431	2025-26	6.0	15.0	4.239583333333333	3.3229166666666665	0.8	2.4	2025-10-29 19:44:59.999999+00:00
	2025-11-01	15:00	Falkirk	Kilmarnock	3	1	H	3	0	H	D Dickinson	12	9	7	5	15	14	2	6	0	1	0	0	2.01	3.6	3.25	2.05	3.6	3.2													2.1	3.65	3.6	2.04	3.57	3.32	1.83	2.03			1.83	2.03	1.77	1.97	-0.5	2.05	1.75			2.05	1.83	1.99	1.74	2.01	3.6	3.3	2.05	3.4	3.4													2.16	3.6	3.7	2.03	3.51	3.43	1.85	2.0			1.85	2.0	1.8	1.94	-0.25	1.83	2.03			1.83	2.03	1.72	2.01	scotland	SC0							2.2	3.5	3.5	1.87	1.99	2.2	1.79							2.14	3.65	3.7	1.85	2.16	1.86	2.13			2.1	3.6	3.5	2.0	3.65	3.45	2.0	3.5	3.2	2.1	3.6	3.25	2.1	3.6	3.25	2.15	3.5	3.5	1.98	3.6	3.45	2.0	3.5	3.5	2.05	3.5	3.5	2.05	3.5	3.4															2025-11-01 15:00:00+00:00	scotland:20251101T1500Z:falkirk:kilmarnock:745	scotland:falkirk	scotland:kilmarnock	sco.1:2025-26	sco.1:2025-26-rules-v1	10	2.8020833333333335	7.0	1.0	2.0	-0.7	0.1	11.195506384115117	15.622432295509302	0.11295033214761432	124	2.8020833333333335	6.0	1.0	1.4	-0.3	0.3	10.846518529908533	12.686700446010008	0.1020274081272686	2025-26	7.0	6.0	2.8020833333333335	2.8020833333333335	1.0	1.0	2025-11-01 14:59:59.999999+00:00
	2025-11-01	15:00	Hearts	Dundee	4	0	H	2	0	H	K Clancy	17	5	10	0	8	17	6	2	0	2	0	0	1.25	5.25	10.0	1.29	5.5	9.0													1.3	6.0	11.0	1.27	5.46	9.81	1.57	2.38			1.6	2.38	1.57	2.29	-1.5	1.83	2.03			1.85	2.03	1.79	1.93	1.22	5.25	12.0	1.26	5.75	11.0													1.26	6.0	13.0	1.24	5.73	11.28	1.62	2.3			1.62	2.3	1.61	2.22	-1.75	1.98	1.88			1.98	1.88	1.9	1.81	scotland	SC0							1.29	5.8	11.5	1.61	2.44	1.84	2.04							1.26	6.4	16.5	1.66	2.4	2.03	1.96			1.29	6.0	11.0	1.28	5.4	10.0	1.25	5.25	10.0	1.3	5.75	9.5	1.3	5.5	9.0	1.25	6.0	13.0	1.25	5.8	11.0	1.22	6.0	12.0	1.25	5.75	11.0	1.25	5.75	11.0															2025-11-01 15:00:00+00:00	scotland:20251101T1500Z:hearts:dundee:746	scotland:hearts	scotland:dundee	sco.1:2025-26	sco.1:2025-26-rules-v1	124	2.8020833333333335	13.0	2.4	0.6	1.5	0.5	15.495770501540783	9.448702914572236	0.1517381618101898	86	7.041666666666667	6.0	1.2	1.8	-0.6	0.2	9.755454801914723	15.205822372311564	0.11182457293087206	2025-26	13.0	6.0	2.8020833333333335	7.041666666666667	2.4	1.2	2025-11-01 14:59:59.999999+00:00
	2025-11-01	15:00	Livingston	Hibernian	2	2	D	1	1	D	C Scott	10	7	5	5	16	13	6	1	2	1	0	0	3.8	3.6	1.86	3.6	3.7	1.9													4.0	3.75	2.0	3.71	3.58	1.92	1.83	2.03			1.84	2.03	1.8	1.94	0.5	1.93	1.93			1.93	1.95	1.83	1.88	3.8	3.6	1.86	3.5	3.5	1.98													3.8	3.6	2.12	3.51	3.5	2.01	1.83	2.03			1.84	2.03	1.81	1.94	0.5	1.93	1.93			1.93	2.05	1.78	1.95	scotland	SC0							4.1	3.65	1.94	1.81	2.02	1.96	1.94							3.8	3.7	2.1	1.9	2.06	1.89	2.11			4.0	3.6	1.95	3.55	3.6	2.0	3.7	3.5	1.87	3.7	3.75	1.91	3.7	3.7	1.91	3.5	3.6	2.0	3.55	3.6	1.98	3.5	3.6	2.0	3.5	3.6	2.0	3.5	3.6	2.0															2025-11-01 15:00:00+00:00	scotland:20251101T1500Z:livingston:hibernian:747	scotland:livingston	scotland:hibernian	sco.1:2025-26	sco.1:2025-26-rules-v1	86	7.041666666666667	1.0	1.0	2.4	-0.9	0.1	8.58728603876251	16.120179031177656	0.10910541178790487	124	2.8020833333333335	7.0	1.2	0.6	0.4	0.2	13.40260923295255	11.697975600808752	0.08856652881498439	2025-26	1.0	7.0	7.041666666666667	2.8020833333333335	1.0	1.2	2025-11-01 14:59:59.999999+00:00
	2025-11-08	15:00	Falkirk	Livingston	1	1	D	1	0	H	G Irvine	12	11	2	5	19	14	6	1	3	2	0	0	1.81	3.6	4.1	1.87	3.75	3.7													1.95	3.8	4.1	1.87	3.64	3.83	1.73	2.1			1.78	2.1	1.73	2.03	-0.5	1.88	1.98			1.91	1.98	1.84	1.88	1.96	3.4	3.7	1.95	3.6	3.5													2.05	3.7	3.8	1.96	3.55	3.63	1.8	2.0			1.8	2.0	1.76	1.98	-0.5	2.03	1.83			2.03	1.85	1.9	1.82	scotland	SC0							1.94	3.7	4.1	1.8	2.08	1.94	2.01							2.06	3.7	3.95	1.8	2.16	2.06	1.92			1.91	3.75	4.0	1.95	3.65	3.65	1.83	3.6	3.75	1.91	3.8	3.8	1.85	3.8	3.75	2.05	3.6	3.6	1.91	3.65	3.8	1.95	3.6	3.6	2.0	3.7	3.6	1.95	3.6	3.5															2025-11-08 15:00:00+00:00	scotland:20251108T1500Z:falkirk:livingston:748	scotland:falkirk	scotland:livingston	sco.1:2025-26	sco.1:2025-26-rules-v1	11	7.0	10.0	1.6	1.6	-0.5	0.1	11.34177795063964	14.418353696325791	0.1378684535753208	87	7.0	2.0	1.0	2.2	-0.9	0.1	8.844143122623873	14.461964661872628	0.12563170055374034	2025-26	10.0	2.0	7.0	7.0	1.6	1.0	2025-11-08 14:59:59.999999+00:00
	2025-11-08	17:45	St Mirren	Hibernian	0	3	A	0	1	A	D Dickinson	9	15	4	5	13	12	5	6	4	1	0	0	2.7	3.25	2.5	2.65	3.4	2.5													2.8	3.55	2.6	2.68	3.34	2.52	1.98	1.88			1.98	1.98	1.88	1.86	0.0	2.0	1.85			2.0	1.85	1.93	1.8	2.65	3.25	2.57	2.55	3.4	2.6													2.75	3.4	2.63	2.66	3.31	2.57	1.95	1.9			1.95	1.91	1.89	1.85	0.0	1.93	1.93			1.95	1.93	1.9	1.84	scotland	SC0							2.8	3.25	2.64	1.97	1.86	2.0	1.9							2.84	3.5	2.72	1.96	1.99	2.04	1.94			2.8	3.4	2.6	2.6	3.55	2.5	2.63	3.3	2.5	2.7	3.4	2.5	2.7	3.4	2.5	2.75	3.3	2.63	2.7	3.35	2.55	2.63	3.4	2.55	2.6	3.4	2.62	2.6	3.4	2.6															2025-11-08 17:45:00+00:00	scotland:20251108T1745Z:st-mirren:hibernian:749	scotland:st-mirren	scotland:hibernian	sco.1:2025-26	sco.1:2025-26-rules-v1	124	9.916666666666666	4.0	0.8	1.6	-0.4	0.2	12.16548943992128	13.883671368696984	0.08808844283633269	125	7.114583333333333	7.0	1.6	1.0	0.3	0.2	12.238498463324813	11.38925276429807	0.12441157552394827	2025-26	4.0	7.0	9.916666666666666	7.114583333333333	0.8	1.6	2025-11-08 17:44:59.999999+00:00
	2025-11-09	15:00	Aberdeen	Motherwell	1	1	D	0	0	D	S McLean	6	10	2	3	15	12	4	6	3	1	0	0	2.2	3.8	2.75	2.25	3.5	2.9													2.3	3.8	3.1	2.25	3.58	2.89	1.8	2.0			1.8	2.05	1.75	2.0	-0.25	2.0	1.85			2.0	1.85	1.92	1.8	2.35	3.75	2.57	2.35	3.4	2.8													2.45	3.75	3.0	2.35	3.49	2.82	1.8	2.0			1.8	2.0	1.77	1.97	-0.25	2.08	1.73			2.08	1.82	1.98	1.75	scotland	SC0							2.32	3.7	3.0	1.65	2.1									2.54	3.6	2.98	1.82	2.16	2.19	1.82			2.3	3.6	3.1	2.23	3.6	2.95	2.25	3.4	2.88	2.3	3.5	2.9	2.3	3.5	2.9	2.4	3.5	3.0	2.23	3.6	2.95	2.45	3.4	2.75	2.37	3.5	2.8	2.37	3.5	2.8															2025-11-09 15:00:00+00:00	scotland:20251109T1500Z:aberdeen:motherwell:750	scotland:aberdeen	scotland:motherwell	sco.1:2025-26	sco.1:2025-26-rules-v1	124	10.802083333333334	9.0	1.4	0.8	-0.4	0.4	13.130014227552781	13.249663610081395	0.07530996760160959	124	10.802083333333334	9.0	1.8	1.2	0.3	0.3	12.151819491759875	11.040502058536703	0.16209815810903605	2025-26	9.0	9.0	10.802083333333334	10.802083333333334	1.4	1.8	2025-11-09 14:59:59.999999+00:00
	2025-11-09	15:00	Dundee	Rangers	0	3	A	0	2	A	M MacDermid	10	15	5	10	11	11	4	6	0	1	0	0	7.0	4.33	1.41	6.5	4.6	1.44													7.5	4.75	1.46	6.57	4.48	1.44	1.67	2.2			1.75	2.25	1.66	2.14	1.25	1.88	1.98			1.88	1.98	1.78	1.94	7.0	4.5	1.41	6.5	4.6	1.43													7.5	4.8	1.44	6.86	4.56	1.42	1.67	2.2			1.67	2.25	1.63	2.19	1.25	1.88	1.98			1.88	1.98	1.82	1.9	scotland	SC0							7.4	4.7	1.47	1.69	2.26									8.4	5.2	1.44	1.71	2.32	1.97	1.99			7.5	4.6	1.44	6.5	4.4	1.46	6.5	4.4	1.4	6.5	4.6	1.44	6.5	4.6	1.44	7.5	4.6	1.44	6.75	4.6	1.43	7.5	4.6	1.4	6.5	4.8	1.44	6.5	4.6	1.44															2025-11-09 15:00:00+00:00	scotland:20251109T1500Z:dundee:rangers:751	scotland:dundee	scotland:rangers	sco.1:2025-26	sco.1:2025-26-rules-v1	87	8.0	3.0	0.6	2.2	-0.9	0.2	8.890826656112047	15.532036486436734	0.09149283239798622	124	10.802083333333334	11.0	1.8	1.0	0.2	0.2	14.385535944456738	9.443885607153353	0.11386587287011044	2025-26	3.0	11.0	8.0	10.802083333333334	0.6	1.8	2025-11-09 14:59:59.999999+00:00
	2025-11-09	15:00	Hearts	Dundee United	1	1	D	1	1	D	J Beaton	11	7	2	3	18	15	4	3	2	4	0	0	1.37	4.5	7.5	1.43	4.75	6.5													1.45	4.8	8.0	1.41	4.63	6.81	1.67	2.2			1.67	2.25	1.62	2.19	-1.25	1.93	1.93			1.94	1.93	1.89	1.82	1.3	5.0	8.0	1.35	5.25	7.5													1.36	5.5	8.5	1.34	5.2	7.9	1.5	2.63			1.53	2.63	1.49	2.51	-1.5	1.98	1.88			1.98	1.88	1.9	1.82	scotland	SC0							1.43	4.9	8.0	1.65	2.3									1.37	5.7	9.4	1.54	2.76	2.01	1.91			1.44	4.6	8.0	1.45	4.6	6.4	1.36	4.5	7.0	1.44	4.8	6.5	1.44	4.8	6.5	1.36	5.5	8.5	1.33	5.3	8.0	1.33	5.25	8.0	1.36	5.25	8.0	1.36	5.25	7.5															2025-11-09 15:00:00+00:00	scotland:20251109T1500Z:hearts:dundee-united:752	scotland:hearts	scotland:dundee-united	sco.1:2025-26	sco.1:2025-26-rules-v1	125	8.0	13.0	2.6	0.6	1.7	0.5	15.769266773987912	8.639847839195465	0.1669301537805296	86	10.802083333333334	5.0	1.2	1.6	0.1	0.2	12.583825129445897	16.95385454311493	0.11954063076700347	2025-26	13.0	5.0	8.0	10.802083333333334	2.6	1.2	2025-11-09 14:59:59.999999+00:00
	2025-11-09	16:00	Celtic	Kilmarnock	4	0	H	1	0	H	D Robertson	21	3	7	1	14	4	8	7	2	2	0	0	1.13	7.5	13.0	1.17	8.0	13.5													1.17	8.5	17.0	1.15	7.58	14.38	1.36	3.2			1.36	3.25	1.33	3.1	-2.25	2.05	1.8			2.05	1.95	1.88	1.84	1.11	8.0	17.0	1.15	8.25	14.5													1.15	9.0	19.5	1.14	8.03	15.94	1.4	3.0			1.41	3.15	1.38	2.89	-2.25	1.95	1.9			1.95	1.9	1.92	1.8	scotland	SC0							1.18	8.4	16.5	1.36	3.35									1.15	10.0	22.0	1.43	3.15	2.04	1.92			1.17	8.0	17.0	1.13	8.5	16.0	1.13	7.0	15.0	1.17	8.0	13.0	1.17	8.0	13.0	1.14	8.5	19.0	1.15	8.0	15.0	1.13	8.5	18.0	1.15	8.5	15.0	1.15	8.0	15.0															2025-11-09 16:00:00+00:00	scotland:20251109T1600Z:celtic:kilmarnock:753	scotland:celtic	scotland:kilmarnock	sco.1:2025-26	sco.1:2025-26-rules-v1	124	10.84375	7.0	1.6	1.4	0.8	0.6	18.31577358598215	8.04059100195441	0.10873415610317122	125	8.041666666666666	3.0	0.8	2.0	-0.5	0.3	10.51078788810698	12.561845819462732	0.10367899048796722	2025-26	7.0	3.0	10.84375	8.041666666666666	1.6	0.8	2025-11-09 15:59:59.999999+00:00
	2025-11-22	15:00	Dundee United	Falkirk	0	3	A	0	2	A	N Walsh	13	16	5	4	23	9	5	5	3	3	0	0	2.05	3.5	3.4	2.05	3.6	3.3													2.15	3.7	3.6	2.05	3.57	3.31	1.8	2.0			1.8	2.1	1.7	2.04	-0.25	1.83	2.03			1.83	2.04	1.73	1.99	1.91	3.7	3.7	1.98	3.6	3.4													2.05	3.7	3.7	1.99	3.58	3.5	1.73	2.1			1.76	2.1	1.71	2.04	-0.5	1.98	1.88			2.0	1.88	1.95	1.77	scotland	SC0							2.12	3.55	3.5	1.8	2.12	1.84	2.09							2.02	3.8	3.95	1.81	2.16	2.02	1.95			2.15	3.5	3.3	1.97	3.6	3.6	2.05	3.5	3.2	2.05	3.7	3.3	2.05	3.7	3.3	2.05	3.6	3.5	2.05	3.6	3.4	1.95	3.6	3.6	2.0	3.7	3.5	2.0	3.6	3.4															2025-11-22 15:00:00+00:00	scotland:20251122T1500Z:dundee-united:falkirk:754	scotland:dundee-united	scotland:falkirk	sco.1:2025-26	sco.1:2025-26-rules-v1	87	13.0	6.0	1.4	1.4	0.1	0.2	11.56858419681937	15.87133553527585	0.12377999660157425	12	14.0	10.0	1.6	1.6	-0.3	0.1	11.461454686886977	13.796834842448375	0.12795297716768672	2025-26	6.0	10.0	13.0	14.0	1.4	1.6	2025-11-22 14:59:59.999999+00:00
	2025-11-22	15:00	Hibernian	Dundee	2	0	H	1	0	H	S McLean	17	7	5	4	9	11	8	3	2	1	0	0	1.3	5.0	9.5	1.34	5.0	8.0													1.35	5.33	9.8	1.32	5.04	8.83	1.67	2.2			1.67	2.2	1.65	2.14	-1.5	2.0	1.85			2.0	1.85	1.91	1.8	1.37	4.5	8.0	1.36	5.0	7.75													1.38	5.1	9.0	1.35	4.87	8.25	1.73	2.1			1.73	2.2	1.66	2.12	-1.25	1.88	1.98			1.88	2.0	1.74	1.97	scotland	SC0							1.31	1.09	1.41	1.23	2.2	1.9	1.77							1.39	5.4	9.4	1.74	2.28	1.89	2.07			1.33	5.0	9.5	1.33	5.0	9.0	1.3	4.8	9.0	1.35	5.25	8.5	1.35	5.25	8.0	1.33	5.0	9.0	1.33	5.1	9.0	1.36	4.8	8.0	1.36	5.0	8.0	1.36	5.0	8.0															2025-11-22 15:00:00+00:00	scotland:20251122T1500Z:hibernian:dundee:755	scotland:hibernian	scotland:dundee	sco.1:2025-26	sco.1:2025-26-rules-v1	126	13.885416666666666	10.0	2.2	0.8	0.6	0.3	12.74058965181121	10.95484317078933	0.13815492542868493	88	13.0	3.0	0.6	2.6	-1.2	0.2	9.092494536818947	15.435302579811871	0.07485777196198873	2025-26	10.0	3.0	13.885416666666666	13.0	2.2	0.6	2025-11-22 14:59:59.999999+00:00
	2025-11-22	15:00	Kilmarnock	Motherwell	1	3	A	0	2	A	R Lee	18	12	6	5	15	12	3	3	1	5	0	0	2.95	3.4	2.2	2.85	3.4	2.3													3.0	3.5	2.42	2.91	3.31	2.35	1.95	1.9			1.95	1.91	1.87	1.85	0.25	1.83	2.03			1.83	2.03	1.74	1.92	3.5	3.4	2.01	3.2	3.4	2.15													3.5	3.4	2.2	3.32	3.35	2.13	1.95	1.9			1.95	1.91	1.86	1.86	0.25	2.03	1.83			2.03	1.83	1.9	1.75	scotland	SC0							3.1	3.15	2.28	1.81	1.25	1.85	1.96							3.75	3.5	2.2	1.95	1.99	2.11	1.88			3.0	3.3	2.38	2.9	3.3	2.35	2.88	3.3	2.3	2.9	3.5	2.37	2.87	3.4	2.37	3.4	3.4	2.15	3.2	3.35	2.18	3.4	3.4	2.1	3.25	3.4	2.2	3.2	3.4	2.15															2025-11-22 15:00:00+00:00	scotland:20251122T1500Z:kilmarnock:motherwell:756	scotland:kilmarnock	scotland:motherwell	sco.1:2025-26	sco.1:2025-26-rules-v1	126	12.958333333333334	0.0	0.4	2.8	-0.9	0.3	9.145190090269347	14.096055670469507	0.08482826494470044	125	13.0	7.0	1.6	1.4	0.3	0.3	11.76057958416717	10.124047138802755	0.15080758390739313	2025-26	0.0	7.0	12.958333333333334	13.0	0.4	1.6	2025-11-22 14:59:59.999999+00:00
	2025-11-22	15:00	Rangers	Livingston	2	1	H	1	1	D	R Hardie	9	9	2	2	12	16	2	1	2	4	0	0	1.24	5.75	10.0	1.26	5.75	10.5													1.28	6.0	11.0	1.25	5.72	10.54	1.57	2.38			1.57	2.5	1.54	2.36	-1.5	1.75	2.05			1.83	2.05	1.73	1.99	1.3	5.25	8.0	1.28	5.5	9.75													1.3	6.0	11.0	1.27	5.58	9.72	1.5	2.63			1.55	2.63	1.52	2.41	-1.5	1.9	1.95			1.9	1.98	1.78	1.93	scotland	SC0							1.28	6.6	11.0	1.57	1.24	1.28	1.01							1.3	6.4	12.0	1.55	2.7	1.9	2.07			1.25	6.0	11.0	1.25	5.75	11.0	1.22	5.5	11.0	1.28	5.75	11.0	1.28	5.75	10.0	1.29	5.5	11.0	1.25	5.75	11.0	1.3	5.5	9.0	1.28	5.75	10.0	1.28	5.75	10.0															2025-11-22 15:00:00+00:00	scotland:20251122T1500Z:rangers:livingston:757	scotland:rangers	scotland:livingston	sco.1:2025-26	sco.1:2025-26-rules-v1	125	13.0	11.0	2.0	0.8	0.5	0.3	14.49725668182824	9.544997314943652	0.12952662325736308	88	14.0	3.0	1.0	2.0	-1.1	0.1	9.236117100328624	14.01433472335033	0.11931849880016772	2025-26	11.0	3.0	13.0	14.0	2.0	1.0	2025-11-22 14:59:59.999999+00:00
	2025-11-22	20:00	St Mirren	Celtic	0	1	A	0	0	D	K Clancy	13	16	2	2	10	8	2	4	2	1	0	0	6.5	4.75	1.39	5.75	4.8	1.44													7.0	5.0	1.48	6.38	4.71	1.42	1.53	2.5			1.56	2.5	1.53	2.38	1.25	1.95	1.9			1.95	1.92	1.82	1.88	6.25	4.75	1.42	6.0	4.8	1.44													7.1	5.0	1.44	6.6	4.71	1.42	1.57	2.38			1.57	2.45	1.54	2.35	1.25	1.88	1.98			1.88	1.98	1.82	1.87	scotland	SC0							6.4	5.0	1.47	1.17	1.84	1.81	1.84							8.0	5.2	1.45	1.59	2.6	1.96	2.0			7.0	4.6	1.44	6.5	4.5	1.45	6.5	4.5	1.4	6.0	5.0	1.48	5.75	5.0	1.44	7.0	4.6	1.44	7.0	4.6	1.42	7.0	4.8	1.4	6.0	5.0	1.44	6.0	5.0	1.44															2025-11-22 20:00:00+00:00	scotland:20251122T2000Z:st-mirren:celtic:758	scotland:st-mirren	scotland:celtic	sco.1:2025-26	sco.1:2025-26-rules-v1	125	14.09375	1.0	0.6	2.2	-0.6	0.2	11.589945905390138	14.086640210752076	0.07207236232063582	125	13.166666666666666	9.0	2.4	1.4	1.1	0.6	18.803814752167213	7.12411991068997	0.12359634417099288	2025-26	1.0	9.0	14.09375	13.166666666666666	0.6	2.4	2025-11-22 19:59:59.999999+00:00
	2025-11-23	15:00	Aberdeen	Hearts	1	0	H	1	0	H	D Dickinson	6	16	2	4	20	15	6	3	3	4	0	0	4.1	3.6	1.81	3.9	3.6	1.85													4.3	3.7	1.9	3.98	3.53	1.86	1.98	1.88			1.98	1.91	1.9	1.83	0.5	1.98	1.88			1.98	1.88	1.88	1.83	3.6	3.5	2.01	3.4	3.4	2.05													3.9	3.55	2.05	3.63	3.46	1.99	1.95	1.9			1.95	1.91	1.89	1.84	0.5	1.8	2.05			1.97	2.05	1.82	1.9	scotland	SC0							4.3	3.55	1.93	1.99	1.86									3.95	3.55	2.1	2.04	1.93	1.9	2.08			4.2	3.5	1.9	3.95	3.5	1.9	3.9	3.5	1.83	4.0	3.7	1.85	3.9	3.6	1.85	3.75	3.4	2.0	3.9	3.55	1.89	3.6	3.5	2.0	3.5	3.5	2.05	3.5	3.5	2.05															2025-11-23 15:00:00+00:00	scotland:20251123T1500Z:aberdeen:hearts:759	scotland:aberdeen	scotland:hearts	sco.1:2025-26	sco.1:2025-26-rules-v1	125	14.0	10.0	1.6	0.6	-0.2	0.4	11.833648004361365	12.658815680975687	0.09192027652252904	126	14.0	11.0	2.6	0.8	1.6	0.5	14.902127360535564	8.341693686614471	0.15310814234935893	2025-26	10.0	11.0	14.0	14.0	1.6	2.6	2025-11-23 14:59:59.999999+00:00
	2025-11-25	19:45	Motherwell	Hibernian	2	0	H	2	0	H	D Nicolson	16	2	5	1	13	17	0	2	0	1	0	1	2.65	3.4	2.45	2.6	3.4	2.5													2.75	3.6	2.63	2.63	3.42	2.52	1.83	2.03			1.83	2.03	1.79	1.94	0.0	1.98	1.88			1.98	1.88	1.91	1.82	3.05	3.4	2.15	2.87	3.4	2.35													3.2	3.4	2.37	3.02	3.37	2.27	1.88	1.98			1.88	2.0	1.82	1.91	0.25	1.9	1.95			1.9	1.95	1.81	1.84	scotland	SC0							2.8	3.5	2.64	1.84	2.14	2.04	1.92							3.2	3.65	2.38	1.91	2.04	1.92	2.07			2.75	3.3	2.5	2.6	3.35	2.63	2.63	3.5	2.5	2.62	3.5	2.6	2.6	3.5	2.5	3.1	3.4	2.25	3.0	3.35	2.3	3.13	3.4	2.2	2.9	3.4	2.37	2.9	3.4	2.37															2025-11-25 19:45:00+00:00	scotland:20251125T1945Z:motherwell:hibernian:760	scotland:motherwell	scotland:hibernian	sco.1:2025-26	sco.1:2025-26-rules-v1	126	3.1979166666666665	10.0	1.8	1.0	0.5	0.2	11.804110568864047	11.556038568111346	0.16884256865150346	127	3.1979166666666665	10.0	1.8	0.8	0.8	0.4	13.515027896936441	10.235780776100361	0.13442622240956573	2025-26	10.0	10.0	3.1979166666666665	3.1979166666666665	1.8	1.8	2025-11-25 19:44:59.999999+00:00
	2025-11-29	15:00	Dundee	St Mirren	3	1	H	2	1	H	J Beaton	8	19	4	3	6	14	1	11	0	2	0	0	3.5	3.3	2.05	3.3	3.4	2.05													3.7	3.5	2.15	3.45	3.32	2.08	2.05	1.8			2.1	1.8	2.02	1.73	0.25	2.03	1.83			2.03	22.0	1.97	3.95	3.5	3.3	2.05	3.2	3.4	2.15													3.55	3.4	2.2	3.41	3.31	2.11	2.0	1.85			2.02	1.85	1.97	1.76	0.25	2.0	1.85			2.0	1.85	1.93	1.74	scotland	SC0							3.5	3.5	2.18	2.04	1.86	2.03	1.89							3.65	3.55	2.18	2.04	1.92	2.09	1.89			3.5	3.3	2.1	3.7	3.3	2.02	3.3	3.3	2.05	3.4	3.5	2.1	3.4	3.4	2.1	3.5	3.3	2.1	3.55	3.2	2.12	3.4	3.4	2.1	3.25	3.4	2.2	3.2	3.4	2.15															2025-11-29 15:00:00+00:00	scotland:20251129T1500Z:dundee:st-mirren:761	scotland:dundee	scotland:st-mirren	sco.1:2025-26	sco.1:2025-26-rules-v1	89	7.0	3.0	0.6	2.2	-1.4	0.1	8.712040984670047	15.719793019846076	0.061247267968899864	126	6.791666666666667	1.0	0.6	2.0	-0.7	0.1	11.846319377137386	14.434523808797152	0.058968296444156576	2025-26	3.0	1.0	7.0	6.791666666666667	0.6	0.6	2025-11-29 14:59:59.999999+00:00
	2025-11-29	15:00	Motherwell	Hearts	0	0	D	0	0	D	K Clancy	9	9	5	1	4	14	3	4	2	4	0	0	3.6	3.4	2.01	3.4	3.5	2.0													3.6	3.6	2.14	3.37	3.46	2.06	1.8	2.0			1.8	2.0	1.77	1.96	0.5	1.75	2.05			1.83	2.05	1.74	1.98	3.4	3.05	2.2	3.1	3.3	2.2													3.4	3.45	2.25	3.26	3.28	2.19	2.1	1.73			2.1	1.88	1.97	1.77	0.25	1.9	1.95			1.93	1.95	1.88	1.77	scotland	SC0							3.75	3.65	2.12	1.84	2.06	1.86	2.12							3.45	3.5	2.3	2.08	1.86	1.99	1.99			3.4	3.5	2.05	3.25	3.45	2.14	3.25	3.4	2.05	3.5	3.6	2.05	3.4	3.6	2.0	3.25	3.25	2.25	3.4	3.45	2.08	3.2	3.3	2.25	3.2	3.4	2.2	3.2	3.4	2.2															2025-11-29 15:00:00+00:00	scotland:20251129T1500Z:motherwell:hearts:762	scotland:motherwell	scotland:hearts	sco.1:2025-26	sco.1:2025-26-rules-v1	127	3.8020833333333335	13.0	2.0	0.6	0.7	0.3	12.566999556343312	9.818577010272918	0.1608711925330483	127	6.0	8.0	2.0	1.0	1.5	0.5	15.101740567710916	7.915931198139113	0.1252702982858391	2025-26	13.0	8.0	3.8020833333333335	6.0	2.0	2.0	2025-11-29 14:59:59.999999+00:00
	2025-11-29	17:45	Kilmarnock	Dundee United	1	1	D	1	0	H	M MacDermid	11	11	3	3	16	15	3	3	3	2	0	0	2.57	3.4	2.5	2.65	3.4	2.45													2.8	3.5	2.65	2.66	3.34	2.52	1.98	1.88			1.98	1.91	1.92	1.81	0.0	1.98	1.88			2.0	22.0	1.92	5.18	2.32	3.3	2.82	2.4	3.3	2.8													2.55	3.4	3.05	2.42	3.28	2.85	2.0	1.8			2.1	1.8	1.99	1.75	-0.25	2.1	1.78			2.1	1.78	2.05	1.69	scotland	SC0							2.7	3.4	2.66	1.96	1.83	1.95	1.9							2.54	3.5	3.05	2.1	1.86	2.19	1.83			2.75	3.3	2.5	2.65	3.25	2.65	2.63	3.25	2.5	2.7	3.5	2.5	2.7	3.4	2.5	2.38	3.25	3.0	2.55	3.25	2.75	2.38	3.3	2.9	2.45	3.4	2.8	2.4	3.4	2.8															2025-11-29 17:45:00+00:00	scotland:20251129T1745Z:kilmarnock:dundee-united:763	scotland:kilmarnock	scotland:dundee-united	sco.1:2025-26	sco.1:2025-26-rules-v1	127	7.114583333333333	0.0	0.6	2.8	-1.1	0.2	10.755155528402193	13.714954639475051	0.0795059541466741	88	7.114583333333333	5.0	1.2	1.8	-0.1	0.2	11.828841615579483	15.894729074316604	0.10127454267401528	2025-26	0.0	5.0	7.114583333333333	7.114583333333333	0.6	1.2	2025-11-29 17:44:59.999999+00:00
	2025-11-30	12:00	Hibernian	Celtic	1	2	A	0	2	A	N Walsh	9	6	4	2	9	18	4	3	3	3	0	0	4.33	3.9	1.68	4.2	4.0	1.71													4.4	4.2	1.76	4.22	3.92	1.72	1.62	2.3			1.67	2.3	1.61	2.21	0.75	1.88	1.98			1.88	22.0	1.8	4.41	3.75	3.5	1.76	4.0	3.8	1.78													4.4	3.9	1.83	4.04	3.77	1.79	1.67	2.2			1.67	2.2	1.64	2.15	0.5	2.0	1.85			2.0	1.85	1.94	1.78	scotland	SC0							4.6	4.2	1.76	1.62	2.32	1.96	1.95							4.6	4.0	1.85	1.74	2.3	2.14	1.86			4.33	4.0	1.73	4.4	3.75	1.76	4.2	3.8	1.7	4.33	4.0	1.73	4.33	4.0	1.73	4.0	3.75	1.83	4.4	3.85	1.75	3.9	3.8	1.83	4.0	3.9	1.8	4.0	3.9	1.8															2025-11-30 12:00:00+00:00	scotland:20251130T1200Z:hibernian:celtic:764	scotland:hibernian	scotland:celtic	sco.1:2025-26	sco.1:2025-26-rules-v1	128	4.677083333333333	7.0	1.4	1.0	0.6	0.4	11.421386461129815	11.283820634991205	0.10998509106237195	126	7.666666666666667	9.0	2.0	1.0	1.0	0.6	18.294030251773172	8.192461745109975	0.11248791795808508	2025-26	7.0	9.0	4.677083333333333	7.666666666666667	1.4	2.0	2025-11-30 11:59:59.999999+00:00
	2025-11-30	14:00	Rangers	Falkirk	0	0	D	0	0	D	S McLean	14	5	4	2	11	17	4	5	0	3	0	0	1.35	5.0	7.0	1.38	5.0	7.25													1.4	5.33	8.2	1.36	4.99	7.4	1.53	2.5			1.55	2.5	1.52	2.4	-1.5	2.03	1.78			2.03	1.83	1.97	1.75	1.46	4.5	5.5	1.5	4.5	5.5													1.53	4.6	6.1	1.5	4.4	5.8	1.67	2.2			1.67	2.25	1.62	2.2	-1.0	1.85	2.0			1.85	2.0	1.77	1.95	scotland	SC0							1.41	5.2	7.8	1.52	2.58	2.04	1.8							1.53	4.8	6.8	1.7	2.34	1.89	2.07			1.36	5.0	8.0	1.37	5.0	7.5	1.33	4.8	7.5	1.4	5.0	7.5	1.36	5.0	7.5	1.5	4.33	6.0	1.48	4.4	6.1	1.5	4.33	6.0	1.5	4.6	5.75	1.5	4.5	5.75															2025-11-30 14:00:00+00:00	scotland:20251130T1400Z:rangers:falkirk:765	scotland:rangers	scotland:falkirk	sco.1:2025-26	sco.1:2025-26-rules-v1	126	7.958333333333333	13.0	2.2	0.8	0.6	0.3	13.497755466950379	9.445906894044805	0.1463803685237011	13	7.958333333333333	10.0	1.8	1.4	-0.1	0.1	12.286644743816616	13.651955780185032	0.13877970859174366	2025-26	13.0	10.0	7.958333333333333	7.958333333333333	2.2	1.8	2025-11-30 13:59:59.999999+00:00
	2025-11-30	15:00	Livingston	Aberdeen	0	1	A	0	0	D	D Robertson	15	14	3	4	12	15	7	4	1	1	0	0	2.65	3.25	2.55	2.7	3.3	2.45													2.75	3.4	2.65	2.7	3.27	2.54	1.91	1.91			2.0	1.91	1.93	1.8	0.0	1.98	1.88			1.98	22.0	1.91	5.18	2.55	3.2	2.7	2.55	3.3	2.65													2.65	3.4	2.78	2.57	3.27	2.68	1.98	1.88			2.0	1.88	1.96	1.78	0.0	1.88	1.98			1.88	1.98	1.82	1.91	scotland	SC0							2.7	3.4	2.58	1.98	1.88									2.76	3.45	2.82	2.06	1.89	1.96	2.02			2.75	3.25	2.6	2.7	3.2	2.65	2.63	3.25	2.5	2.75	3.4	2.5	2.75	3.4	2.5	2.6	3.25	2.75	2.65	3.25	2.63	2.55	3.3	2.7	2.6	3.4	2.7	2.6	3.4	2.62															2025-11-30 15:00:00+00:00	scotland:20251130T1500Z:livingston:aberdeen:766	scotland:livingston	scotland:aberdeen	sco.1:2025-26	sco.1:2025-26-rules-v1	89	8.0	2.0	1.0	2.2	-0.9	0.1	9.193186718450692	13.102637500922997	0.1178262464930665	126	7.0	10.0	1.0	0.6	0.1	0.5	10.772984730841117	13.266303738980106	0.10551052927600861	2025-26	2.0	10.0	8.0	7.0	1.0	1.0	2025-11-30 14:59:59.999999+00:00
	2025-12-03	19:45	Aberdeen	St Mirren	3	3	D	0	0	D	S McLean	18	15	8	4	11	16	8	6	0	1	0	0	2.15	3.3	3.25	2.2	3.4	3.0													2.25	3.4	3.25	2.2	3.32	3.15	1.98	1.88			2.0	1.91	1.93	1.8	-0.25	1.93	1.93			1.93	1.93	1.85	1.85	2.2	3.05	3.25	2.25	3.3	3.0													2.3	3.4	3.3	2.25	3.22	3.19	2.1	1.73			2.1	1.73	2.06	1.69	-0.25	1.98	1.88			1.98	1.88	1.88	1.82	scotland	SC0							2.24	3.4	3.35	1.97	1.9	1.93	1.96							2.36	3.4	3.45	2.22	1.8	2.01	1.95			2.25	3.3	3.2	2.2	3.3	3.25	2.15	3.3	3.1	2.25	3.4	3.1	2.25	3.4	3.1	2.3	3.2	3.2	2.23	3.25	3.25	2.3	3.1	3.3	2.3	3.4	3.1	2.25	3.4	3.1															2025-12-03 19:45:00+00:00	scotland:20251203T1945Z:aberdeen:st-mirren:767	scotland:aberdeen	scotland:st-mirren	sco.1:2025-26	sco.1:2025-26-rules-v1	127	3.1979166666666665	10.0	1.0	0.6	0.3	0.6	11.359714779779095	13.581521240983722	0.09931380966738367	127	4.197916666666667	1.0	0.8	2.4	-0.9	0.1	13.146988581294224	13.264610389015852	0.05781616599019509	2025-26	10.0	1.0	3.1979166666666665	4.197916666666667	1.0	0.8	2025-12-03 19:44:59.999999+00:00
	2025-12-03	19:45	Celtic	Dundee	1	0	H	1	0	H	D Nicolson	17	4	6	3	13	4	6	0	3	0	0	0	1.07	10.0	19.0	1.1	10.5	21.0													1.1	11.0	24.0	1.09	9.84	20.81	1.3	3.5			1.3	3.65	1.28	3.42	-2.5	1.85	2.0			1.85	2.0	1.78	1.94	1.1	9.0	15.0	1.12	9.5	16.5													1.13	10.0	20.0	1.11	8.79	17.88	1.33	3.4			1.33	3.4	1.31	3.21	-2.5	2.03	1.83			2.03	1.86	1.92	1.79	scotland	SC0							1.1	14.0	30.0	1.31	3.7	1.83	1.96							1.12	13.0	26.0	1.35	3.7	2.04	1.9			1.09	10.0	23.0	1.09	10.0	21.0	1.07	9.0	21.0	1.1	11.0	21.0	1.1	11.0	21.0	1.13	8.5	19.0	1.11	8.5	20.0	1.11	9.0	19.0	1.12	10.0	17.0	1.12	9.5	17.0															2025-12-03 19:45:00+00:00	scotland:20251203T1945Z:celtic:dundee:768	scotland:celtic	scotland:dundee	sco.1:2025-26	sco.1:2025-26-rules-v1	127	3.3229166666666665	12.0	2.4	0.8	0.8	0.5	16.058752024178048	8.339286882362707	0.15264162984449386	90	4.197916666666667	3.0	0.8	2.4	-1.0	0.1	8.58257898745731	16.31619428896497	0.1182932192472817	2025-26	12.0	3.0	3.3229166666666665	4.197916666666667	2.4	0.8	2025-12-03 19:44:59.999999+00:00
	2025-12-03	19:45	Dundee United	Rangers	2	2	D	1	1	D	D Dickinson	13	32	6	10	13	6	8	9	3	3	0	0	4.5	3.9	1.68	4.5	3.8	1.7													4.6	3.9	1.75	4.5	3.78	1.71	1.83	2.03			1.83	2.03	1.76	1.98	0.75	1.88	1.98			1.88	1.98	1.83	1.88	3.6	3.6	1.91	3.4	3.5	2.0													3.7	3.6	2.05	3.55	3.52	1.99	1.88	1.98			1.91	1.98	1.84	1.88	0.5	1.88	1.98			1.98	1.98	1.85	1.86	scotland	SC0							4.8	4.1	1.75	1.82	2.08	1.97	1.96							4.0	3.75	2.04	1.92	2.04	1.94	2.04			4.6	3.75	1.73	4.6	3.75	1.72	4.5	3.7	1.67	4.6	3.9	1.7	4.5	3.9	1.7	3.6	3.5	2.0	3.5	3.5	2.04	3.7	3.5	1.95	3.5	3.6	2.05	3.4	3.5	2.05															2025-12-03 19:45:00+00:00	scotland:20251203T1945Z:dundee-united:rangers:769	scotland:dundee-united	scotland:rangers	sco.1:2025-26	sco.1:2025-26-rules-v1	89	4.083333333333333	5.0	1.0	1.6	-0.3	0.1	11.678143140019577	15.004778333531766	0.09938991508039266	127	3.2395833333333335	13.0	1.8	0.4	0.6	0.4	13.589072654777581	8.637560186036659	0.11976575606484634	2025-26	5.0	13.0	4.083333333333333	3.2395833333333335	1.0	1.8	2025-12-03 19:44:59.999999+00:00
	2025-12-03	19:45	Falkirk	Motherwell	0	0	D	0	0	D	C Graham	14	7	1	1	13	15	6	3	2	0	0	0	2.57	3.3	2.57	2.55	3.4	2.55													2.7	3.5	2.7	2.58	3.33	2.6	1.88	1.98			1.91	1.98	1.83	1.9	0.0	1.93	1.93			1.95	1.93	1.88	1.85	3.3	3.3	2.15	3.1	3.4	2.2													3.4	3.4	2.26	3.22	3.34	2.18	1.93	1.93			1.93	1.93	1.86	1.86	0.25	1.98	1.88			1.98	1.88	1.88	1.77	scotland	SC0							2.76	3.4	2.68	1.89	1.98	1.99	1.92							3.5	3.55	2.28	1.98	2.0	2.02	1.96			2.63	3.3	2.63	2.5	3.35	2.7	2.55	3.3	2.55	2.6	3.5	2.6	2.6	3.5	2.6	3.2	3.3	2.25	3.25	3.35	2.17	3.25	3.4	2.15	3.1	3.4	2.25	3.1	3.4	2.25															2025-12-03 19:45:00+00:00	scotland:20251203T1945Z:falkirk:motherwell:770	scotland:falkirk	scotland:motherwell	sco.1:2025-26	sco.1:2025-26-rules-v1	14	3.2395833333333335	8.0	1.4	1.2	0.0	0.2	10.961800244940868	13.715236547424116	0.1135470343023357	128	4.197916666666667	11.0	1.6	0.4	0.7	0.4	11.918454182462709	9.669744826586932	0.13162188479976678	2025-26	8.0	11.0	3.2395833333333335	4.197916666666667	1.4	1.6	2025-12-03 19:44:59.999999+00:00
	2025-12-03	19:45	Hearts	Kilmarnock	1	1	D	0	0	D	J Beaton	17	11	3	5	4	11	9	1	1	2	0	0	1.35	4.33	8.5	1.35	5.0	8.0													1.38	5.1	9.5	1.34	4.81	8.39	1.8	2.0			1.8	2.08	1.73	2.03	-1.5	2.08	1.73			2.1	1.84	1.99	1.74	1.24	5.5	11.0	1.28	5.5	9.75													1.34	5.75	12.5	1.28	5.27	10.36	1.73	2.1			1.73	2.1	1.7	2.06	-1.5	1.83	2.03			1.92	2.03	1.83	1.87	scotland	SC0							1.38	4.8	10.0	1.81	2.04	2.12	1.73							1.32	5.9	13.5	1.8	2.2	1.91	2.04			1.33	5.0	9.5	1.3	5.1	9.5	1.33	4.6	8.0	1.36	5.0	8.0	1.36	5.0	8.0	1.29	5.0	11.0	1.34	4.9	9.0	1.25	5.5	12.0	1.28	5.75	10.0	1.28	5.5	10.0															2025-12-03 19:45:00+00:00	scotland:20251203T1945Z:hearts:kilmarnock:771	scotland:hearts	scotland:kilmarnock	sco.1:2025-26	sco.1:2025-26-rules-v1	128	4.197916666666667	6.0	1.4	0.8	1.4	0.6	13.992333191763477	8.113034616659274	0.10249388041568654	128	4.083333333333333	1.0	0.6	2.4	-1.1	0.2	10.79967270505634	13.221326523206859	0.08157925173984078	2025-26	6.0	1.0	4.197916666666667	4.083333333333333	1.4	0.6	2025-12-03 19:44:59.999999+00:00
	2025-12-06	15:00	Dundee	Aberdeen	1	3	A	0	2	A	G Irvine	15	21	2	8	8	13	6	4	2	1	0	0	3.4	3.25	2.1	3.2	3.4	2.15													3.6	3.4	2.2	3.37	3.29	2.12	2.1	1.73			2.1	1.75	2.04	1.71	0.25	1.98	1.88			2.0	1.88	1.94	1.73	3.4	3.3	2.1	3.2	3.3	2.2													3.6	3.4	2.2	3.41	3.25	2.15	2.0	1.8			2.1	1.8	2.0	1.74	0.25	2.0	1.85			2.0	1.85	1.94	1.73	scotland	SC0							3.5	3.25	2.2	2.14	1.8	1.99	1.88							3.75	3.35	2.22	2.12	1.87	2.07	1.89			3.4	3.25	2.15	3.6	3.25	2.08	3.25	3.25	2.1	3.25	3.4	2.2	3.25	3.4	2.15	3.4	3.25	2.15	3.6	3.3	2.08	3.4	3.3	2.15	3.2	3.4	2.2	3.2	3.4	2.2															2025-12-06 15:00:00+00:00	scotland:20251206T1500Z:dundee:aberdeen:772	scotland:dundee	scotland:aberdeen	sco.1:2025-26	sco.1:2025-26-rules-v1	91	2.8020833333333335	3.0	0.6	2.2	-1.1	0.1	7.749382807919617	16.440522600062245	0.09678536120232138	128	2.8020833333333335	11.0	1.4	0.8	0.3	0.5	12.567039365273805	13.839426469895773	0.11155978366725329	2025-26	3.0	11.0	2.8020833333333335	2.8020833333333335	0.6	1.4	2025-12-06 14:59:59.999999+00:00
	2025-12-06	15:00	Hibernian	Falkirk	3	0	H	2	0	H	M MacDermid	10	8	5	4	13	9	10	4	1	4	0	0	1.53	4.0	5.75	1.58	4.1	5.25													1.63	4.2	5.75	1.58	4.02	5.25	1.67	2.2			1.76	2.2	1.68	2.09	-1.0	2.03	1.83			2.03	1.83	1.98	1.75	1.66	3.7	5.0	1.7	3.8	4.5													1.73	4.0	5.0	1.69	3.78	4.79	1.8	2.0			1.8	2.1	1.75	1.99	-0.75	1.93	1.93			1.93	1.95	1.81	1.9	scotland	SC0							1.63	4.1	5.5	1.71	2.18	2.04	1.83							1.75	4.0	5.5	1.85	2.14	1.97	2.03			1.62	4.0	5.0	1.63	3.85	5.1	1.55	4.0	5.25	1.6	4.2	5.25	1.57	4.2	5.25	1.7	3.75	5.0	1.63	4.0	5.0	1.7	3.8	4.75	1.73	3.9	4.6	1.7	3.9	4.5															2025-12-06 15:00:00+00:00	scotland:20251206T1500Z:hibernian:falkirk:773	scotland:hibernian	scotland:falkirk	sco.1:2025-26	sco.1:2025-26-rules-v1	129	6.125	7.0	1.6	1.2	0.5	0.4	10.981134377288031	10.323125974083712	0.11018982198032451	15	2.8020833333333335	9.0	1.4	0.4	0.0	0.3	11.514200200406163	12.494284447892458	0.09290211897463829	2025-26	7.0	9.0	6.125	2.8020833333333335	1.6	1.4	2025-12-06 14:59:59.999999+00:00
	2025-12-06	15:00	Motherwell	Livingston	3	0	H	1	0	H	R Lee	14	12	7	1	9	19	4	5	2	3	0	0	1.66	3.75	4.75	1.7	3.75	4.6													1.74	3.8	4.9	1.69	3.75	4.68	1.88	1.98			1.91	1.98	1.81	1.92	-0.75	1.95	1.9			1.95	1.9	1.84	1.86	1.68	3.75	4.5	1.68	3.9	4.5													1.73	4.0	4.9	1.69	3.8	4.66	1.8	2.0			1.8	2.0	1.76	1.97	-0.75	1.98	1.88			1.98	1.88	1.85	1.85	scotland	SC0							1.75	3.8	4.9	1.87	1.97	1.95	1.89							1.73	4.1	5.4	1.84	2.16	1.94	2.03			1.73	3.75	4.6	1.67	3.8	4.9	1.67	3.7	4.6	1.73	3.8	4.8	1.7	3.75	4.6	1.73	3.75	4.6	1.67	3.8	4.9	1.7	3.8	4.6	1.7	4.0	4.6	1.7	3.9	4.6															2025-12-06 15:00:00+00:00	scotland:20251206T1500Z:motherwell:livingston:774	scotland:motherwell	scotland:livingston	sco.1:2025-26	sco.1:2025-26-rules-v1	129	2.8020833333333335	9.0	1.2	0.4	0.7	0.5	11.024189785651307	10.45706394902567	0.10769063301799099	90	6.0	2.0	1.0	1.6	-0.9	0.1	10.248970951459658	13.265794318936996	0.09640329258523622	2025-26	9.0	2.0	2.8020833333333335	6.0	1.2	1.0	2025-12-06 14:59:59.999999+00:00
	2025-12-06	15:00	St Mirren	Dundee United	2	0	H	1	0	H	N Walsh	13	13	5	3	14	5	3	2	2	2	0	0	2.1	3.5	3.2	2.15	3.3	3.2													2.24	3.5	3.4	2.16	3.39	3.2	1.93	1.93			1.93	1.93	1.87	1.85	-0.25	1.9	1.95			1.9	1.95	1.81	1.89	1.76	3.9	4.2	1.78	3.6	4.2													1.89	3.9	4.33	1.82	3.6	4.18	1.8	2.0			1.91	2.0	1.84	1.89	-0.5	1.75	2.05			1.83	2.05	1.78	1.92	scotland	SC0							2.2	3.5	3.55	2.04	1.92	1.91	2.04							1.94	3.8	4.4	1.98	1.99	1.94	2.05			2.2	3.4	3.2	2.12	3.4	3.4	2.15	3.3	3.13	2.2	3.4	3.2	2.2	3.4	3.2	1.83	3.6	4.2	1.89	3.45	4.0	1.8	3.7	4.2	1.8	3.7	4.33	1.8	3.7	4.2															2025-12-06 15:00:00+00:00	scotland:20251206T1500Z:st-mirren:dundee-united:775	scotland:st-mirren	scotland:dundee-united	sco.1:2025-26	sco.1:2025-26-rules-v1	128	2.8020833333333335	2.0	1.2	2.4	-0.9	0.1	13.483899748331638	14.125590318285697	0.08366777217379598	90	2.8020833333333335	3.0	0.8	1.8	-0.3	0.1	11.918480750925108	18.09481863652599	0.10929104940144013	2025-26	2.0	3.0	2.8020833333333335	2.8020833333333335	1.2	0.8	2025-12-06 14:59:59.999999+00:00
	2025-12-06	20:00	Kilmarnock	Rangers	0	3	A	0	1	A	K Clancy	15	11	3	6	17	11	7	2	2	2	0	0	5.25	4.0	1.56	5.0	3.9	1.61													5.9	4.1	1.62	5.28	3.97	1.59	1.85	2.0			1.85	2.0	1.78	1.95	1.0	1.75	2.05			1.83	2.05	1.76	1.96	4.33	3.9	1.68	4.2	3.8	1.73													4.9	4.0	1.75	4.54	3.86	1.69	1.73	2.1			1.78	2.1	1.73	2.03	0.75	1.93	1.93			1.93	1.93	1.88	1.82	scotland	SC0							5.5	4.3	1.66	1.8	2.08	1.81	2.12							5.2	4.0	1.76	1.79	2.24	2.0	1.96			5.5	4.0	1.6	5.6	4.1	1.57	5.25	3.9	1.55	5.25	4.0	1.61	5.25	4.0	1.61	4.5	3.75	1.73	4.9	3.85	1.66	4.6	3.9	1.7	4.33	3.9	1.75	4.4	3.9	1.73															2025-12-06 20:00:00+00:00	scotland:20251206T2000Z:kilmarnock:rangers:776	scotland:kilmarnock	scotland:rangers	sco.1:2025-26	sco.1:2025-26-rules-v1	129	3.0104166666666665	2.0	0.8	2.4	-1.0	0.2	10.83609584959155	13.908358064441973	0.08327558613424989	128	3.0104166666666665	11.0	1.6	0.6	0.6	0.3	16.936513990272566	9.43073106130272	0.10935380041669246	2025-26	2.0	11.0	3.0104166666666665	3.0104166666666665	0.8	1.6	2025-12-06 19:59:59.999999+00:00
	2025-12-07	15:00	Celtic	Hearts	1	2	A	0	1	A	D Robertson	15	8	5	3	9	11	5	3	1	3	0	0	1.53	3.8	6.0	1.57	4.0	5.5													1.6	4.2	6.0	1.55	4.02	5.59	1.8	2.0			1.8	2.05	1.74	2.0	-1.0	2.0	1.85			2.0	1.86	1.89	1.83	1.53	3.9	5.75	1.55	4.1	5.25													1.6	4.4	5.8	1.55	4.14	5.48	1.67	2.2			1.67	2.25	1.63	2.17	-1.0	1.98	1.88			2.0	1.93	1.86	1.86	scotland	SC0							1.6	4.3	6.0	1.78	2.08	2.01	1.89							1.59	4.5	6.4	1.69	2.38	1.98	1.99			1.57	4.0	5.5	1.54	4.1	5.8	1.53	3.9	5.5	1.57	4.2	5.5	1.57	4.0	5.5	1.57	4.2	5.5	1.5	4.4	5.8	1.55	4.2	5.5	1.57	4.2	5.5	1.57	4.2	5.5															2025-12-07 15:00:00+00:00	scotland:20251207T1500Z:celtic:hearts:777	scotland:celtic	scotland:hearts	sco.1:2025-26	sco.1:2025-26-rules-v1	128	3.8020833333333335	15.0	2.4	0.2	0.9	0.5	16.229888019782038	7.550325631024033	0.13558379340217946	129	3.8020833333333335	6.0	1.2	0.6	1.2	0.5	14.539181702351936	8.637937413630315	0.09455381659679166	2025-26	15.0	6.0	3.8020833333333335	3.8020833333333335	2.4	1.2	2025-12-07 14:59:59.999999+00:00
	2025-12-13	15:00	Dundee United	Motherwell	0	0	D	0	0	D	D Nicolson	9	13	1	3	19	13	1	4	3	3	0	0	2.82	3.4	2.3	2.87	3.4	2.3													3.0	3.5	2.48	2.86	3.31	2.36	1.9	1.95			1.91	1.95	1.86	1.85	0.25	1.8	2.05			1.8	2.05	1.72	1.96	2.95	3.5	2.15	2.95	3.4	2.3													3.1	3.5	2.38	3.0	3.4	2.26	1.85	2.0			1.91	2.0	1.84	1.89	0.25	1.9	1.95			1.9	1.95	1.81	1.85	scotland	SC0							3.0	3.5	2.4	1.87	1.97	1.82	2.07							3.25	3.65	2.34	1.91	2.04	1.96	2.02			3.0	3.3	2.38	2.8	3.25	2.48	2.88	3.3	2.3	2.9	3.5	2.37	2.9	3.4	2.3	3.0	3.3	2.38	3.05	3.35	2.3	3.0	3.5	2.2	3.0	3.5	2.3	3.0	3.4	2.3															2025-12-13 15:00:00+00:00	scotland:20251213T1500Z:dundee-united:motherwell:778	scotland:dundee-united	scotland:motherwell	sco.1:2025-26	sco.1:2025-26-rules-v1	91	7.0	3.0	0.8	1.8	-0.7	0.0	12.11512061439327	17.168487975339445	0.08941994951026919	130	7.0	11.0	1.6	0.2	0.8	0.5	11.56524618826016	10.737597776475548	0.12707155688484978	2025-26	3.0	11.0	7.0	7.0	0.8	1.6	2025-12-13 14:59:59.999999+00:00
	2025-12-13	15:00	Livingston	Dundee	2	2	D	0	2	A	D McFarlane	15	6	6	3	23	13	7	0	2	2	1	0	1.81	3.6	4.1	1.88	3.5	3.9													1.95	3.6	4.3	1.88	3.48	3.97	1.93	1.93			2.0	1.93	1.91	1.82	-0.5	1.88	1.98			1.88	1.98	1.83	1.87	1.76	3.5	4.33	1.83	3.6	4.0													1.85	3.7	4.4	1.81	3.55	4.23	1.98	1.88			1.98	1.91	1.9	1.82	-0.5	1.83	2.03			1.85	2.03	1.77	1.94	scotland	SC0							1.97	3.65	4.2	1.92	1.92	1.97	2.01							1.89	3.8	4.7	2.0	1.96	1.9	2.08			1.9	3.5	4.0	1.95	3.35	3.9	1.83	3.5	3.9	1.91	3.5	4.0	1.91	3.5	4.0	1.83	3.5	4.33	1.8	3.55	4.4	1.8	3.6	4.33	1.85	3.7	4.0	1.85	3.7	4.0															2025-12-13 15:00:00+00:00	scotland:20251213T1500Z:livingston:dundee:779	scotland:livingston	scotland:dundee	sco.1:2025-26	sco.1:2025-26-rules-v1	91	7.0	2.0	0.8	1.8	-1.2	0.0	10.567339869376083	13.39928626094845	0.07887542120610236	92	7.0	3.0	0.8	2.0	-1.4	0.1	9.067676842843323	17.269518490960017	0.09130923492311142	2025-26	2.0	3.0	7.0	7.0	0.8	0.8	2025-12-13 14:59:59.999999+00:00
	2025-12-13	20:00	Falkirk	Hearts	0	2	A	0	1	A	C Scott	6	13	1	5	11	9	3	7	2	2	0	0	4.33	3.6	1.76	4.1	3.6	1.8													4.35	3.7	1.85	4.17	3.56	1.81	1.91	1.91			1.91	1.91	1.85	1.87	0.5	2.03	1.83			2.03	1.83	1.94	1.78	4.5	3.6	1.71	3.9	3.6	1.85													4.5	3.7	1.85	4.2	3.61	1.8	1.8	2.0			1.91	2.0	1.81	1.91	0.5	2.05	1.75			2.05	1.83	1.93	1.78	scotland	SC0							4.4	3.65	1.86	1.87	1.96	2.08	1.86							4.7	3.95	1.84	1.91	2.08	2.13	1.86			4.2	3.6	1.83	4.1	3.55	1.85	4.1	3.5	1.8	4.2	3.7	1.83	4.2	3.7	1.83	4.2	3.6	1.8	4.4	3.6	1.79	4.2	3.7	1.8	4.0	3.7	1.85	3.9	3.7	1.85															2025-12-13 20:00:00+00:00	scotland:20251213T2000Z:falkirk:hearts:780	scotland:falkirk	scotland:hearts	sco.1:2025-26	sco.1:2025-26-rules-v1	16	7.208333333333333	6.0	0.8	0.8	0.0	0.3	10.875254709423224	12.040778184639283	0.07601082461561315	130	6.208333333333333	6.0	0.8	0.8	1.0	0.4	13.350239574651583	9.79467606569753	0.12281675903373862	2025-26	6.0	6.0	7.208333333333333	6.208333333333333	0.8	0.8	2025-12-13 19:59:59.999999+00:00
	2025-12-14	15:00	Aberdeen	Kilmarnock	2	1	H	0	1	A	R Hardie	21	8	8	5	10	14	9	3	2	5	0	0	1.71	3.5	4.75	1.77	3.5	4.4													1.8	3.6	4.9	1.76	3.53	4.5	1.93	1.93			2.0	1.93	1.9	1.82	-0.75	2.0	1.85			2.0	1.85	1.94	1.76	1.61	3.6	5.25	1.68	3.75	4.8													1.8	3.8	5.4	1.68	3.69	4.93	1.98	1.88			1.98	1.91	1.89	1.84	-0.75	1.85	2.0			1.86	2.0	1.83	1.88	scotland	SC0							1.8	3.7	4.6	1.9	1.9									1.71	4.0	5.8	2.0	1.96	1.91	2.07			1.8	3.6	4.5	1.79	3.5	4.5	1.73	3.5	4.4	1.8	3.6	4.5	1.8	3.6	4.5	1.67	3.75	5.0	1.71	3.7	4.8	1.65	3.75	5.25	1.7	3.8	5.0	1.7	3.75	4.8															2025-12-14 15:00:00+00:00	scotland:20251214T1500Z:aberdeen:kilmarnock:781	scotland:aberdeen	scotland:kilmarnock	sco.1:2025-26	sco.1:2025-26-rules-v1	129	8.0	11.0	1.8	1.0	0.7	0.5	14.100304935224022	14.050439839005634	0.11725021261086957	130	7.791666666666667	2.0	0.6	2.4	-1.5	0.1	11.593169331483995	13.379565689088887	0.06813457047347718	2025-26	11.0	2.0	8.0	7.791666666666667	1.8	0.6	2025-12-14 14:59:59.999999+00:00
	2025-12-15	19:45	Rangers	Hibernian	1	0	H	1	0	H	D Robertson	19	8	8	3	17	14	5	5	1	3	0	0	1.81	3.6	4.0	1.85	3.6	3.9													1.9	3.7	4.2	1.85	3.57	3.94	1.85	2.0			1.88	2.0	1.81	1.91	-0.5	1.88	1.98			1.88	1.98	1.82	1.89	2.01	3.4	3.4	2.0	3.5	3.5													2.1	3.6	3.6	2.02	3.45	3.47	1.95	1.9			1.95	1.98	1.83	1.89	-0.25	1.8	2.05			1.8	2.05	1.72	2.01	scotland	SC0							1.89	3.65	4.2	1.7	1.98	1.89	1.99							2.12	3.6	3.85	2.0	1.96	1.84	2.17			1.9	3.6	4.0	1.9	3.5	3.9	1.83	3.5	3.9	1.85	3.7	4.0	1.85	3.7	3.9	2.0	3.25	3.3	1.98	3.6	3.55	2.05	3.5	3.5	2.05	3.5	3.5	2.05	3.5	3.5															2025-12-15 19:45:00+00:00	scotland:20251215T1945Z:rangers:hibernian:782	scotland:rangers	scotland:hibernian	sco.1:2025-26	sco.1:2025-26-rules-v1	129	8.989583333333334	11.0	2.0	0.6	1.1	0.4	15.857147810223008	10.443325413793135	0.13905806810952523	130	9.197916666666666	9.0	1.8	0.8	0.8	0.4	10.802746308690207	9.900739433341219	0.14470076343844732	2025-26	11.0	9.0	8.989583333333334	9.197916666666666	2.0	1.8	2025-12-15 19:44:59.999999+00:00
	2025-12-17	20:00	Dundee United	Celtic	2	1	H	0	1	A	J Beaton	16	17	7	2	10	3	7	6	2	1	0	0	6.25	4.2	1.45	5.75	4.6	1.47													6.75	4.75	1.5	6.21	4.46	1.45	1.62	2.3			1.62	2.3	1.58	2.24	1.25	1.8	2.05			1.8	2.05	1.79	1.92	6.25	4.33	1.45	5.25	4.6	1.51													6.33	4.8	1.53	5.88	4.48	1.48	1.53	2.5			1.56	2.5	1.52	2.39	1.25	1.8	2.05			1.8	2.05	1.75	1.95	scotland	SC0							7.4	4.7	1.52	1.61	2.42	1.83	2.11							6.4	4.9	1.54	1.58	2.7	1.85	2.14			6.5	4.33	1.5	6.75	4.5	1.44	6.0	4.33	1.44	6.0	4.6	1.48	5.75	4.6	1.48	6.0	4.5	1.5	6.25	4.35	1.48	6.0	4.75	1.45	5.25	4.8	1.53	5.25	4.8	1.5															2025-12-17 20:00:00+00:00	scotland:20251217T2000Z:dundee-united:celtic:783	scotland:dundee-united	scotland:celtic	sco.1:2025-26	sco.1:2025-26-rules-v1	92	4.208333333333333	3.0	0.6	1.6	-0.5	0.1	11.548735048139948	16.410581070732274	0.07316177687203843	129	10.208333333333334	12.0	1.8	0.6	0.7	0.5	16.006272016185303	7.632084607201481	0.1230534067229953	2025-26	3.0	12.0	4.208333333333333	10.208333333333334	0.6	1.8	2025-12-17 19:59:59.999999+00:00
	2025-12-20	15:00	Dundee United	Hibernian	1	1	D	1	1	D	S McLean	12	23	2	5	10	7	5	7	2	2	0	0	3.5	3.5	2.01	3.3	3.6	2.05													3.6	3.6	2.15	3.39	3.43	2.07	1.88	1.98			1.92	1.98	1.85	1.87	0.25	2.03	1.83			2.03	1.83	1.96	1.71	3.05	3.5	2.15	3.1	3.5	2.15													3.25	3.5	2.22	3.17	3.41	2.17	1.73	2.1			1.8	2.1	1.75	1.98	0.25	1.93	1.93			1.93	1.93	1.87	1.8	scotland	SC0							3.5	3.6	2.14	1.83	2.0	2.05	1.85							3.35	3.6	2.32	1.79	2.2	1.98	2.0			3.4	3.4	2.1	3.6	3.35	2.05	3.25	3.4	2.05	3.4	3.6	2.05	3.4	3.6	2.05	3.25	3.4	2.15	3.25	3.4	2.18	3.1	3.5	2.2	3.2	3.5	2.2	3.1	3.5	2.15															2025-12-20 15:00:00+00:00	scotland:20251220T1500Z:dundee-united:hibernian:784	scotland:dundee-united	scotland:hibernian	sco.1:2025-26	sco.1:2025-26-rules-v1	93	2.7916666666666665	6.0	1.0	1.2	-0.4	0.1	12.358055948478139	16.51774814878095	0.08258690834984961	131	4.802083333333333	6.0	1.2	1.0	0.8	0.4	10.293156070746532	11.555150445460997	0.11839153372236598	2025-26	6.0	6.0	2.7916666666666665	4.802083333333333	1.0	1.2	2025-12-20 14:59:59.999999+00:00
	2025-12-20	15:00	Kilmarnock	Falkirk	0	1	A	0	0	D	R Lee	15	10	3	4	11	12	2	2	2	1	0	0	2.55	3.3	2.65	2.55	3.3	2.65													2.62	3.4	2.9	2.53	3.26	2.71	2.0	1.85			2.02	1.91	1.94	1.79	0.0	1.88	1.98			1.9	1.98	1.83	1.91	2.35	3.3	2.85	2.4	3.3	2.8													2.55	3.4	2.92	2.43	3.26	2.85	2.1	1.73			2.1	1.8	1.97	1.76	-0.25	2.1	1.78			2.1	1.78	2.05	1.69	scotland	SC0							2.68	3.3	2.9	1.99	1.63	1.91	2.02							2.52	3.4	3.1	2.08	1.87	2.16	1.83			2.6	3.25	2.75	2.45	3.2	2.9	2.5	3.25	2.63	2.6	3.4	2.7	2.5	3.4	2.62	2.5	3.25	2.88	2.55	3.25	2.8	2.4	3.3	2.9	2.45	3.4	2.8	2.45	3.3	2.8															2025-12-20 15:00:00+00:00	scotland:20251220T1500Z:kilmarnock:falkirk:785	scotland:kilmarnock	scotland:falkirk	sco.1:2025-26	sco.1:2025-26-rules-v1	131	6.0	2.0	0.8	2.0	-1.8	0.0	10.939865816668723	14.765099200163634	0.0784737394782995	17	6.791666666666667	5.0	0.6	1.0	-0.2	0.3	9.988844762255365	12.215182151068504	0.062190674685501664	2025-26	2.0	5.0	6.0	6.791666666666667	0.8	0.6	2025-12-20 14:59:59.999999+00:00
	2025-12-20	15:00	Motherwell	Dundee	1	0	H	0	0	D	M MacDermid	16	5	7	2	12	13	2	3	1	2	0	0	1.42	4.75	6.0	1.49	4.5	5.75													1.5	4.75	7.0	1.47	4.39	6.23	1.8	2.0			1.8	2.05	1.74	1.99	-1.25	2.05	1.8			2.05	1.8	2.02	1.71	1.3	5.25	8.0	1.35	5.0	7.75													1.38	5.25	11.0	1.34	4.87	8.45	1.73	2.1			1.8	2.1	1.72	2.02	-1.5	2.03	1.83			2.3	1.83	2.07	1.69	scotland	SC0							1.47	4.5	7.6	1.74	2.1	2.07	1.81							1.38	5.4	10.0	1.82	2.16	2.14	1.83			1.44	4.33	7.0	1.49	4.2	6.4	1.44	4.2	6.5	1.5	4.6	6.0	1.5	4.5	6.0	1.33	5.0	9.5	1.38	4.7	7.5	1.33	4.8	9.5	1.36	5.25	8.0	1.35	5.25	8.0															2025-12-20 15:00:00+00:00	scotland:20251220T1500Z:motherwell:dundee:786	scotland:motherwell	scotland:dundee	sco.1:2025-26	sco.1:2025-26-rules-v1	131	7.0	9.0	1.0	0.0	0.9	0.6	11.826110517667402	10.421670908025447	0.10396763745124073	93	7.0	4.0	1.2	1.8	-1.3	0.1	8.509917416871808	16.856878765330922	0.13531361645224266	2025-26	9.0	4.0	7.0	7.0	1.0	1.2	2025-12-20 14:59:59.999999+00:00
	2025-12-20	15:00	St Mirren	Livingston	1	0	H	0	0	D	C Graham	16	5	4	1	9	13	7	4	0	1	0	0	1.81	3.6	4.33	1.82	3.6	4.0													1.88	3.7	4.35	1.82	3.55	4.14	1.88	1.98			1.92	1.98	1.86	1.86	-0.5	1.85	2.0			1.85	2.0	1.79	1.92	1.81	3.4	4.5	1.83	3.6	4.0													1.94	3.7	4.5	1.85	3.48	4.19	2.0	1.8			2.0	1.83	1.95	1.78	-0.5	1.85	2.0			1.93	2.0	1.81	1.91	scotland	SC0							1.87	3.7	4.5	1.89	1.96	1.87	2.09							1.92	3.65	4.7	2.06	1.91	1.92	2.07			1.83	3.6	4.2	1.85	3.5	4.2	1.8	3.5	4.0	1.85	3.7	4.2	1.83	3.6	4.0	1.9	3.4	4.2	1.85	3.5	4.2	1.83	3.5	4.33	1.85	3.7	4.0	1.85	3.6	4.0															2025-12-20 15:00:00+00:00	scotland:20251220T1500Z:st-mirren:livingston:787	scotland:st-mirren	scotland:livingston	sco.1:2025-26	sco.1:2025-26-rules-v1	129	14.0	4.0	1.2	2.0	-0.8	0.2	13.395917975907702	13.920937533142842	0.0964274779324065	92	7.0	2.0	0.8	1.8	-1.1	0.0	11.373278074944068	12.053961486230548	0.08877685977468981	2025-26	4.0	2.0	14.0	7.0	1.2	0.8	2025-12-20 14:59:59.999999+00:00
	2025-12-21	13:30	Hearts	Rangers	2	1	H	2	0	H	N Walsh	14	11	5	2	12	10	6	10	2	1	0	0	2.01	3.5	3.5	2.1	3.5	3.25													2.16	3.6	3.5	2.09	3.38	3.35	1.93	1.93			1.96	1.93	1.89	1.83	-0.25	1.83	2.03			1.83	2.03	1.78	1.92	2.05	3.3	3.5	2.1	3.4	3.3													2.15	3.5	3.55	2.1	3.36	3.38	2.03	1.83			2.03	1.83	1.94	1.78	-0.25	1.83	2.03			1.83	2.03	1.78	1.92	scotland	SC0							2.22	3.65	3.55	1.91	1.96	1.91	2.06							2.16	3.6	3.75	2.04	1.92	1.87	2.13			2.1	3.4	3.4	2.16	3.3	3.35	2.05	3.4	3.25	2.1	3.6	3.3	2.1	3.5	3.25	2.15	3.3	3.4	2.12	3.4	3.35	2.1	3.4	3.4	2.1	3.5	3.4	2.1	3.5	3.3															2025-12-21 13:30:00+00:00	scotland:20251221T1330Z:hearts:rangers:788	scotland:hearts	scotland:rangers	sco.1:2025-26	sco.1:2025-26-rules-v1	131	7.729166666666667	8.0	1.0	0.6	1.1	0.4	13.286559651987657	9.104734962843434	0.1284584671814505	130	5.739583333333333	11.0	1.6	0.6	1.1	0.5	16.42857548109155	9.99908442946711	0.12334416098913306	2025-26	8.0	11.0	7.729166666666667	5.739583333333333	1.0	1.6	2025-12-21 13:29:59.999999+00:00
	2025-12-21	15:00	Celtic	Aberdeen	3	1	H	1	0	H	D Dickinson	31	10	10	2	12	13	8	4	1	2	0	0	1.3	6.0	7.5	1.31	5.5	8.25													1.36	6.0	9.0	1.32	5.46	7.84	1.5	2.63			1.52	2.65	1.48	2.52	-1.5	1.88	1.98			1.9	1.98	1.86	1.85	1.33	5.5	6.5	1.36	5.25	7.25													1.38	5.6	8.0	1.34	5.34	7.31	1.44	2.75			1.5	2.75	1.46	2.56	-1.5	2.0	1.85			2.0	1.85	1.91	1.8	scotland	SC0							1.37	5.7	8.6	1.41	2.72									1.38	6.0	8.6	1.51	2.9	2.03	1.9			1.3	5.5	9.0	1.33	5.5	7.5	1.29	5.25	8.0	1.33	5.75	8.5	1.3	5.75	8.5	1.33	5.5	8.0	1.32	5.6	7.5	1.33	5.25	8.0	1.36	5.25	7.5	1.36	5.25	7.0															2025-12-21 15:00:00+00:00	scotland:20251221T1500Z:celtic:aberdeen:789	scotland:celtic	scotland:aberdeen	sco.1:2025-26	sco.1:2025-26-rules-v1	130	3.7916666666666665	9.0	1.2	1.0	0.6	0.4	16.18694983142434	9.153523769528483	0.11137524721186247	130	7.0	13.0	2.0	1.0	1.0	0.5	15.354794947001473	12.950359868277337	0.11324800945218332	2025-26	9.0	13.0	3.7916666666666665	7.0	1.2	2.0	2025-12-21 14:59:59.999999+00:00
	2025-12-27	12:30	Hibernian	Hearts	3	2	H	2	0	H	J Beaton	12	16	7	7	18	10	3	8	1	0	0	0	2.7	3.3	2.45	2.7	3.3	2.5													2.9	3.4	2.52	2.77	3.23	2.46	2.0	1.8			2.05	1.83	1.96	1.76	0.0	2.03	1.83			2.03	1.83	1.97	1.78	2.85	3.05	2.45	2.7	3.4	2.45													3.0	3.4	2.5	2.65	3.03	2.29	2.1	1.73			2.1	1.86	1.94	1.78	0.25	1.7	2.1			1.75	2.1	1.69	1.98	scotland	SC0							2.98	3.45	2.56	1.92	1.89									3.05	3.45	2.56	2.12	1.88	1.82	2.2			2.75	3.1	2.4	2.9	3.2	2.43	2.7	3.2	2.45	2.75	3.4	2.5	2.7	3.4	2.5	2.8	3.1	2.38	2.8	3.35	2.48	2.88	3.25	2.45	2.75	3.4	2.45	2.75	3.4	2.45															2025-12-27 12:30:00+00:00	scotland:20251227T1230Z:hibernian:hearts:790	scotland:hibernian	scotland:hearts	sco.1:2025-26	sco.1:2025-26-rules-v1	132	6.895833333333333	4.0	1.0	1.2	0.4	0.3	12.603491330610797	11.636032182649906	0.10477093865822037	132	5.958333333333333	11.0	1.4	0.6	0.9	0.3	13.41627607889899	9.449328605962808	0.13107640821339456	2025-26	4.0	11.0	6.895833333333333	5.958333333333333	1.0	1.4	2025-12-27 12:29:59.999999+00:00
	2025-12-27	15:00	Dundee	Falkirk	1	0	H	1	0	H	S McLean	10	23	4	1	11	20	1	9	3	2	0	0	2.95	3.2	2.3	2.85	3.4	2.35													3.0	3.4	2.45	2.92	3.22	2.37	2.0	1.8			2.08	1.83	1.97	1.75	0.25	1.8	2.05			1.8	2.05	1.72	1.94	3.6	2.95	2.15	3.2	3.2	2.25													3.6	3.25	2.25	3.38	3.13	2.2	2.3	1.62			2.3	1.66	2.16	1.63	0.25	1.98	1.88			1.98	1.88	1.88	1.78	scotland	SC0							3.0	3.25	2.42											3.75	3.3	2.3	2.28	1.75	2.02	1.96			2.88	3.1	2.3	2.95	3.2	2.45	2.88	3.25	2.3	2.9	3.4	2.37	2.87	3.4	2.37	3.25	3.0	2.15	3.25	3.2	2.25	3.5	3.1	2.2	3.25	3.25	2.25	3.2	3.25	2.25															2025-12-27 15:00:00+00:00	scotland:20251227T1500Z:dundee:falkirk:791	scotland:dundee	scotland:falkirk	sco.1:2025-26	sco.1:2025-26-rules-v1	94	7.0	4.0	1.2	1.6	-1.0	0.1	7.871750613804206	16.701082626179844	0.11071114073365308	18	7.0	5.0	0.2	1.0	-0.2	0.4	9.990872987299843	12.721512669056047	0.0690650974699559	2025-26	4.0	5.0	7.0	7.0	1.2	0.2	2025-12-27 14:59:59.999999+00:00
	2025-12-27	15:00	Livingston	Celtic	2	4	A	2	4	A	M MacDermid	13	18	3	7	14	6	11	4	1	0	0	0	8.5	4.75	1.35	6.75	4.8	1.4													8.5	5.33	1.4	7.47	4.86	1.36	1.57	2.38			1.6	2.42	1.56	2.3	1.25	2.0	1.85			2.0	1.85	1.95	1.75	7.0	5.0	1.35	6.75	5.0	1.39													7.7	5.0	1.42	7.03	4.83	1.38	1.53	2.5			1.55	2.5	1.51	2.41	1.25	2.03	1.83			2.03	1.83	1.91	1.78	scotland	SC0							1.91	4.9	1.4	1.58	2.18	1.49	1.49							9.0	5.6	1.4	1.57	2.7	2.12	1.86			7.5	4.6	1.33	8.0	4.8	1.36	7.5	4.75	1.33	7.0	5.0	1.4	7.0	5.0	1.4	7.0	4.5	1.36	6.75	4.6	1.42	7.5	5.0	1.36	7.0	5.0	1.4	7.0	5.0	1.4															2025-12-27 15:00:00+00:00	scotland:20251227T1500Z:livingston:celtic:792	scotland:livingston	scotland:celtic	sco.1:2025-26	sco.1:2025-26-rules-v1	93	7.0	1.0	0.6	1.8	-1.1	0.0	10.214500243136055	12.77142303418863	0.07263561254292802	131	6.0	9.0	1.6	1.2	0.7	0.4	18.880231680256276	9.307428538705121	0.10872051018213967	2025-26	1.0	9.0	7.0	6.0	0.6	1.6	2025-12-27 14:59:59.999999+00:00
	2025-12-27	15:00	Rangers	Motherwell	1	0	H	0	0	D	D Dickinson	28	12	13	5	15	11	5	1	3	1	0	0	1.71	3.75	4.33	1.73	3.8	4.33													1.8	3.9	4.7	1.74	3.66	4.4	1.91	1.91			1.91	1.95	1.81	1.91	-0.75	2.03	1.83			2.03	1.83	1.9	1.8	1.71	3.7	4.33	1.77	3.75	4.2													1.84	3.8	4.6	1.75	3.65	4.38	1.93	1.93			1.93	1.93	1.84	1.86	-0.5	1.75	2.05			1.83	2.05	1.73	2.01	scotland	SC0							1.83	3.85	4.5	1.72	1.81	2.03	1.83							1.79	3.9	5.2	1.96	1.98	1.8	2.21			1.73	3.5	4.2	1.72	3.7	4.7	1.73	3.6	4.33	1.75	3.9	4.4	1.75	3.8	4.33	1.73	3.5	4.2	1.74	3.7	4.6	1.75	3.7	4.5	1.8	3.8	4.33	1.75	3.8	4.2															2025-12-27 15:00:00+00:00	scotland:20251227T1500Z:rangers:motherwell:793	scotland:rangers	scotland:motherwell	sco.1:2025-26	sco.1:2025-26-rules-v1	131	6.0625	8.0	1.4	0.8	1.0	0.5	15.441561757256721	10.726523624109452	0.11744687552003448	132	7.0	9.0	0.8	0.0	1.1	0.7	12.584999514455145	9.435912561111728	0.09642806700556059	2025-26	8.0	9.0	6.0625	7.0	1.4	0.8	2025-12-27 14:59:59.999999+00:00
	2025-12-27	15:00	St Mirren	Kilmarnock	0	0	D	0	0	D	D Robertson	19	11	7	3	9	8	11	4	1	0	0	0	1.76	3.5	4.5	1.78	3.6	4.2													1.83	3.7	4.75	1.77	3.53	4.37	1.91	1.91			1.98	1.91	1.92	1.8	-0.5	1.78	2.03			1.83	2.03	1.74	2.0	1.61	3.6	5.5	1.63	3.8	5.0													1.66	3.9	5.8	1.62	3.72	5.31	2.0	1.8			2.1	1.8	1.98	1.75	-0.75	1.83	2.03			1.83	2.03	1.75	1.95	scotland	SC0							1.78	3.65	4.6											1.7	4.0	6.0	2.1	1.87	1.9	2.07			1.73	3.4	4.33	1.82	3.5	4.4	1.75	3.5	4.33	1.8	3.7	4.33	1.8	3.7	4.33	1.6	3.5	5.0	1.61	3.75	5.6	1.62	3.75	5.5	1.65	3.9	5.25	1.65	3.9	5.0															2025-12-27 15:00:00+00:00	scotland:20251227T1500Z:st-mirren:kilmarnock:794	scotland:st-mirren	scotland:kilmarnock	sco.1:2025-26	sco.1:2025-26-rules-v1	130	7.0	7.0	1.4	1.4	-0.8	0.2	13.869387434833573	12.298948890753234	0.09025884558105986	132	7.0	2.0	0.6	1.6	-1.6	0.0	11.678072031819863	13.898717527406609	0.06420578684588141	2025-26	7.0	2.0	7.0	7.0	1.4	0.6	2025-12-27 14:59:59.999999+00:00
	2025-12-27	17:45	Aberdeen	Dundee United	1	1	D	0	1	A	C Scott	14	13	6	3	8	18	9	5	2	3	0	0	1.81	3.75	3.75	1.87	3.6	3.75													1.91	3.75	4.0	1.85	3.59	3.86	1.8	2.0			1.81	2.0	1.76	1.96	-0.5	1.85	2.0			1.85	2.0	1.8	1.92	1.76	3.75	4.1	1.78	3.8	4.0													1.85	3.9	4.75	1.76	3.72	4.23	1.73	2.1			1.85	2.1	1.72	2.01	-0.5	1.85	2.0			1.85	2.1	1.74	2.0	scotland	SC0							1.84	3.75	4.2											1.81	4.0	4.8	1.82	2.2	1.82	2.2			1.83	3.4	3.75	1.88	3.5	4.0	1.8	3.6	3.9	1.91	3.7	3.8	1.91	3.7	3.8	1.73	3.6	4.0	1.77	3.7	4.4	1.75	3.8	4.2	1.8	3.9	4.0	1.8	3.8	4.0															2025-12-27 17:45:00+00:00	scotland:20251227T1745Z:aberdeen:dundee-united:795	scotland:aberdeen	scotland:dundee-united	sco.1:2025-26	sco.1:2025-26-rules-v1	131	6.114583333333333	10.0	2.0	1.6	0.4	0.4	14.381195865728477	16.232112619499638	0.11083928046087725	94	7.114583333333333	6.0	1.0	1.2	-0.4	0.1	12.292954866936658	17.69633939445714	0.08272262198321029	2025-26	10.0	6.0	6.114583333333333	7.114583333333333	2.0	1.0	2025-12-27 17:44:59.999999+00:00
	2025-12-30	19:45	Dundee	Kilmarnock	2	1	H	0	1	A	N Walsh	26	8	6	4	12	17	7	5	2	4	0	0	2.7	3.05	2.57	2.7	3.2	2.55													2.8	3.25	2.66	2.73	3.12	2.59	2.2	1.67			2.2	1.67	2.12	1.65	0.0	1.98	1.88			1.98	1.88	1.91	1.82	2.85	2.95	2.55	2.75	3.1	2.6													2.92	3.15	2.65	2.81	3.05	2.59	2.38	1.57			2.38	1.8	2.2	1.61	0.0	2.05	1.8			2.05	1.8	1.98	1.75	scotland	SC0							2.88	3.2	2.82	2.32	1.72	2.0	1.96							3.05	3.2	2.72	2.44	1.68	2.12	1.88			2.75	3.0	2.5	2.7	3.15	2.65	2.7	3.2	2.6	2.75	3.25	2.6	2.75	3.25	2.6	2.8	3.1	2.63	2.7	3.15	2.65	2.9	3.0	2.6	2.8	3.1	2.62	2.8	3.1	2.6															2025-12-30 19:45:00+00:00	scotland:20251230T1945Z:dundee:kilmarnock:796	scotland:dundee	scotland:kilmarnock	sco.1:2025-26	sco.1:2025-26-rules-v1	95	3.1979166666666665	4.0	0.8	1.4	-1.1	0.1	8.258705047657987	17.846340330510778	0.10876366060026162	133	3.1979166666666665	2.0	0.4	1.4	-1.4	0.1	11.554786207852613	14.826223431514498	0.05253200741935751	2025-26	4.0	2.0	3.1979166666666665	3.1979166666666665	0.8	0.4	2025-12-30 19:44:59.999999+00:00
	2025-12-30	19:45	Hibernian	Aberdeen	2	0	H	0	0	D	D McFarlane	20	8	5	2	8	14	4	5	1	2	0	0	1.81	3.7	3.9	1.87	3.6	3.8													1.91	3.7	4.1	1.86	3.58	3.93	1.8	2.0			1.86	2.0	1.8	1.91	-0.5	1.88	1.98			1.88	1.98	1.82	1.89	1.79	3.8	4.1	1.82	3.7	3.9													1.9	3.8	4.2	1.83	3.66	4.03	1.8	2.0			1.86	2.0	1.77	1.95	-0.5	1.83	2.03			1.9	2.03	1.79	1.92	scotland	SC0							1.92	3.85	4.4	1.84	2.14	1.92	2.07							1.92	3.85	4.4	1.87	2.12	1.93	2.06			1.83	3.4	3.75	1.86	3.55	4.1	1.87	3.6	4.0	1.91	3.7	3.9	1.85	3.7	3.9	1.83	3.6	4.2	1.86	3.55	4.1	1.8	3.75	4.1	1.83	3.8	4.0	1.83	3.75	4.0															2025-12-30 19:45:00+00:00	scotland:20251230T1945Z:hibernian:aberdeen:797	scotland:hibernian	scotland:aberdeen	sco.1:2025-26	sco.1:2025-26-rules-v1	133	3.3020833333333335	7.0	1.6	1.2	0.4	0.3	12.493765634136105	12.429480876713559	0.13117622253854394	132	3.0833333333333335	8.0	2.0	1.8	0.3	0.3	14.311887526505117	15.644455779590611	0.103673697000458	2025-26	7.0	8.0	3.3020833333333335	3.0833333333333335	1.6	2.0	2025-12-30 19:44:59.999999+00:00
	2025-12-30	19:45	Livingston	Dundee United	1	3	A	0	1	A	G Irvine	10	22	6	10	11	11	2	7	4	0	0	0	2.5	3.3	2.65	2.45	3.4	2.7													2.57	3.4	2.85	2.49	3.29	2.73	1.91	1.91			1.93	1.91	1.86	1.85	0.0	1.88	1.98			1.88	199.0	1.81	34.77	2.2	3.3	3.2	2.25	3.3	3.0													2.38	3.4	3.25	2.25	3.3	3.11	2.0	1.8			2.0	1.81	1.93	1.79	-0.25	1.93	1.93			1.97	1.93	1.91	1.79	scotland	SC0							2.62	3.45	2.96	1.93	2.0	1.87	2.12							2.38	3.4	3.45	2.04	1.92	2.03	1.96			2.4	3.2	2.63	2.48	3.25	2.85	2.5	3.4	2.7	2.5	3.4	2.75	2.5	3.4	2.7	2.2	3.3	3.25	2.38	3.25	2.95	2.2	3.4	3.2	2.25	3.4	3.1	2.25	3.4	3.1															2025-12-30 19:45:00+00:00	scotland:20251230T1945Z:livingston:dundee-united:798	scotland:livingston	scotland:dundee-united	sco.1:2025-26	sco.1:2025-26-rules-v1	94	3.1979166666666665	1.0	0.8	2.2	-1.3	0.0	10.720954744384043	13.722073391608879	0.08740116550715091	95	3.0833333333333335	6.0	0.8	1.0	-0.6	0.1	12.421508527493629	17.024277686374024	0.08166815924500422	2025-26	1.0	6.0	3.1979166666666665	3.0833333333333335	0.8	0.8	2025-12-30 19:44:59.999999+00:00
	2025-12-30	19:45	Rangers	St Mirren	2	1	H	1	0	H	R Lee	16	10	5	4	8	14	5	4	1	2	0	0	1.57	4.0	5.25	1.6	4.0	5.0													1.64	4.0	6.1	1.58	3.94	5.39	1.8	2.0			1.83	2.0	1.79	1.93	-0.75	1.83	2.03			1.83	2.12	1.69	2.05	1.53	4.1	5.25	1.57	4.2	5.25													1.6	4.33	5.8	1.56	4.08	5.5	1.73	2.1			1.82	2.1	1.77	1.96	-1.0	2.0	1.85			2.0	1.85	1.93	1.79	scotland	SC0							1.64	4.2	6.2	1.85	2.12	1.8	2.18							1.59	4.4	6.6	1.82	2.18	1.99	1.96			1.57	3.75	5.0	1.53	4.0	6.1	1.62	3.9	5.25	1.61	4.0	5.25	1.61	4.0	5.0	1.57	4.0	5.5	1.58	3.9	5.6	1.55	4.1	5.75	1.57	4.33	5.25	1.57	4.2	5.25															2025-12-30 19:45:00+00:00	scotland:20251230T1945Z:rangers:st-mirren:799	scotland:rangers	scotland:st-mirren	sco.1:2025-26	sco.1:2025-26-rules-v1	132	3.1979166666666665	10.0	1.6	0.8	1.1	0.6	17.724914165028224	10.958064783362278	0.10258640464626197	131	3.1979166666666665	8.0	1.4	1.2	-0.6	0.3	14.802226083045651	12.062776365161737	0.07384814638450352	2025-26	10.0	8.0	3.1979166666666665	3.1979166666666665	1.6	1.4	2025-12-30 19:44:59.999999+00:00
	2025-12-30	20:00	Motherwell	Celtic	2	0	H	1	0	H	K Clancy	11	8	6	3	7	14	1	3	0	4	0	0	4.33	3.9	1.66	4.1	3.9	1.73													4.7	4.0	1.75	4.32	3.93	1.71	1.62	2.3			1.64	2.3	1.59	2.22	0.75	1.95	1.9			1.95	1.9	1.85	1.84	5.0	4.2	1.56	4.6	4.0	1.65													5.25	4.2	1.67	4.85	4.04	1.63	1.67	2.2			1.7	2.45	1.63	2.19	0.75	2.05	1.75			2.05	1.76	1.97	1.74	scotland	SC0							4.6	4.4	1.77	1.65	2.42	2.0	1.96							5.3	4.5	1.68	1.69	2.42	2.16	1.85			4.33	4.0	1.73	4.5	3.9	1.71	4.4	4.0	1.7	4.2	4.0	1.75	4.2	4.0	1.75	5.0	4.0	1.62	4.75	4.1	1.65	5.25	4.1	1.6	4.8	4.0	1.67	4.6	4.0	1.67															2025-12-30 20:00:00+00:00	scotland:20251230T2000Z:motherwell:celtic:800	scotland:motherwell	scotland:celtic	sco.1:2025-26	sco.1:2025-26-rules-v1	133	3.2083333333333335	8.0	0.8	0.2	0.9	0.7	12.47863596637239	12.81120118636414	0.07889569118636774	132	3.2083333333333335	9.0	2.0	1.4	1.1	0.4	18.720189556573317	9.978805168031462	0.1293571850985183	2025-26	8.0	9.0	3.2083333333333335	3.2083333333333335	0.8	2.0	2025-12-30 19:59:59.999999+00:00
	2026-01-03	12:30	Celtic	Rangers	1	3	A	1	0	H	S Steven 	21	9	9	4	13	13	8	5	0	3	0	0	1.86	3.8	3.7	1.93	3.75	3.4													1.95	4.0	3.75	1.9	3.78	3.55	1.62	2.3			1.67	2.3	1.61	2.19	-0.5	1.9	1.95			1.9	2.04	1.8	1.92	1.66	4.2	4.33	1.7	4.0	4.2													1.73	4.2	4.6	1.69	4.11	4.34	1.62	2.3			1.65	2.3	1.6	2.2	-0.75	1.93	1.93			1.93	1.93	1.82	1.87	scotland	SC0							1.97	4.1	3.8	1.64	2.38	1.99	1.98							1.79	4.4	4.5	1.68	2.42	1.99	1.99			1.95	3.75	3.75	1.95	3.65	3.6	1.85	3.7	3.6	1.95	3.8	3.5	1.95	3.8	3.4	1.73	4.0	4.6	1.67	4.2	4.35	1.7	4.0	4.5	1.7	4.2	4.33	1.7	4.2	4.2															2026-01-03 12:30:00+00:00	scotland:20260103T1230Z:celtic:rangers:801	scotland:celtic	scotland:rangers	sco.1:2025-26	sco.1:2025-26-rules-v1	133	3.6875	6.0	1.8	1.8	1.1	0.4	16.771064182650893	10.164476955662105	0.10583769689878768	133	3.6979166666666665	12.0	1.6	0.6	1.0	0.6	17.411293407750364	10.783871186387318	0.10666160380148706	2025-26	6.0	12.0	3.6875	3.6979166666666665	1.8	1.6	2026-01-03 12:29:59.999999+00:00
	2026-01-03	15:00	Dundee United	Dundee	0	1	A	0	1	A	D Robertson	22	16	5	3	12	7	8	2	2	1	0	0	1.79	3.7	4.0	1.85	3.6	3.9													1.85	3.8	4.4	1.82	3.61	4.04	1.91	1.91			1.91	1.92	1.84	1.88	-0.5	1.85	2.0			1.85	2.0	1.77	1.93	1.62	4.0	4.5	1.7	3.75	4.6													1.7	4.0	5.1	1.66	3.81	4.8	1.9	1.95			1.91	1.95	1.85	1.86	-0.75	1.85	2.0			1.85	2.0	1.79	1.91	scotland	SC0							1.88	3.9	4.4	1.87	2.02	1.88	2.08							1.74	4.1	5.4	1.98	1.98	1.96	2.01			1.83	3.6	4.2	1.8	3.55	4.4	1.8	3.5	4.0	1.85	3.7	4.0	1.85	3.6	3.9	1.67	3.75	5.0	1.64	3.85	5.1	1.65	3.8	5.0	1.7	3.8	4.8	1.7	3.8	4.6															2026-01-03 15:00:00+00:00	scotland:20260103T1500Z:dundee-united:dundee:802	scotland:dundee-united	scotland:dundee	sco.1:2025-26	sco.1:2025-26-rules-v1	96	3.8020833333333335	9.0	1.4	0.8	-0.2	0.1	14.163052431585696	15.747136288851474	0.09161279144839188	96	3.8020833333333335	7.0	1.2	1.4	-0.9	0.1	11.484395038992897	16.05609663405427	0.10297446356804621	2025-26	9.0	7.0	3.8020833333333335	3.8020833333333335	1.4	1.2	2026-01-03 14:59:59.999999+00:00
	2026-01-03	15:00	Falkirk	Aberdeen	1	0	H	0	0	D	J Beaton	21	7	7	0	9	21	5	4	2	4	0	0	2.45	3.3	2.7	2.45	3.4	2.7													2.6	3.4	2.75	2.49	3.31	2.71	1.91	1.91			1.95	1.91	1.86	1.86	0.0	1.85	2.0			1.85	2.0	1.8	1.94	2.15	3.4	3.2	2.25	3.4	3.0													2.25	3.5	3.2	2.21	3.36	3.12	1.93	1.93			1.93	1.93	1.86	1.85	-0.25	1.9	1.95			1.9	1.95	1.86	1.84	scotland	SC0							2.58	3.45	2.78	1.92	1.94	1.86	2.01							2.36	3.55	3.35	1.98	1.98	2.02	1.95			2.6	3.25	2.75	2.48	3.4	2.75	2.45	3.3	2.63	2.5	3.4	2.75	2.45	3.4	2.7	2.25	3.3	3.2	2.25	3.35	3.1	2.2	3.4	3.2	2.25	3.4	3.0	2.25	3.4	3.0															2026-01-03 15:00:00+00:00	scotland:20260103T1500Z:falkirk:aberdeen:803	scotland:falkirk	scotland:aberdeen	sco.1:2025-26	sco.1:2025-26-rules-v1	19	7.0	4.0	0.2	1.2	-0.4	0.4	12.35616880779078	12.226692183773128	0.056507807020873005	133	3.8020833333333335	7.0	1.4	1.6	0.2	0.3	13.164271612595096	16.436372910574136	0.08482393390946563	2025-26	4.0	7.0	7.0	3.8020833333333335	0.2	1.4	2026-01-03 14:59:59.999999+00:00
	2026-01-03	15:00	Hearts	Livingston	1	0	H	1	0	H	C Graham	17	10	3	2	5	15	7	3	0	3	0	0	1.27	5.0	9.0	1.34	5.0	8.0													1.35	5.33	9.0	1.32	5.04	8.67	1.67	2.2			1.68	2.25	1.64	2.15	-1.5	1.95	1.9			2.0	1.9	1.9	1.81	1.22	6.0	11.0	1.26	6.0	10.0													1.26	6.0	14.5	1.23	5.85	11.88	1.67	2.2			1.67	2.25	1.63	2.17	-1.75	1.95	1.9			1.95	1.9	1.87	1.83	scotland	SC0							1.32	5.5	11.0	1.69	2.22	2.0	1.94							1.23	7.2	17.5	1.71	2.36	1.99	1.96			1.33	5.0	9.0	1.33	5.0	9.0	1.29	5.0	9.0	1.35	5.25	8.0	1.35	5.25	8.0	1.22	6.0	13.0	1.24	5.75	11.5	1.22	6.0	13.0	1.25	6.0	10.0	1.25	6.0	10.0															2026-01-03 15:00:00+00:00	scotland:20260103T1500Z:hearts:livingston:804	scotland:hearts	scotland:livingston	sco.1:2025-26	sco.1:2025-26-rules-v1	133	7.104166666666667	10.0	1.8	1.2	0.6	0.3	13.886044064553719	9.913087041242296	0.1299716067200501	95	3.8020833333333335	1.0	1.0	2.6	-1.1	0.0	10.589872063586943	15.2271509567709	0.08969186268766892	2025-26	10.0	1.0	7.104166666666667	3.8020833333333335	1.8	1.0	2026-01-03 14:59:59.999999+00:00
	2026-01-03	15:00	Kilmarnock	Hibernian	1	3	A	0	1	A	D Dickinson	8	15	1	9	13	13	5	3	3	3	1	0	4.5	3.4	1.76	4.1	3.6	1.82													4.5	3.6	1.9	4.16	3.5	1.83	2.0	1.8			2.0	1.91	1.93	1.79	0.5	2.0	1.85			2.0	1.85	1.94	1.79	4.1	3.5	1.81	3.75	3.5	1.9													4.2	3.6	1.95	4.02	3.47	1.87	2.0	1.85			2.0	1.91	1.93	1.8	0.5	1.98	1.88			1.98	1.95	1.88	1.83	scotland	SC0							4.5	3.6	1.88	1.99	1.87	2.03	1.88							4.5	3.75	1.94	2.04	1.92	2.05	1.94			4.0	3.5	1.9	4.2	3.45	1.85	4.1	3.4	1.8	4.2	3.6	1.85	4.2	3.6	1.83	4.0	3.5	1.9	4.2	3.45	1.85	4.2	3.5	1.85	3.8	3.6	1.95	3.8	3.5	1.91															2026-01-03 15:00:00+00:00	scotland:20260103T1500Z:kilmarnock:hibernian:805	scotland:kilmarnock	scotland:hibernian	sco.1:2025-26	sco.1:2025-26-rules-v1	134	3.8020833333333335	1.0	0.4	1.6	-1.4	0.1	10.908461442788502	16.857819171239132	0.0657080060703834	134	3.8020833333333335	10.0	1.8	0.8	0.7	0.4	13.85853551883863	11.624120717311094	0.12550781844062686	2025-26	1.0	10.0	3.8020833333333335	3.8020833333333335	0.4	1.8	2026-01-03 14:59:59.999999+00:00
	2026-01-03	15:00	Motherwell	St Mirren	2	0	H	1	0	H	C Scott	15	9	8	2	10	13	9	8	0	4	0	0	1.96	3.2	4.0	2.05	3.3	3.6													2.05	3.4	4.0	2.0	3.26	3.76	2.1	1.73			2.1	1.73	2.03	1.71	-0.5	2.03	1.83			2.03	1.83	1.95	1.77	1.86	3.3	4.2	1.9	3.4	3.9													1.96	3.5	4.33	1.91	3.36	4.05	2.05	1.8			2.3	1.8	2.03	1.72	-0.5	1.93	1.93			1.93	1.93	1.86	1.86	scotland	SC0							2.06	3.4	4.2	2.12	1.8	2.06	1.9							1.98	3.5	4.6	2.08	1.89	1.98	2.0			2.05	3.3	3.75	2.0	3.3	3.85	1.95	3.3	3.6	2.05	3.4	3.6	2.05	3.3	3.6	1.95	3.3	4.0	1.96	3.3	4.0	1.87	3.5	4.1	1.95	3.5	3.9	1.91	3.5	3.9															2026-01-03 15:00:00+00:00	scotland:20260103T1500Z:motherwell:st-mirren:806	scotland:motherwell	scotland:st-mirren	sco.1:2025-26	sco.1:2025-26-rules-v1	134	3.7916666666666665	10.0	1.2	0.2	0.9	0.7	12.209793063395592	11.936437334297933	0.09760887130124303	132	3.8020833333333335	8.0	1.4	1.0	-0.6	0.3	13.92909406794644	12.778635207859601	0.07860302886004833	2025-26	10.0	8.0	3.7916666666666665	3.8020833333333335	1.2	1.4	2026-01-03 14:59:59.999999+00:00
	2026-01-06	20:00	Rangers	Aberdeen	2	0	H	2	0	H	N Walsh	22	9	8	3	11	12	7	4	0	2	0	0	1.49	3.9	6.25	1.52	4.2	5.75													1.53	4.35	6.75	1.51	4.21	5.89	1.73	2.1			1.73	2.16	1.67	2.1	-1.0	1.88	1.98			1.88	2.0	1.81	1.91	1.3	5.0	9.5	1.35	5.0	8.0													1.37	5.25	9.5	1.34	4.97	8.35	1.57	2.38			1.6	2.38	1.56	2.3	-1.5	1.95	1.9			2.23	1.9	1.98	1.75	scotland	SC0							1.56	4.5	6.8	1.77	2.24	1.9	2.02							1.36	5.6	10.5	1.64	2.5	2.02	1.94			1.53	4.2	6.0	1.52	4.3	5.8	1.5	4.33	6.0	1.53	4.33	5.75	1.53	4.33	5.75	1.33	5.0	8.5	1.37	4.8	7.5	1.3	5.25	9.5	1.35	5.25	8.0	1.35	5.0	8.0															2026-01-06 20:00:00+00:00	scotland:20260106T2000Z:rangers:aberdeen:807	scotland:rangers	scotland:aberdeen	sco.1:2025-26	sco.1:2025-26-rules-v1	134	3.3125	12.0	1.6	0.8	1.1	0.5	15.881967333613932	12.641349152498714	0.14787464553455001	134	3.2083333333333335	4.0	0.8	1.6	0.0	0.2	12.043494955759623	17.266123290469746	0.06940140047138096	2025-26	12.0	4.0	3.3125	3.2083333333333335	1.6	0.8	2026-01-06 19:59:59.999999+00:00
	2026-01-10	15:00	Celtic	Dundee United	4	0	H	2	0	H	N Walsh	22	3	8	0	12	5	12	3	1	0	0	0	1.24	6.0	9.5	1.27	6.25	8.75													1.29	6.5	10.0	1.26	5.98	8.97	1.36	3.2			1.36	3.2	1.35	3.01	-1.75	1.93	1.93			1.93	1.93	1.86	1.84	1.19	6.5	12.0	1.21	6.5	9.75													1.25	7.0	13.5	1.22	6.5	10.83	1.4	3.0			1.4	3.1	1.37	2.93	-2.0	2.03	1.83			2.03	1.83	1.97	1.75	scotland	SC0							1.27	7.0	13.5	1.39	3.2	1.91	1.99							1.24	7.8	14.5	1.44	3.15	2.12	1.85			1.25	6.0	10.0	1.26	6.0	9.0	1.25	5.75	9.0	1.28	6.5	9.0	1.28	6.5	9.0	1.22	6.5	11.0	1.25	6.25	9.5	1.2	7.0	12.0	1.25	6.5	10.0	1.25	6.5	10.0															2026-01-10 15:00:00+00:00	scotland:20260110T1500Z:celtic:dundee-united:808	scotland:celtic	scotland:dundee-united	sco.1:2025-26	sco.1:2025-26-rules-v1	134	7.104166666666667	6.0	1.8	2.0	0.5	0.3	17.539961603987095	9.95275387281445	0.09525248793883494	97	7.0	8.0	1.4	1.0	-0.3	0.1	15.587951989479205	15.793111509060296	0.07495592027595699	2025-26	6.0	8.0	7.104166666666667	7.0	1.8	1.4	2026-01-10 14:59:59.999999+00:00
	2026-01-10	15:00	Hibernian	Motherwell	1	1	D	0	0	D	M MacDermid	14	14	4	5	13	13	4	4	2	5	0	0	2.01	3.4	3.6	2.0	3.5	3.4													2.14	3.6	3.7	2.03	3.42	3.5	1.9	1.95			1.93	1.95	1.85	1.87	-0.5	2.05	1.8			2.1	1.8	1.99	1.75	1.96	3.4	3.75	2.05	3.3	3.5													2.1	3.4	3.8	2.02	3.35	3.63	2.0	1.8			2.0	1.8	1.95	1.78	-0.5	2.03	1.83			2.05	1.83	1.97	1.76	scotland	SC0							2.18	3.4	3.85	1.93	1.95	2.16	1.83							2.12	3.45	4.0	2.04	1.94	2.12	1.86			2.05	3.4	3.5	2.0	3.4	3.7	2.0	3.4	3.4	2.05	3.6	3.5	2.05	3.5	3.5	2.1	3.3	3.5	2.0	3.4	3.7	2.05	3.4	3.6	2.1	3.4	3.5	2.05	3.4	3.5															2026-01-10 15:00:00+00:00	scotland:20260110T1500Z:hibernian:motherwell:809	scotland:hibernian	scotland:motherwell	sco.1:2025-26	sco.1:2025-26-rules-v1	135	7.0	10.0	1.8	1.0	0.9	0.4	14.066074515413426	10.965189677799986	0.139051851451422	135	7.0	10.0	1.0	0.2	1.1	0.8	12.717103415505484	11.402539637152854	0.10410422803435035	2025-26	10.0	10.0	7.0	7.0	1.8	1.0	2026-01-10 14:59:59.999999+00:00
	2026-01-10	15:00	Livingston	Kilmarnock	1	1	D	1	0	H	D Robertson	12	9	5	4	12	16	7	5	4	1	0	0	2.25	3.25	3.1	2.35	3.25	2.95													2.37	3.3	3.2	2.29	3.21	3.08	2.1	1.73			2.1	1.75	2.03	1.71	-0.25	2.03	1.83			2.03	1.83	1.93	1.78	2.15	3.2	3.3	2.25	3.25	3.1													2.3	3.3	3.4	2.23	3.2	3.22	2.2	1.67			2.2	1.73	2.11	1.66	-0.25	1.93	1.93			1.93	1.93	1.88	1.83	scotland	SC0							2.4	3.3	3.1	2.08	1.8	2.06	1.83							2.32	3.4	3.55	2.22	1.79	1.99	1.98			2.3	3.2	3.2	2.28	3.2	3.2	2.25	3.2	3.0	2.37	3.3	3.0	2.37	3.25	3.0	2.3	3.2	3.2	2.28	3.2	3.2	2.25	3.25	3.2	2.25	3.3	3.2	2.25	3.25	3.2															2026-01-10 15:00:00+00:00	scotland:20260110T1500Z:livingston:kilmarnock:810	scotland:livingston	scotland:kilmarnock	sco.1:2025-26	sco.1:2025-26-rules-v1	96	7.0	1.0	1.0	2.2	-1.1	0.0	10.482622597480226	15.549487146448918	0.07338425128991093	135	7.0	1.0	0.6	1.6	-1.4	0.1	10.37965027137241	16.52003386737747	0.07648836860304097	2025-26	1.0	1.0	7.0	7.0	1.0	0.6	2026-01-10 14:59:59.999999+00:00
	2026-01-10	15:00	St Mirren	Falkirk	0	2	A	0	0	D	S McLean	9	11	3	3	11	8	4	8	2	1	0	0	2.05	3.3	3.5	2.1	3.3	3.3													2.15	3.5	3.55	2.08	3.3	3.43	2.03	1.83			2.1	1.83	2.01	1.72	-0.25	1.83	2.03			1.83	2.03	1.76	1.95	2.05	3.2	3.6	2.1	3.3	3.3													2.2	3.4	3.6	2.12	3.25	3.44	2.2	1.67			2.2	1.73	2.09	1.67	-0.25	1.8	2.05			1.8	2.05	1.78	1.93	scotland	SC0							2.24	3.4	3.6	2.02	1.84	1.92	2.03							2.2	3.5	3.75	2.22	1.78	1.88	2.09			2.1	3.3	3.5	2.1	3.2	3.55	2.05	3.3	3.3	2.15	3.4	3.4	2.15	3.3	3.4	2.2	3.3	3.4	2.15	3.25	3.4	2.1	3.3	3.5	2.15	3.4	3.4	2.15	3.4	3.3															2026-01-10 15:00:00+00:00	scotland:20260110T1500Z:st-mirren:falkirk:811	scotland:st-mirren	scotland:falkirk	sco.1:2025-26	sco.1:2025-26-rules-v1	133	7.0	7.0	0.8	0.8	-0.6	0.3	13.032895146501632	13.18251971552149	0.06431156906731227	20	7.0	6.0	0.4	1.2	0.1	0.5	13.927774479101547	11.276384513996195	0.05489166894781384	2025-26	7.0	6.0	7.0	7.0	0.8	0.4	2026-01-10 14:59:59.999999+00:00
	2026-01-11	14:00	Dundee	Hearts	0	1	A	0	1	A	R Lee	17	7	5	2	13	14	6	4	2	0	0	1	8.0	4.1	1.42	6.5	4.33	1.46													8.0	4.4	1.48	7.05	4.19	1.45	1.95	1.9			1.95	1.91	1.92	1.81	1.0	2.08	1.73			2.08	1.8	2.0	1.73	6.25	3.9	1.51	5.5	4.2	1.53													6.75	4.33	1.55	6.05	4.1	1.52	1.8	2.0			1.85	2.0	1.78	1.95	1.0	1.88	1.98			1.95	1.98	1.9	1.82	scotland	SC0							8.6	4.3	1.5	2.02	1.9									7.2	4.5	1.55	1.86	2.14	2.03	1.92			7.5	4.2	1.44	7.0	4.1	1.47	7.5	4.2	1.4	7.0	4.4	1.48	6.5	4.33	1.48	6.0	4.2	1.53	6.75	4.1	1.49	6.0	4.1	1.53	5.5	4.33	1.55	5.5	4.33	1.55															2026-01-11 14:00:00+00:00	scotland:20260111T1400Z:dundee:hearts:812	scotland:dundee	scotland:hearts	sco.1:2025-26	sco.1:2025-26-rules-v1	97	7.958333333333333	10.0	1.2	0.8	-0.4	0.2	12.305414122812369	17.13680633695349	0.09561547019203781	134	7.958333333333333	12.0	1.8	1.0	0.7	0.4	14.452217870998496	9.92888939738006	0.1170355926639982	2025-26	10.0	12.0	7.958333333333333	7.958333333333333	1.2	1.8	2026-01-11 13:59:59.999999+00:00
	2026-01-11	16:30	Aberdeen	Rangers	0	2	A	0	1	A	D Dickinson	7	18	5	9	15	12	6	6	2	3	0	0	4.75	3.7	1.68	4.2	3.9	1.72													4.75	4.0	1.77	4.47	3.74	1.72	1.8	2.0			1.8	2.05	1.75	1.98	0.75	1.9	1.95			1.9	1.95	1.81	1.89	4.33	3.7	1.76	4.0	3.6	1.83													4.35	3.8	1.85	4.2	3.66	1.79	1.73	2.1			1.79	2.1	1.73	2.0	0.75	1.83	2.03			1.83	2.03	1.75	1.96	scotland	SC0							4.7	4.0	1.81	1.79	2.06	1.91	2.0							4.8	3.9	1.86	1.79	2.22	1.88	2.09			4.6	3.75	1.73	4.5	3.6	1.77	4.33	3.7	1.7	4.33	4.0	1.73	4.33	4.0	1.73	4.2	3.75	1.8	4.35	3.6	1.8	4.33	3.8	1.75	4.0	3.7	1.85	4.0	3.7	1.85															2026-01-11 16:30:00+00:00	scotland:20260111T1630Z:aberdeen:rangers:813	scotland:aberdeen	scotland:rangers	sco.1:2025-26	sco.1:2025-26-rules-v1	135	4.854166666666667	1.0	0.4	1.8	-0.2	0.2	11.4901322365306	18.126828146747975	0.056782964022038966	135	4.854166666666667	12.0	1.8	0.8	1.0	0.5	16.994336909320488	11.97928567022622	0.13751727196628472	2025-26	1.0	12.0	4.854166666666667	4.854166666666667	0.4	1.8	2026-01-11 16:29:59.999999+00:00
	2026-01-14	19:45	Falkirk	Celtic	0	1	A	0	1	A	J Beaton	11	8	6	2	8	10	3	4	0	1	0	0	5.75	4.75	1.45	5.75	4.6	1.49													6.8	4.75	1.5	6.06	4.46	1.47	1.62	2.3			1.62	2.3	1.59	2.24	1.25	1.8	2.05			1.83	2.05	1.77	1.95	6.0	4.5	1.45	5.5	4.5	1.49													6.75	4.6	1.5	6.15	4.48	1.47	1.67	2.2			1.67	2.25	1.61	2.19	1.25	1.75	2.05			1.83	2.05	1.76	1.96	scotland	SC0							7.2	5.0	1.49	1.62	2.44	1.85	2.08							7.2	4.9	1.52	1.69	2.42	1.85	2.12			6.5	4.33	1.5	6.25	4.4	1.47	6.0	4.33	1.44	5.75	4.6	1.5	5.75	4.6	1.5	6.5	4.33	1.5	6.75	4.5	1.44	6.5	4.5	1.45	5.75	4.6	1.5	5.75	4.6	1.5															2026-01-14 19:45:00+00:00	scotland:20260114T1945Z:falkirk:celtic:814	scotland:falkirk	scotland:celtic	sco.1:2025-26	sco.1:2025-26-rules-v1	21	4.197916666666667	9.0	0.8	0.6	0.1	0.6	13.395451846537629	10.86249642054234	0.0779692167424262	135	4.197916666666667	9.0	2.4	1.6	0.5	0.3	18.35087767598944	8.688616805030003	0.1109917050078071	2025-26	9.0	9.0	4.197916666666667	4.197916666666667	0.8	2.4	2026-01-14 19:44:59.999999+00:00
	2026-01-14	19:45	Hearts	St Mirren	2	0	H	0	0	D	K Clancy	14	14	7	2	7	12	3	5	0	1	1	0	1.41	4.1	7.5	1.43	4.5	6.75													1.44	4.6	8.0	1.41	4.39	7.37	1.88	1.98			1.91	1.98	1.82	1.9	-1.25	2.03	1.83			2.03	1.83	1.91	1.81	1.41	4.1	7.0	1.46	4.5	6.25													1.48	4.6	7.25	1.44	4.35	6.83	1.8	2.0			1.84	2.0	1.8	1.92	-1.25	2.05	1.8			2.05	1.83	1.96	1.76	scotland	SC0							1.45	4.8	9.0	1.88	2.0	2.03	1.86							1.48	4.6	8.6	1.89	2.1	2.13	1.82			1.4	4.33	8.0	1.4	4.5	8.0	1.4	4.2	7.5	1.44	4.6	7.0	1.44	4.6	6.5	1.44	4.33	7.0	1.44	4.35	7.0	1.44	4.33	7.0	1.48	4.6	6.5	1.48	4.6	6.0															2026-01-14 19:45:00+00:00	scotland:20260114T1945Z:hearts:st-mirren:815	scotland:hearts	scotland:st-mirren	sco.1:2025-26	sco.1:2025-26-rules-v1	135	3.2395833333333335	12.0	1.6	0.8	0.4	0.4	13.097269167180587	11.214545870583684	0.12173041997184267	134	4.197916666666667	4.0	0.4	1.2	-0.8	0.3	12.299641483501334	12.785697949063037	0.05261855650961912	2025-26	12.0	4.0	3.2395833333333335	4.197916666666667	1.6	0.4	2026-01-14 19:44:59.999999+00:00
	2026-01-20	19:45	Livingston	St Mirren	1	1	D	0	0	D	D Nicolson	11	11	4	5	12	14	3	4	3	3	0	0	2.82	3.4	2.32	2.75	3.4	2.4													2.88	3.4	2.55	2.81	3.25	2.45	2.0	1.85			2.0	1.85	1.95	1.77	0.25	1.8	2.05			1.8	2.08	1.7	2.04	3.0	3.2	2.35	2.75	3.2	2.5													3.0	3.3	2.57	2.88	3.13	2.46	2.0	1.8			2.0	1.8	2.0	1.74	0.25	1.78	2.1			1.78	2.15	1.69	2.07	scotland	SC0							2.96	3.45	2.58	2.08	1.89	1.78	2.21							3.2	3.3	2.56	2.12	1.87	1.83	2.17			2.8	3.2	2.4	2.8	3.15	2.55	2.8	3.3	2.45	2.8	3.4	2.45	2.75	3.4	2.45	2.88	3.1	2.4	2.8	3.15	2.55	2.9	3.3	2.4																					2026-01-20 19:45:00+00:00	scotland:20260120T1945Z:livingston:st-mirren:816	scotland:livingston	scotland:st-mirren	sco.1:2025-26	sco.1:2025-26-rules-v1	97	10.197916666666666	1.0	0.8	2.0	-1.1	0.0	10.758509397938367	14.358671301640022	0.0751931752978059	135	6.0	1.0	0.2	1.6	-0.7	0.3	12.608797577410181	13.006480140142484	0.043051546235142915	2025-26	1.0	1.0	10.197916666666666	6.0	0.8	0.2	2026-01-20 19:44:59.999999+00:00
	2026-01-24	15:00	Aberdeen	Livingston	6	2	H	3	2	H	R Hardie	17	7	7	4	16	13	8	2	4	2	1	1	1.71	3.75	4.5	1.73	3.6	4.5													1.83	3.75	4.7	1.75	3.62	4.4	1.88	1.98			1.91	1.98	1.83	1.89	-0.75	2.0	1.85			2.0	1.85	1.94	1.78	1.76	3.8	4.1	1.78	3.7	4.2													1.8	3.8	4.8	1.76	3.69	4.34	1.83	2.03			1.83	2.03	1.78	1.95	-0.75	2.05	1.8			2.05	1.85	1.93	1.79	scotland	SC0							1.81	3.8	5.0	1.78	1.98	2.03	1.88							1.86	3.8	4.7	1.91	2.06	2.13	1.86			1.8	3.6	4.5	1.83	3.6	4.2	1.7	3.6	4.4							1.8	3.75	4.33	1.71	3.7	4.8	1.8	3.7	4.2																					2026-01-24 15:00:00+00:00	scotland:20260124T1500Z:aberdeen:livingston:817	scotland:aberdeen	scotland:livingston	sco.1:2025-26	sco.1:2025-26-rules-v1	136	12.9375	1.0	0.2	1.6	-0.5	0.1	10.6737445571614	18.103768483702886	0.046458788745304604	98	3.8020833333333335	2.0	1.0	2.0	-1.1	0.0	10.80241678013139	13.748003792250927	0.07805061449985773	2025-26	1.0	2.0	12.9375	3.8020833333333335	0.2	1.0	2026-01-24 14:59:59.999999+00:00
	2026-01-24	15:00	Falkirk	Hibernian	4	1	H	2	0	H	L Wilson	17	10	5	4	14	14	7	4	2	2	0	0	3.25	3.3	2.2	3.1	3.4	2.2													3.25	3.4	2.25	3.12	3.27	2.22	1.98	1.88			1.98	1.91	1.91	1.82	0.25	1.9	1.95			1.9	1.95	1.83	1.89	2.7	3.1	2.57	2.65	3.3	2.55													2.75	3.3	2.66	2.68	3.19	2.6	2.1	1.73			2.1	1.78	2.03	1.72	0.0	1.98	1.88			1.98	1.88	1.9	1.83	scotland	SC0							3.4	3.45	2.3	1.99	1.89	1.94	1.98							2.84	3.4	2.8	2.22	1.79	2.0	1.97			3.25	3.3	2.2	3.15	3.25	2.25	3.0	3.3	2.2							2.75	3.2	2.63	2.75	3.25	2.6	2.63	3.25	2.63																					2026-01-24 15:00:00+00:00	scotland:20260124T1500Z:falkirk:hibernian:818	scotland:falkirk	scotland:hibernian	sco.1:2025-26	sco.1:2025-26-rules-v1	22	9.802083333333334	9.0	0.8	0.4	0.0	0.6	12.95991514716715	10.342042525898279	0.06379299551653052	136	14.0	11.0	2.0	1.0	0.6	0.3	14.054060967156438	11.516973372745442	0.1267567096290855	2025-26	9.0	11.0	9.802083333333334	14.0	0.8	2.0	2026-01-24 14:59:59.999999+00:00
	2026-01-24	15:00	Motherwell	Kilmarnock	4	0	H	2	0	H	N Walsh	22	7	11	1	14	18	2	1	0	0	0	1	1.45	4.0	7.0	1.49	4.33	5.75													1.52	4.33	7.0	1.47	4.13	6.41	1.8	2.0			1.83	2.0	1.77	1.96	-1.0	1.83	2.03			1.83	2.03	1.79	1.94	1.45	3.9	7.0	1.51	4.2	6.0													1.53	4.2	7.0	1.49	4.03	6.56	2.0	1.85			2.0	1.91	1.9	1.83	-1.0	1.88	1.98			1.88	1.98	1.81	1.91	scotland	SC0							1.52	4.3	7.0	1.27	1.25	1.77	2.0							1.55	4.3	7.6	2.0	1.98	1.93	2.03			1.5	4.2	6.5	1.52	4.1	6.25	1.45	4.1	6.5							1.5	4.0	7.0	1.49	4.1	7.0	1.5	4.1	6.5																					2026-01-24 15:00:00+00:00	scotland:20260124T1500Z:motherwell:kilmarnock:819	scotland:motherwell	scotland:kilmarnock	sco.1:2025-26	sco.1:2025-26-rules-v1	136	14.0	10.0	1.2	0.4	0.9	0.8	12.950357339959032	11.874805157670515	0.09816319956057236	136	14.0	2.0	0.6	1.4	-1.0	0.1	10.128804767486518	15.698209527854294	0.08278341269541734	2025-26	10.0	2.0	14.0	14.0	1.2	0.6	2026-01-24 14:59:59.999999+00:00
	2026-01-25	15:00	Hearts	Celtic	2	2	D	0	1	A	S McLean	16	9	8	3	13	22	2	2	3	6	0	1	3.0	3.5	2.2	2.9	3.5	2.25													3.1	3.5	2.3	3.03	3.39	2.23	1.8	2.0			1.8	2.0	1.77	1.95	0.25	1.88	1.98			1.88	1.98	1.82	1.92	3.25	3.4	2.1	2.95	3.4	2.25													3.25	3.5	2.25	3.09	3.38	2.21	1.91	1.91			1.91	2.06	1.82	1.91	0.25	1.98	1.88			1.98	1.9	1.85	1.87	scotland	SC0							3.2	3.5	2.38	1.81	2.06	1.94	2.04							3.4	3.6	2.32	1.96	2.02	1.98	2.0			3.1	3.4	2.25	3.05	3.35	2.3										3.1	3.4	2.25	3.05	3.5	2.23	3.1	3.5	2.2																					2026-01-25 15:00:00+00:00	scotland:20260125T1500Z:hearts:celtic:820	scotland:hearts	scotland:celtic	sco.1:2025-26	sco.1:2025-26-rules-v1	136	10.802083333333334	12.0	1.6	0.8	0.6	0.5	13.261402045875023	11.720992075932104	0.1255716423146245	136	10.802083333333334	9.0	2.0	1.4	0.5	0.3	16.46889991671863	9.108868295024546	0.11353866773366034	2025-26	12.0	9.0	10.802083333333334	10.802083333333334	1.6	2.0	2026-01-25 14:59:59.999999+00:00
	2026-01-25	15:00	Rangers	Dundee	3	0	H	0	0	D	K Clancy	19	4	8	1	14	12	7	1	1	1	0	0	1.22	6.0	12.0	1.26	6.0	10.0													1.26	6.0	12.0	1.23	5.77	11.27	1.57	2.38			1.57	2.4	1.54	2.34	-1.75	1.95	1.9			1.95	1.9	1.9	1.84	1.27	5.25	9.5	1.29	5.5	9.0													1.3	6.0	11.5	1.27	5.44	9.91	1.57	2.38			1.57	2.38	1.55	2.33	-1.5	1.85	2.0			1.85	2.0	1.79	1.92	scotland	SC0							1.26	6.4	14.0	1.5	2.46	1.97	1.9							1.28	6.8	13.0	1.62	2.54	1.87	2.05			1.22	6.0	12.0	1.25	5.6	12.0										1.25	5.5	11.0	1.25	5.5	11.5	1.29	5.5	10.0																					2026-01-25 15:00:00+00:00	scotland:20260125T1500Z:rangers:dundee:821	scotland:rangers	scotland:dundee	sco.1:2025-26	sco.1:2025-26-rules-v1	136	13.9375	15.0	2.0	0.4	1.1	0.6	17.17718474398949	11.073961002912363	0.1327161518107986	98	14.041666666666666	9.0	0.8	0.6	-0.2	0.2	13.158975191391939	15.293750639325584	0.07823083924803093	2025-26	15.0	9.0	13.9375	14.041666666666666	2.0	0.8	2026-01-25 14:59:59.999999+00:00
	2026-01-31	15:00	Kilmarnock	Aberdeen	3	0	H	2	0	H	L Wilson	19	8	9	4	16	10	7	3	3	3	0	1	3.1	3.2	2.32	2.8	3.3	2.4													3.1	3.3	2.5	2.92	3.18	2.39	2.0	1.8			2.05	1.8	1.97	1.77	0.25	1.8	2.05			1.8	2.12	1.73	2.03	3.0	3.4	2.32	2.9	3.4	2.3													3.1	3.5	2.38	2.96	3.36	2.31	1.8	2.0			1.92	2.0	1.82	1.91	0.25	1.8	2.05			1.83	2.05	1.79	1.97	scotland	SC0							3.15	3.3	2.46	2.1	1.85	1.85	2.1							3.15	3.55	2.42	1.91	2.06	1.89	2.08			2.88	3.25	2.5	2.88	3.1	2.5	2.88	3.25	2.3							3.0	3.4	2.3	3.1	3.3	2.3	2.9	3.5	2.3	3.0	3.4	2.3	3.0	3.4	2.3															2026-01-31 15:00:00+00:00	scotland:20260131T1500Z:kilmarnock:aberdeen:822	scotland:kilmarnock	scotland:aberdeen	sco.1:2025-26	sco.1:2025-26-rules-v1	137	7.0	2.0	0.6	2.0	-1.2	0.1	9.55993117339806	16.843989613698966	0.06773188311443236	137	7.0	3.0	1.2	1.8	-0.2	0.0	11.82397281949569	16.084901486665995	0.10218285924081072	2025-26	2.0	3.0	7.0	7.0	0.6	1.2	2026-01-31 14:59:59.999999+00:00
	2026-01-31	15:00	Livingston	Motherwell	0	2	A	0	2	A	S McLean	4	14	1	6	11	13	7	7	1	0	0	0	4.33	3.6	1.76	4.2	3.6	1.78													4.33	3.75	1.83	4.2	3.61	1.79	1.93	1.93			1.93	1.93	1.87	1.85	0.5	2.05	1.8			2.05	1.83	1.97	1.76	4.1	3.6	1.81	3.9	3.6	1.85													4.2	3.8	1.94	4.02	3.63	1.83	1.8	2.0			1.85	2.0	1.8	1.92	0.5	1.98	1.88			1.98	1.95	1.92	1.81	scotland	SC0							4.7	3.8	1.82	1.93	1.95	2.12	1.82							4.2	3.85	1.95	1.9	2.08	2.03	1.95			4.2	3.6	1.83	4.2	3.6	1.83	4.2	3.6	1.75							4.0	3.6	1.9	4.2	3.8	1.78	4.2	3.6	1.8	4.0	3.6	1.85	4.0	3.6	1.85															2026-01-31 15:00:00+00:00	scotland:20260131T1500Z:livingston:motherwell:823	scotland:livingston	scotland:motherwell	sco.1:2025-26	sco.1:2025-26-rules-v1	99	7.0	2.0	1.0	2.4	-1.4	0.0	10.111068274652956	14.339275830023485	0.11580764562975371	137	7.0	10.0	1.8	0.4	1.1	0.8	14.595746914511935	10.988476947184967	0.11337319633468317	2025-26	2.0	10.0	7.0	7.0	1.0	1.8	2026-01-31 14:59:59.999999+00:00
	2026-01-31	15:00	St Mirren	Dundee	0	0	D	0	0	D	N Walsh	10	11	2	2	12	10	5	6	0	0	1	0	1.71	3.6	4.75	1.77	3.6	4.4													1.8	3.7	4.9	1.74	3.55	4.57	2.0	1.85			2.0	1.91	1.93	1.81	-0.75	2.0	1.85			2.0	1.85	1.94	1.81	1.81	3.4	4.5	1.82	3.5	4.2													1.85	3.5	4.75	1.81	3.45	4.42	2.1	1.73			2.1	1.75	2.05	1.7	-0.5	1.83	2.03			1.83	2.15	1.77	1.96	scotland	SC0							1.85	3.8	4.8	2.0	1.91	2.09	1.85							1.87	3.7	4.9	2.2	1.79	1.87	2.13			1.8	3.6	4.5	1.73	3.5	4.9	1.73	3.5	4.4							1.83	3.4	4.5	1.77	3.45	4.75	1.8	3.5	4.5	1.83	3.5	4.33	1.83	3.5	4.33															2026-01-31 15:00:00+00:00	scotland:20260131T1500Z:st-mirren:dundee:824	scotland:st-mirren	scotland:dundee	sco.1:2025-26	sco.1:2025-26-rules-v1	136	10.802083333333334	1.0	0.4	1.8	-0.6	0.3	12.316288926971966	12.641665569207486	0.051752917994042545	99	6.0	9.0	0.8	1.0	-0.3	0.2	11.493706974775222	15.967614159448205	0.06400705029384347	2025-26	1.0	9.0	10.802083333333334	6.0	0.4	0.8	2026-01-31 14:59:59.999999+00:00
	2026-01-31	20:00	Dundee United	Hearts	0	3	A	0	2	A	C Scott	3	22	2	12	12	11	0	6	3	1	2	0	4.33	3.6	1.76	4.1	3.7	1.8													4.8	3.7	1.83	4.26	3.59	1.78	1.88	1.98			1.91	1.98	1.82	1.91	0.75	1.75	2.05			1.86	2.1	1.76	1.99	4.75	3.6	1.68	4.2	3.5	1.8													5.0	3.75	1.8	4.58	3.62	1.73	1.9	1.95			1.91	1.95	1.85	1.88	0.75	1.9	1.95			1.91	1.95	1.84	1.9	scotland	SC0							4.7	3.7	1.85	1.92	1.98	1.83	2.12							5.0	4.0	1.79	1.98	2.0	1.93	2.02			4.5	3.6	1.8	4.8	3.7	1.71	4.0	3.5	1.8							4.5	3.6	1.8	4.9	3.65	1.71	4.6	3.7	1.73																					2026-01-31 20:00:00+00:00	scotland:20260131T2000Z:dundee-united:hearts:825	scotland:dundee-united	scotland:hearts	sco.1:2025-26	sco.1:2025-26-rules-v1	98	21.208333333333332	5.0	1.0	1.6	-0.4	0.1	13.29923344593753	16.92163668923115	0.061327571134873894	137	6.208333333333333	10.0	1.6	1.0	0.7	0.5	13.759328946625018	11.226266243944448	0.12546770734832913	2025-26	5.0	10.0	21.208333333333332	6.208333333333333	1.0	1.6	2026-01-31 19:59:59.999999+00:00
	2026-02-01	14:00	Hibernian	Rangers	0	0	D	0	0	D	R Macleod	17	11	6	2	13	5	9	8	3	2	0	0	3.2	3.5	2.1	3.0	3.5	2.2													3.2	3.6	2.25	3.09	3.44	2.17	1.8	2.0			1.8	2.0	1.78	1.96	0.25	1.98	1.88			1.98	1.95	1.87	1.87	3.9	3.6	1.86	3.6	3.5	1.98													3.9	3.6	2.05	3.68	3.53	1.94	1.93	1.93			1.93	2.05	1.8	1.94	0.5	1.93	1.93			1.93	1.95	1.83	1.89	scotland	SC0							3.45	3.65	2.22	1.86	2.04	2.05	1.91							4.2	3.8	1.99	1.91	2.06	1.99	1.99			3.2	3.4	2.2	3.05	3.5	2.2	3.13	3.4	2.1							3.75	3.5	1.95	3.35	3.6	2.05	3.9	3.5	1.9																					2026-02-01 14:00:00+00:00	scotland:20260201T1400Z:hibernian:rangers:826	scotland:hibernian	scotland:rangers	sco.1:2025-26	sco.1:2025-26-rules-v1	137	7.958333333333333	10.0	2.0	1.6	0.1	0.2	13.316958973127994	12.513887304973544	0.12189185333288814	137	6.958333333333333	15.0	2.4	0.4	1.4	0.6	17.50860569962776	9.787786275110113	0.13729407636194527	2025-26	10.0	15.0	7.958333333333333	6.958333333333333	2.0	2.4	2026-02-01 13:59:59.999999+00:00
	2026-02-01	15:00	Celtic	Falkirk	2	0	H	1	0	H	D Dickinson	10	14	5	4	7	5	9	4	0	2	0	0	1.27	5.75	8.5	1.31	5.5	8.5													1.31	6.0	10.0	1.28	5.49	8.88	1.5	2.63			1.5	2.65	1.47	2.55	-1.5	1.85	2.0			1.85	2.0	1.79	1.92	1.37	4.75	7.0	1.4	5.0	6.75													1.41	5.25	8.5	1.36	4.92	7.51	1.57	2.38			1.57	2.4	1.55	2.33	-1.25	1.9	1.95			1.91	2.05	1.8	1.96	scotland	SC0							1.34	5.9	9.6	1.5	2.66	1.84	2.0							1.37	6.0	9.2	1.62	2.56	1.87	2.12			1.29	5.5	10.0	1.29	5.3	10.0	1.25	5.5	9.0							1.36	5.0	8.0	1.34	4.9	8.5	1.4	4.8	7.5																					2026-02-01 15:00:00+00:00	scotland:20260201T1500Z:celtic:falkirk:827	scotland:celtic	scotland:falkirk	sco.1:2025-26	sco.1:2025-26-rules-v1	137	7.0	7.0	1.6	1.4	0.4	0.3	15.11091811367888	10.36180133229281	0.13329931400430794	23	8.0	9.0	1.4	0.6	0.0	0.5	13.694476029500393	10.279852975734954	0.09497501772208111	2025-26	7.0	9.0	7.0	8.0	1.6	1.4	2026-02-01 14:59:59.999999+00:00
	2026-02-03	20:00	St Mirren	Hearts	1	0	H	0	0	D	S McLean	21	5	5	2	19	8	7	2	1	1	0	1	3.9	3.5	1.86	3.9	3.4	1.9													4.6	3.5	1.91	4.17	3.4	1.86	2.05	1.8			2.1	1.8	1.98	1.75	0.5	1.93	1.93			1.95	1.93	1.88	1.84	4.1	3.2	1.91	3.9	3.2	1.95													4.33	3.3	2.0	4.06	3.19	1.95	2.38	1.57			2.38	1.62	2.24	1.59	0.5	1.88	1.98			1.88	1.98	1.81	1.91	scotland	SC0							4.5	3.65	1.95	2.12	1.85	2.02	1.95							4.7	3.4	2.02	2.5	1.65	1.96	2.02			4.2	3.4	1.9	4.6	3.45	1.79	4.1	3.4	1.9	4.0	3.5	1.91	3.9	3.4	1.91	4.0	3.25	2.0	4.1	3.25	1.94	4.0	3.3	1.95																					2026-02-03 20:00:00+00:00	scotland:20260203T2000Z:st-mirren:hearts:828	scotland:st-mirren	scotland:hearts	sco.1:2025-26	sco.1:2025-26-rules-v1	137	3.2083333333333335	2.0	0.2	1.4	-0.4	0.4	11.895145485704335	12.34318092026067	0.042343296540580264	138	3.0	13.0	1.8	0.4	1.0	0.5	15.257632774511379	9.730581472318184	0.12744878535111226	2025-26	2.0	13.0	3.2083333333333335	3.0	0.2	1.8	2026-02-03 19:59:59.999999+00:00
	2026-02-04	19:45	Hibernian	Dundee United	3	2	H	1	0	H	C Steven	20	16	3	4	8	11	4	6	2	0	0	0	1.56	3.8	5.5	1.61	3.9	5.25													1.62	4.0	6.0	1.58	3.92	5.43	1.85	2.0			1.85	2.0	1.78	1.96	-1.0	2.05	1.8			2.05	1.83	1.96	1.78	1.51	3.9	5.75	1.58	4.1	5.25													1.6	4.1	6.0	1.55	3.97	5.61	1.8	2.0			1.85	2.0	1.76	1.98	-1.0	2.0	1.85			2.0	1.85	1.94	1.81	scotland	SC0							1.67	3.95	6.0	1.86	2.06	2.17	1.8							1.64	4.3	6.0	1.83	2.16	2.06	1.89			1.6	4.0	5.5	1.55	4.0	6.0	1.55	3.9	5.25	1.61	4.0	5.25	1.61	4.0	5.25	1.57	4.0	5.5	1.55	4.0	6.0	1.55	4.0	6.0																					2026-02-04 19:45:00+00:00	scotland:20260204T1945Z:hibernian:dundee-united:829	scotland:hibernian	scotland:dundee-united	sco.1:2025-26	sco.1:2025-26-rules-v1	138	3.2395833333333335	8.0	1.4	1.2	0.3	0.3	13.98660279619563	12.238635067705626	0.09972969818145393	99	3.9895833333333335	4.0	0.8	2.0	-0.7	0.1	11.42664554667616	17.844975473007302	0.05017710365580591	2025-26	8.0	4.0	3.2395833333333335	3.9895833333333335	1.4	0.8	2026-02-04 19:44:59.999999+00:00
	2026-02-04	19:45	Livingston	Falkirk	1	2	A	0	2	A	M MacDermid	10	16	3	3	16	14	6	4	3	4	0	0	3.4	3.4	2.05	3.25	3.4	2.15													3.5	3.4	2.15	3.32	3.34	2.11	2.03	1.83			2.03	1.85	1.94	1.79	0.25	2.0	1.85			2.0	1.85	1.94	1.81	3.9	3.6	1.86	3.7	3.5	1.95													4.1	3.6	1.96	3.92	3.48	1.89	1.98	1.88			1.98	1.91	1.9	1.83	0.5	1.95	1.9			1.95	1.91	1.87	1.84	scotland	SC0							3.55	3.55	2.26	2.06	1.88	2.03	1.94							4.3	3.65	2.0	2.06	1.93	1.99	1.99			3.4	3.3	2.15	3.3	3.35	2.15	3.25	3.25	2.1	3.3	3.4	2.15	3.25	3.4	2.15	4.0	3.5	1.91	3.85	3.45	1.96	4.1	3.6	1.85																					2026-02-04 19:45:00+00:00	scotland:20260204T1945Z:livingston:falkirk:830	scotland:livingston	scotland:falkirk	sco.1:2025-26	sco.1:2025-26-rules-v1	100	4.197916666666667	2.0	0.8	2.2	-1.5	0.0	8.999964951988781	14.27758931547376	0.09475171006070757	24	3.1979166666666665	9.0	1.4	0.8	-0.2	0.4	13.750025842318502	10.228970616510416	0.07770683268170273	2025-26	2.0	9.0	4.197916666666667	3.1979166666666665	0.8	1.4	2026-02-04 19:44:59.999999+00:00
	2026-02-04	19:45	Rangers	Kilmarnock	5	1	H	1	0	H	D Dickinson	28	8	11	2	10	7	10	1	1	1	0	0	1.27	5.0	10.0	1.31	5.25	8.75													1.33	5.6	11.0	1.28	5.31	9.6	1.57	2.38			1.61	2.4	1.56	2.31	-1.5	1.88	1.98			1.91	1.98	1.81	1.92	1.22	5.25	12.0	1.26	6.0	10.0													1.26	6.0	12.0	1.23	5.8	11.35	1.57	2.38			1.57	2.38	1.56	2.31	-1.75	1.98	1.88			1.98	1.88	1.91	1.83	scotland	SC0							1.32	5.8	11.0	1.6	2.44	1.9	1.97							1.26	7.0	15.0	1.63	2.54	2.01	1.93			1.29	5.5	10.0	1.27	5.3	11.0	1.25	5.5	9.5	1.33	5.5	9.0	1.3	5.25	9.0	1.22	6.0	12.0	1.24	6.0	11.5	1.22	6.0	12.0																					2026-02-04 19:45:00+00:00	scotland:20260204T1945Z:rangers:kilmarnock:831	scotland:rangers	scotland:kilmarnock	sco.1:2025-26	sco.1:2025-26-rules-v1	138	3.2395833333333335	13.0	2.0	0.2	1.4	0.7	16.325222845149987	11.099097861453728	0.11233151702340975	138	4.197916666666667	4.0	1.2	2.0	-0.9	0.2	11.27630732368932	15.235991502117335	0.08412512924673651	2025-26	13.0	4.0	3.2395833333333335	4.197916666666667	2.0	1.2	2026-02-04 19:44:59.999999+00:00
	2026-02-10	20:00	Hearts	Hibernian	1	0	H	0	0	D	N Walsh	11	5	2	1	10	18	4	8	0	3	0	0	1.81	3.6	4.0	1.85	3.4	4.1													1.9	3.6	4.6	1.83	3.45	4.25	2.0	1.85			2.0	1.85	1.94	1.79	-0.5	1.85	2.0			1.85	2.0	1.8	1.92	1.68	3.75	4.75	1.73	3.6	4.5													1.8	3.75	4.75	1.74	3.56	4.62	1.93	1.93			1.95	1.93	1.89	1.85	-0.75	1.98	1.88			2.0	1.88	1.94	1.81	scotland	SC0							1.91	3.65	4.7	2.06	1.9	1.92	2.06							1.82	3.85	5.0	1.96	2.02	2.06	1.9			1.9	3.4	4.2	1.81	3.4	4.6	1.83	3.6	4.2							1.8	3.6	4.5	1.77	3.45	4.7	1.73	3.7	4.6																					2026-02-10 20:00:00+00:00	scotland:20260210T2000Z:hearts:hibernian:832	scotland:hearts	scotland:hibernian	sco.1:2025-26	sco.1:2025-26-rules-v1	139	7.0	10.0	1.6	0.6	0.9	0.5	13.392608633691125	11.779566659169422	0.10427627892363729	139	6.010416666666667	8.0	1.6	1.6	0.5	0.3	15.07994774234188	12.922519600850059	0.1088697530575532	2025-26	10.0	8.0	7.0	6.010416666666667	1.6	1.6	2026-02-10 19:59:59.999999+00:00
	2026-02-11	19:45	Celtic	Livingston	2	1	H	1	0	H	C Scott	29	4	12	2	12	7	10	3	2	3	0	0	1.1	9.0	17.0	1.18	7.5	13.5													1.18	9.0	18.0	1.14	7.75	15.38	1.36	3.2			1.4	3.35	1.34	3.04	-2.25	2.03	1.83			2.03	1.95	1.88	1.86	1.08	10.0	15.0	1.12	8.75	16.0													1.12	10.0	22.0	1.1	8.93	18.81	1.3	3.5			1.32	3.5	1.29	3.37	-2.5	1.95	1.9			1.95	1.9	1.89	1.83	scotland	SC0							1.16	9.6	21.0	1.39	3.2	2.0	1.87							1.13	12.0	29.0	1.37	3.65	1.98	1.92			1.14	8.0	17.0	1.13	8.0	18.0	1.13	7.5	15.0	1.18	7.5	13.0	1.18	7.5	13.0	1.11	9.0	19.0	1.11	9.0	20.0	1.09	9.5	22.0																					2026-02-11 19:45:00+00:00	scotland:20260211T1945Z:celtic:livingston:833	scotland:celtic	scotland:livingston	sco.1:2025-26	sco.1:2025-26-rules-v1	138	10.197916666666666	10.0	2.0	1.0	0.5	0.3	14.181660274828173	11.023291999148661	0.14542671145807012	101	7.0	2.0	1.0	2.4	-1.3	0.0	9.181789506172638	14.590754894478529	0.09570594459512437	2025-26	10.0	2.0	10.197916666666666	7.0	2.0	1.0	2026-02-11 19:44:59.999999+00:00
	2026-02-11	19:45	Falkirk	Dundee	1	0	H	0	0	D	D Dickinson	16	15	3	4	14	4	4	4	3	1	0	0	1.61	3.75	5.25	1.7	3.7	4.6													1.73	3.75	5.25	1.68	3.67	4.86	1.98	1.88			1.98	1.91	1.91	1.82	-0.75	1.88	1.98			1.96	1.98	1.88	1.88	1.79	3.4	4.33	1.83	3.6	4.1													1.9	3.6	4.6	1.81	3.47	4.31	2.05	1.8			2.05	1.81	1.96	1.78	-0.5	1.85	2.0			1.91	2.0	1.8	1.93	scotland	SC0							1.71	3.85	5.3	1.98	1.86	1.91	1.98							1.92	3.6	4.8	2.1	1.89	1.92	2.07			1.67	3.75	5.0	1.73	3.65	4.75	1.65	3.6	4.8	1.73	3.75	4.8	1.73	3.75	4.6	1.83	3.5	4.33	1.79	3.5	4.6	1.83	3.5	4.33																					2026-02-11 19:45:00+00:00	scotland:20260211T1945Z:falkirk:dundee:834	scotland:falkirk	scotland:dundee	sco.1:2025-26	sco.1:2025-26-rules-v1	25	7.0	9.0	1.6	1.0	-0.1	0.3	14.159112052806048	10.187339595326703	0.0863055903759386	100	11.197916666666666	7.0	0.6	1.0	-0.5	0.3	11.403942070270636	14.882593403184893	0.05236940478587193	2025-26	9.0	7.0	7.0	11.197916666666666	1.6	0.6	2026-02-11 19:44:59.999999+00:00
	2026-02-11	19:45	Kilmarnock	St Mirren	4	3	H	2	1	H	G Irvine	20	15	7	7	10	19	9	4	1	3	0	0	2.75	3.3	2.45	2.65	3.3	2.5													3.0	3.4	2.57	2.78	3.23	2.47	2.1	1.73			2.12	1.73	2.06	1.7	0.0	2.05	1.8			2.05	1.8	1.96	1.77	3.1	3.4	2.2	3.0	3.3	2.3													3.13	3.4	2.43	3.05	3.24	2.31	2.0	1.8			2.1	1.8	2.02	1.73	0.25	1.88	1.98			1.88	2.04	1.79	1.95	scotland	SC0							2.88	3.25	2.64	2.1	1.76	2.03	1.86							3.25	3.4	2.42	2.14	1.86	1.9	2.08			2.88	3.2	2.5	3.0	3.15	2.4	2.7	3.2	2.45	2.7	3.4	2.5	2.7	3.4	2.5	3.1	3.2	2.38	3.0	3.2	2.43	3.13	3.3	2.25																					2026-02-11 19:45:00+00:00	scotland:20260211T1945Z:kilmarnock:st-mirren:835	scotland:kilmarnock	scotland:st-mirren	sco.1:2025-26	sco.1:2025-26-rules-v1	139	7.0	4.0	1.2	2.6	-1.3	0.2	10.680615083018534	17.55672031991418	0.09155692392914805	138	7.989583333333333	5.0	0.4	1.0	-0.3	0.5	13.550573579212637	11.00805711657691	0.0433025240093925	2025-26	4.0	5.0	7.0	7.989583333333333	1.2	0.4	2026-02-11 19:44:59.999999+00:00
	2026-02-11	20:00	Motherwell	Rangers	1	1	D	0	1	A	S McLean	18	10	5	4	18	17	6	3	2	5	0	0	3.25	3.5	2.1	3.25	3.5	2.1													3.55	3.7	2.15	3.25	3.46	2.08	1.91	1.91			1.91	1.93	1.83	1.9	0.25	2.0	1.85			2.02	1.85	1.96	1.79	2.7	3.5	2.35	2.7	3.4	2.4													3.05	3.5	2.45	2.85	3.33	2.37	1.8	2.0			1.91	2.0	1.83	1.91	0.0	2.05	1.8			2.05	1.83	2.02	1.73	scotland	SC0							3.45	3.95	2.14	1.85	2.02	2.11	1.87							3.05	3.55	2.52	1.9	2.06	2.2	1.81			3.3	3.5	2.1	3.55	3.35	2.06	3.2	3.4	2.05	3.3	3.5	2.1	3.1	3.3	2.05	2.88	3.3	2.4	3.05	3.3	2.33	2.88	3.4	2.38																					2026-02-11 20:00:00+00:00	scotland:20260211T2000Z:motherwell:rangers:836	scotland:motherwell	scotland:rangers	sco.1:2025-26	sco.1:2025-26-rules-v1	138	11.208333333333334	13.0	2.2	0.2	1.3	0.8	14.487429293691582	9.717844774969517	0.11873391388422128	139	7.010416666666667	13.0	2.4	0.2	1.5	0.6	18.447909600577262	10.535625523007596	0.12437513730486771	2025-26	13.0	13.0	11.208333333333334	7.010416666666667	2.2	2.4	2026-02-11 19:59:59.999999+00:00
	2026-02-14	15:00	Dundee	Livingston	2	2	D	2	2	D	N Walsh	16	16	7	3	8	12	10	2	2	2	0	0	2.05	3.2	3.6	2.1	3.3	3.3													2.15	3.4	3.6	2.1	3.26	3.43	2.1	1.73			2.1	1.78	2.03	1.72	-0.25	1.83	2.03			1.83	2.05	1.79	1.96	1.71	3.7	4.33	1.78	3.6	4.2													1.85	3.75	4.5	1.78	3.63	4.26	1.91	1.91			1.91	1.91	1.88	1.85	-0.75	2.03	1.83			2.1	1.83	2.03	1.74	scotland	SC0							2.12	3.3	3.7	2.12	1.75									1.86	3.8	4.8	2.02	1.95	2.12	1.86			2.15	3.25	3.5	2.14	3.3	3.35	2.05	3.25	3.4	2.15	3.4	3.4	2.15	3.3	3.4	1.8	3.6	4.5	1.85	3.6	4.0	1.75	3.7	4.5	1.8	3.7	4.33	1.8	3.6	4.33															2026-02-14 15:00:00+00:00	scotland:20260214T1500Z:dundee:livingston:837	scotland:dundee	scotland:livingston	sco.1:2025-26	sco.1:2025-26-rules-v1	101	2.8020833333333335	4.0	0.2	1.0	-0.5	0.3	12.057770784766884	15.085758238969458	0.04284769482480431	102	2.8020833333333335	1.0	1.0	2.6	-1.4	0.0	8.239645959595794	17.210617640936977	0.12375940921419266	2025-26	4.0	1.0	2.8020833333333335	2.8020833333333335	0.2	1.0	2026-02-14 14:59:59.999999+00:00
	2026-02-14	15:00	Falkirk	Dundee United	2	3	A	1	1	D	R Lee	10	14	4	5	8	19	4	5	0	3	1	0	1.79	3.4	4.0	1.83	3.6	4.0													1.9	3.75	4.1	1.84	3.62	3.94	1.83	2.03			1.83	2.03	1.79	1.95	-0.5	1.88	1.98			1.88	1.98	1.81	1.91	1.68	3.8	4.5	1.75	3.6	4.4													1.83	3.8	4.6	1.76	3.64	4.41	1.91	1.91			1.91	1.98	1.84	1.88	-0.75	1.98	1.88			2.06	1.88	1.97	1.78	scotland	SC0							1.79	3.7	3.95	1.01	1.96									1.82	3.95	5.0	1.97	2.0	2.05	1.92			1.9	3.6	4.0	1.84	3.7	4.0	1.83	3.6	3.8	1.85	3.7	4.0	1.85	3.7	4.0	1.8	3.6	4.5	1.83	3.7	4.1	1.73	3.7	4.6	1.75	3.7	4.5	1.75	3.7	4.4															2026-02-14 15:00:00+00:00	scotland:20260214T1500Z:falkirk:dundee-united:838	scotland:falkirk	scotland:dundee-united	sco.1:2025-26	sco.1:2025-26-rules-v1	26	2.8020833333333335	9.0	1.4	1.0	0.3	0.4	14.493818952295857	11.062368759812756	0.08197730121667704	100	9.802083333333334	3.0	1.0	2.4	-0.8	0.1	12.258164538189583	18.2367981142787	0.06378126662747756	2025-26	9.0	3.0	2.8020833333333335	9.802083333333334	1.4	1.0	2026-02-14 14:59:59.999999+00:00
	2026-02-14	15:00	Hibernian	St Mirren	2	0	H	1	0	H	D McFarlane	13	7	6	2	10	16	6	8	0	3	0	0	1.81	3.5	4.1	1.85	3.5	4.1													1.9	3.6	4.25	1.85	3.51	4.01	1.98	1.88			1.98	1.94	1.86	1.86	-0.5	1.88	1.98			1.88	1.98	1.81	1.91	1.86	3.5	3.9	1.85	3.5	4.0													1.95	3.6	4.0	1.88	3.5	3.92	1.91	1.91			1.93	1.94	1.88	1.85	-0.5	1.95	1.9			1.95	1.91	1.86	1.86	scotland	SC0							1.72	3.45	3.85	1.01	1.95									1.99	3.6	4.3	2.04	1.94	1.99	1.98			1.9	3.5	4.0	1.9	3.6	3.9	1.83	3.5	3.9	1.85	3.6	4.2	1.85	3.5	4.2	1.9	3.5	4.0	1.85	3.6	4.0	1.91	3.5	3.9	1.85	3.6	4.0	1.85	3.6	4.0															2026-02-14 15:00:00+00:00	scotland:20260214T1500Z:hibernian:st-mirren:839	scotland:hibernian	scotland:st-mirren	sco.1:2025-26	sco.1:2025-26-rules-v1	140	3.7916666666666665	5.0	1.0	1.6	0.1	0.2	13.247229971006991	12.572970582513683	0.08907525250163442	139	2.8020833333333335	5.0	1.0	1.4	-0.6	0.4	13.81410565571943	12.642955822653835	0.07179297418950295	2025-26	5.0	5.0	3.7916666666666665	2.8020833333333335	1.0	1.0	2026-02-14 14:59:59.999999+00:00
	2026-02-15	14:00	Kilmarnock	Celtic	2	3	A	2	0	H	D Nicolson	17	24	7	10	7	8	6	7	1	3	0	0	7.5	4.5	1.35	6.75	4.8	1.4													8.5	5.0	1.43	6.94	4.78	1.38	1.57	2.38			1.58	2.5	1.53	2.37	1.25	1.98	1.88			2.02	1.9	1.92	1.83	7.0	5.25	1.33	6.25	5.25	1.4													8.1	5.33	1.4	7.41	5.08	1.35	1.5	2.63			1.5	2.63	1.48	2.53	1.5	1.83	2.03			1.83	2.03	1.77	1.96	scotland	SC0							6.2	4.1	1.41	1.55	2.48	1.96	1.88							8.6	5.9	1.38	1.53	2.86	1.87	2.09			7.5	5.0	1.36	8.5	4.9	1.35	7.0	4.75	1.36							8.0	5.0	1.36	7.5	4.8	1.38	8.0	5.25	1.33																					2026-02-15 14:00:00+00:00	scotland:20260215T1400Z:kilmarnock:celtic:840	scotland:kilmarnock	scotland:celtic	sco.1:2025-26	sco.1:2025-26-rules-v1	140	3.7604166666666665	7.0	1.8	2.6	-0.9	0.2	12.375048704287892	17.091862079929783	0.11127384685112113	139	3.7604166666666665	13.0	2.2	0.6	0.7	0.3	16.87590386122305	9.746329817485266	0.1315246761459445	2025-26	7.0	13.0	3.7604166666666665	3.7604166666666665	1.8	2.2	2026-02-15 13:59:59.999999+00:00
	2026-02-15	14:30	Motherwell	Aberdeen	2	0	H	1	0	H	D Dickinson	18	10	8	2	15	18	4	2	1	6	0	0	1.56	3.8	5.5	1.6	4.1	5.0													1.61	4.2	5.5	1.58	4.02	5.13	1.8	2.0			1.8	2.1	1.74	2.01	-0.75	1.9	1.95			1.9	2.0	1.81	1.93	1.53	4.1	5.5	1.58	4.1	5.0													1.6	4.2	5.7	1.56	4.1	5.34	1.67	2.2			1.73	2.2	1.68	2.1	-1.0	2.0	1.85			2.04	1.85	1.95	1.79	scotland	SC0							1.22	1.01	1.04											1.6	4.4	6.2	1.74	2.28	2.01	1.94			1.6	4.0	5.5	1.61	4.1	5.1	1.55	3.9	5.25							1.57	4.2	5.5	1.6	4.0	5.2	1.55	4.2	5.5																					2026-02-15 14:30:00+00:00	scotland:20260215T1430Z:motherwell:aberdeen:841	scotland:motherwell	scotland:aberdeen	sco.1:2025-26	sco.1:2025-26-rules-v1	139	3.7708333333333335	11.0	2.0	0.4	1.3	0.7	15.126078513020385	9.76914572497506	0.10724693964264567	138	14.979166666666666	3.0	1.2	2.0	-0.5	0.0	11.128705034132837	16.614919398181268	0.0836041575606633	2025-26	11.0	3.0	3.7708333333333335	14.979166666666666	2.0	1.2	2026-02-15 14:29:59.999999+00:00
	2026-02-15	16:30	Rangers	Hearts	4	2	H	2	2	D	D Robertson	19	7	4	3	17	13	7	3	4	3	0	0	1.91	3.3	3.7	2.0	3.4	3.5													2.05	3.55	3.8	1.98	3.4	3.62	2.03	1.83			2.03	1.87	1.93	1.79	-0.5	2.03	1.83			2.03	1.85	1.93	1.79	1.81	3.7	3.9	1.9	3.5	3.9													1.9	3.75	4.0	1.86	3.58	3.93	1.93	1.93			1.93	1.93	1.85	1.88	-0.5	1.88	1.98			1.9	1.98	1.82	1.9	scotland	SC0							2.0	3.45	3.8	2.0	1.83	2.0	1.83							1.89	3.85	4.6	1.91	2.06	1.89	2.09			2.0	3.4	3.75	2.0	3.55	3.55	1.95	3.3	3.6	2.05	3.4	3.6	2.05	3.4	3.6	1.9	3.5	4.0	1.9	3.55	3.9	1.87	3.6	4.0																					2026-02-15 16:30:00+00:00	scotland:20260215T1630Z:rangers:hearts:842	scotland:rangers	scotland:hearts	sco.1:2025-26	sco.1:2025-26-rules-v1	140	3.8541666666666665	11.0	2.2	0.4	1.4	0.5	16.91192603683594	11.892784518824397	0.11994329415852813	140	4.854166666666667	10.0	1.6	0.6	0.9	0.6	12.95758888211092	10.546918175684073	0.10184588110281068	2025-26	11.0	10.0	3.8541666666666665	4.854166666666667	2.2	1.6	2026-02-15 16:29:59.999999+00:00
	2026-02-21	15:00	Aberdeen	Dundee	2	3	A	1	2	A	S McLean	11	23	4	7	13	10	2	9	3	2	1	0	1.86	3.5	4.0	1.93	3.5	3.7													1.96	3.6	4.0	1.91	3.47	3.78	1.98	1.88			1.98	1.91	1.91	1.83	-0.5	1.93	1.93			1.93	1.93	1.9	1.82	1.91	3.5	3.8	1.98	3.5	3.5													2.0	3.66	4.0	1.95	3.5	3.68	1.9	1.95			1.93	1.95	1.88	1.86	-0.5	1.98	1.88			1.98	1.88	1.9	1.82	scotland	SC0							2.02	3.7	4.0	1.87	1.9	2.02	1.94							2.02	3.8	4.0	1.96	2.04	2.02	1.96			1.95	3.4	4.0	1.89	3.5	4.0	1.93	3.4	3.6							1.95	3.4	4.0	1.98	3.45	3.75	1.95	3.5	3.75																					2026-02-21 15:00:00+00:00	scotland:20260221T1500Z:aberdeen:dundee:843	scotland:aberdeen	scotland:dundee	sco.1:2025-26	sco.1:2025-26-rules-v1	139	6.020833333333333	3.0	1.2	2.2	-0.9	0.0	10.923485937017775	16.86675223487558	0.0684034016405427	102	7.0	2.0	0.4	1.4	-0.3	0.3	12.774539732991087	15.251984013702284	0.05778447758393079	2025-26	3.0	2.0	6.020833333333333	7.0	1.2	0.4	2026-02-21 14:59:59.999999+00:00
	2026-02-21	15:00	Dundee United	Kilmarnock	1	1	D	0	0	D	J Beaton	12	8	4	2	9	9	6	3	1	3	0	1	1.96	3.6	3.7	1.98	3.6	3.5													2.0	3.6	3.95	1.95	3.52	3.6	1.73	2.1			1.8	2.1	1.74	2.01	-0.5	2.0	1.85			2.0	1.85	1.92	1.8	1.86	3.6	3.9	1.93	3.6	3.6													2.0	3.6	3.9	1.93	3.56	3.7	1.73	2.1			1.8	2.1	1.72	2.03	-0.5	1.95	1.9			1.95	1.9	1.89	1.82	scotland	SC0							2.04	3.65	3.9	1.74	2.14	2.04	1.89							2.0	3.8	4.1	1.84	2.18	2.0	1.97			2.0	3.5	3.6	1.91	3.55	3.95	1.95	3.5	3.4							1.95	3.6	3.75	1.9	3.6	3.85	2.0	3.6	3.5																					2026-02-21 15:00:00+00:00	scotland:20260221T1500Z:dundee-united:kilmarnock:844	scotland:dundee-united	scotland:kilmarnock	sco.1:2025-26	sco.1:2025-26-rules-v1	101	7.0	3.0	1.0	2.6	-0.5	0.1	12.574861894882384	16.739198457137114	0.09114571165624787	141	6.041666666666667	6.0	2.0	3.0	-0.9	0.2	13.215948939871911	18.347887156306186	0.11243261266428627	2025-26	3.0	6.0	7.0	6.041666666666667	1.0	2.0	2026-02-21 14:59:59.999999+00:00
	2026-02-21	15:00	Hearts	Falkirk	1	0	H	1	0	H	D Nicolson	17	8	4	2	9	10	8	4	1	3	0	0	1.62	3.6	5.5	1.63	4.0	4.8													1.65	4.2	5.5	1.62	3.83	5.07	1.88	1.98			1.91	1.98	1.83	1.9	-0.75	1.85	2.0			1.85	2.0	1.8	1.95	1.76	3.4	4.75	1.75	3.6	4.4													1.8	3.75	5.25	1.75	3.55	4.56	2.03	1.83			2.03	1.91	1.94	1.8	-0.75	2.05	1.8			2.05	1.93	1.89	1.85	scotland	SC0							1.64	4.0	5.8	1.89	1.98	1.82	2.11							1.81	3.85	5.3	2.04	1.92	2.04	1.94			1.62	3.75	5.5	1.65	3.85	5.0	1.62	3.75	5.0							1.8	3.6	4.5	1.76	3.3	4.6	1.7	3.75	4.8																					2026-02-21 15:00:00+00:00	scotland:20260221T1500Z:hearts:falkirk:845	scotland:hearts	scotland:falkirk	sco.1:2025-26	sco.1:2025-26-rules-v1	141	5.9375	7.0	1.6	1.4	0.5	0.5	11.874390903545299	12.083842143741514	0.13527650012307885	27	7.0	9.0	1.8	1.4	0.4	0.4	13.676760960969338	11.59648353075589	0.10343597372273575	2025-26	7.0	9.0	5.9375	7.0	1.6	1.8	2026-02-21 14:59:59.999999+00:00
	2026-02-21	19:30	St Mirren	Motherwell	0	5	A	0	2	A	C Scott	11	17	5	6	17	6	4	7	4	0	1	0	3.0	3.2	2.35	2.85	3.4	2.35													3.0	3.4	2.42	2.89	3.27	2.38	2.0	1.8			2.0	1.8	1.95	1.77	0.25	1.78	2.1			1.78	2.1	1.74	2.03	3.4	3.1	2.2	3.1	3.3	2.25													3.4	3.3	2.38	3.12	3.24	2.27	2.1	1.73			2.1	1.79	2.02	1.73	0.25	1.93	1.93			1.93	2.0	1.81	1.94	scotland	SC0							3.0	3.6	2.44	1.98	1.86	1.86	2.1							3.45	3.4	2.38	2.2	1.81	1.96	2.03			3.0	3.25	2.4	2.9	3.3	2.4	2.8	3.25	2.38	2.9	3.4	2.37	2.87	3.4	2.37	3.1	3.2	2.38	2.95	3.3	2.35	3.13	3.3	2.25	3.1	3.3	2.25	3.1	3.3	2.25															2026-02-21 19:30:00+00:00	scotland:20260221T1930Z:st-mirren:motherwell:846	scotland:st-mirren	scotland:motherwell	sco.1:2025-26	sco.1:2025-26-rules-v1	140	7.1875	5.0	1.0	1.4	-0.9	0.3	12.575177354679534	12.707872945807683	0.058739706155047866	140	6.208333333333333	11.0	2.0	0.4	1.2	0.7	15.648609692471224	9.811119229525048	0.10794951627327573	2025-26	5.0	11.0	7.1875	6.208333333333333	1.0	2.0	2026-02-21 19:29:59.999999+00:00
	2026-02-22	15:00	Celtic	Hibernian	1	2	A	1	1	D	M MacDermid	21	8	3	4	8	7	11	1	2	1	1	0	1.45	4.75	6.25	1.44	4.8	6.0													1.45	4.8	7.0	1.42	4.64	6.36	1.53	2.5			1.53	2.5	1.5	2.45	-1.25	2.0	1.85			2.0	1.9	1.91	1.83	1.42	4.5	6.5	1.43	4.8	6.0													1.48	4.8	7.1	1.42	4.62	6.58	1.62	2.3			1.62	2.48	1.56	2.33	-1.25	2.0	1.85			2.0	1.87	1.9	1.84	scotland	SC0							1.51	4.9	6.4	1.54	2.54	2.0	1.84							1.46	5.2	7.8	1.66	2.46	2.03	1.92			1.44	4.6	7.0	1.45	4.6	6.4	1.4	4.5	6.5							1.44	4.6	6.5	1.42	4.7	6.75	1.4	4.75	7.0																					2026-02-22 15:00:00+00:00	scotland:20260222T1500Z:celtic:hibernian:847	scotland:celtic	scotland:hibernian	sco.1:2025-26	sco.1:2025-26-rules-v1	140	7.041666666666667	13.0	2.0	1.0	0.9	0.3	18.171194068273405	11.065178941578854	0.13033837139213642	141	8.0	7.0	1.2	1.4	0.4	0.3	13.202279067187536	11.559703203874832	0.10085178001881978	2025-26	13.0	7.0	7.041666666666667	8.0	2.0	1.2	2026-02-22 14:59:59.999999+00:00
	2026-02-22	15:00	Livingston	Rangers	2	2	D	1	0	H	R Lee	5	31	3	14	18	15	3	15	3	2	1	0	8.0	5.0	1.35	7.25	5.0	1.38													9.0	5.0	1.38	7.98	4.79	1.35	1.62	2.3			1.62	2.3	1.59	2.26	1.5	1.78	2.03			1.83	2.03	1.77	1.97	9.0	5.5	1.27	7.5	5.25	1.34													10.0	5.6	1.34	8.72	5.31	1.3	1.53	2.5			1.57	2.5	1.53	2.37	1.5	1.98	1.88			1.98	1.98	1.85	1.88	scotland	SC0							9.8	5.2	1.37	1.6	2.36	1.69	1.91							11.0	6.4	1.31	1.58	2.66	2.04	1.93			8.5	5.0	1.33	8.0	4.9	1.36	7.5	4.75	1.33							9.5	5.5	1.3	8.5	5.25	1.32	9.5	5.25	1.3																					2026-02-22 15:00:00+00:00	scotland:20260222T1500Z:livingston:rangers:848	scotland:livingston	scotland:rangers	sco.1:2025-26	sco.1:2025-26-rules-v1	103	8.0	1.0	1.2	2.8	-1.3	0.0	9.650619421487468	16.9905053425848	0.12398497117524854	141	6.9375	11.0	2.6	0.8	1.7	0.5	17.291575848320313	11.003187333583599	0.13641293445506367	2025-26	1.0	11.0	8.0	6.9375	1.2	2.6	2026-02-22 14:59:59.999999+00:00
	2026-02-24	19:45	Dundee United	Aberdeen	0	0	D	0	0	D	D Robertson	15	12	2	2	13	6	4	6	0	0	0	0	2.05	3.4	3.4	2.15	3.4	3.25													2.25	3.5	3.4	2.13	3.4	3.24	1.83	2.03			1.83	2.03	1.77	1.97	-0.25	1.85	2.0			1.92	2.0	1.84	1.9	2.01	3.4	3.6	2.05	3.4	3.4													2.2	3.5	3.6	2.09	3.38	3.34	1.9	1.95			1.91	1.97	1.83	1.9	-0.25	1.8	2.05			1.85	2.05	1.8	1.95	scotland	SC0							2.24	3.65	3.5	1.86	2.1	1.93	2.04							2.14	3.7	3.75	1.94	2.04	1.85	2.15			2.1	3.4	3.3	2.25	3.45	3.05	2.1	3.5	3.25							2.1	3.4	3.3	2.16	3.45	3.2	2.05	3.5	3.4																					2026-02-24 19:45:00+00:00	scotland:20260224T1945Z:dundee-united:aberdeen:849	scotland:dundee-united	scotland:aberdeen	sco.1:2025-26	sco.1:2025-26-rules-v1	102	3.1979166666666665	4.0	1.2	2.6	-0.5	0.0	12.470341550358313	15.150253283112184	0.08972527923389977	140	3.1979166666666665	3.0	1.6	2.4	-1.1	0.0	10.937397584832723	17.981888192170928	0.08902427076374982	2025-26	4.0	3.0	3.1979166666666665	3.1979166666666665	1.2	1.6	2026-02-24 19:44:59.999999+00:00
	2026-02-28	15:00	Dundee	Hibernian	3	3	D	1	1	D	R Hardie	10	13	4	6	8	9	6	6	1	4	0	0	3.2	3.6	2.1	3.1	3.5	2.15													3.35	3.6	2.2	3.18	3.43	2.14	1.85	2.0			1.91	2.0	1.83	1.89	0.25	1.98	1.88			1.98	1.88	1.92	1.83	3.2	3.5	2.1	3.1	3.4	2.2													3.3	3.5	2.25	3.18	3.39	2.16	1.93	1.93			1.93	1.93	1.86	1.88	0.25	1.95	1.9			1.95	1.9	1.9	1.84	scotland	SC0							3.3	3.65	2.22	1.86	2.04	1.97	1.92							3.5	3.6	2.26	1.95	2.0	2.03	1.94			3.25	3.3	2.15	3.35	3.4	2.14	3.13	3.4	2.1	3.2	3.5	2.2	3.1	3.5	2.15	3.1	3.3	2.25	3.3	3.45	2.12	3.25	3.4	2.15																					2026-02-28 15:00:00+00:00	scotland:20260228T1500Z:dundee:hibernian:850	scotland:dundee	scotland:hibernian	sco.1:2025-26	sco.1:2025-26-rules-v1	103	7.0	5.0	1.0	1.6	-0.2	0.3	14.633714326992706	14.478896011210958	0.07099362395206986	142	6.0	10.0	1.4	0.8	0.5	0.3	12.25641014588071	13.276120803170317	0.12796963819721618	2025-26	5.0	10.0	7.0	6.0	1.0	1.4	2026-02-28 14:59:59.999999+00:00
	2026-02-28	15:00	Falkirk	Kilmarnock	5	1	H	3	1	H	C Steven	20	6	10	3	9	15	3	2	3	2	0	0	1.66	4.1	4.5	1.68	3.9	4.5													1.74	4.1	5.0	1.68	3.78	4.59	1.8	2.0			1.83	2.0	1.79	1.93	-0.75	1.9	1.95			1.95	1.95	1.88	1.86	1.57	4.2	4.75	1.63	4.0	4.8													1.7	4.2	5.25	1.64	3.9	4.87	1.8	2.0			1.81	2.1	1.78	1.96	-0.75	1.8	2.05			1.88	2.05	1.81	1.93	scotland	SC0							1.74	4.0	5.0	1.84	2.02	1.95	1.94							1.69	4.3	5.5	1.83	2.16	1.87	2.1			1.67	3.75	5.0	1.74	3.65	4.6	1.65	3.7	4.6	1.7	3.9	4.6	1.7	3.9	4.6	1.67	3.75	5.0	1.7	3.75	4.75	1.62	3.9	5.25																					2026-02-28 15:00:00+00:00	scotland:20260228T1500Z:falkirk:kilmarnock:851	scotland:falkirk	scotland:kilmarnock	sco.1:2025-26	sco.1:2025-26-rules-v1	28	7.0	6.0	1.0	1.4	0.2	0.3	12.644622604429458	12.578941070618455	0.0846294330458747	142	7.0	7.0	2.2	2.4	-0.8	0.2	12.267594587167928	17.193725855159606	0.11471759217987057	2025-26	6.0	7.0	7.0	7.0	1.0	2.2	2026-02-28 14:59:59.999999+00:00
	2026-02-28	15:00	Hearts	Aberdeen	1	0	H	1	0	H	K Clancy	21	5	7	0	7	16	7	4	3	5	0	0	1.41	4.2	8.0	1.41	4.6	7.25													1.44	4.75	8.0	1.39	4.52	7.34	1.73	2.1			1.75	2.14	1.7	2.06	-1.25	2.0	1.85			2.0	1.91	1.88	1.86	1.45	4.1	7.5	1.46	4.5	6.25													1.46	4.75	8.0	1.41	4.49	7.13	1.73	2.1			1.8	2.1	1.7	2.06	-1.25	2.05	1.8			2.05	1.9	1.91	1.83	scotland	SC0							1.42	4.8	8.6	1.76	2.12	1.97	1.91							1.48	4.9	7.6	1.77	2.28	2.08	1.87			1.4	4.5	7.5	1.38	4.7	8.0	1.36	4.5	7.5	1.4	4.6	7.5	1.4	4.6	7.0	1.36	4.5	8.0	1.38	4.7	8.0	1.44	4.5	7.0																					2026-02-28 15:00:00+00:00	scotland:20260228T1500Z:hearts:aberdeen:852	scotland:hearts	scotland:aberdeen	sco.1:2025-26	sco.1:2025-26-rules-v1	142	7.0	9.0	1.4	1.0	0.5	0.6	12.806319830173425	11.341325390333965	0.12137595999374899	141	3.8020833333333335	4.0	1.6	2.0	-0.9	0.1	11.130598023954045	17.439726702685302	0.0728380397157953	2025-26	9.0	4.0	7.0	3.8020833333333335	1.4	1.6	2026-02-28 14:59:59.999999+00:00
	2026-02-28	15:00	Livingston	St Mirren	1	1	D	0	1	A	D Robertson	10	12	3	2	11	17	7	2	1	2	0	0	3.3	3.4	2.1	3.2	3.4	2.15													3.4	3.5	2.25	3.21	3.37	2.14	1.91	1.91			1.95	1.93	1.88	1.85	0.25	1.98	1.88			1.98	1.88	1.91	1.83	3.6	3.5	1.96	3.3	3.4	2.1													3.6	3.5	2.18	3.34	3.43	2.07	1.88	1.98			1.91	1.98	1.83	1.91	0.25	2.05	1.75			2.05	1.87	1.94	1.79	scotland	SC0							3.35	3.5	2.26	1.94	1.89	1.97	1.95							3.7	3.65	2.14	1.94	2.02	2.11	1.85			3.3	3.3	2.15	3.2	3.45	2.17	3.2	3.3	2.1	3.25	3.5	2.15	3.2	3.4	2.15	3.4	3.4	2.05	3.2	3.45	2.18	3.4	3.5	2.05																					2026-02-28 15:00:00+00:00	scotland:20260228T1500Z:livingston:st-mirren:853	scotland:livingston	scotland:st-mirren	sco.1:2025-26	sco.1:2025-26-rules-v1	104	6.0	2.0	1.2	2.0	-1.1	0.0	8.805052253944291	19.537686189387564	0.1741695218706579	141	6.8125	4.0	0.8	2.2	-1.4	0.2	12.288781472010527	13.488259682933556	0.048059759581402794	2025-26	2.0	4.0	6.0	6.8125	1.2	0.8	2026-02-28 14:59:59.999999+00:00
	2026-02-28	15:00	Motherwell	Dundee United	2	0	H	1	0	H	N Walsh	16	7	5	3	7	13	5	3	2	3	0	0	1.45	4.2	6.5	1.5	4.4	5.75													1.52	4.6	6.75	1.47	4.26	6.2	1.73	2.1			1.73	2.25	1.67	2.1	-1.0	1.8	2.05			1.83	2.12	1.74	2.03	1.3	5.0	9.0	1.35	5.0	7.75													1.4	5.0	10.25	1.35	4.81	8.19	1.62	2.3			1.73	2.3	1.64	2.17	-1.5	1.98	1.88			2.04	1.88	1.98	1.76	scotland	SC0							1.53	4.3	7.0	1.63	2.14	1.82	2.01							1.39	5.3	9.8	1.73	2.32	2.1	1.85			1.44	4.2	6.5	1.43	4.6	6.75	1.45	4.2	6.0	1.5	4.5	6.0	1.5	4.4	5.75	1.4	4.5	7.5	1.38	4.75	7.5	1.36	4.8	8.0																					2026-02-28 15:00:00+00:00	scotland:20260228T1500Z:motherwell:dundee-united:854	scotland:motherwell	scotland:dundee-united	sco.1:2025-26	sco.1:2025-26-rules-v1	141	6.8125	13.0	2.8	0.2	1.7	0.7	15.894317021112819	10.027279369611401	0.14179826732519352	103	3.8020833333333335	5.0	1.2	1.8	-0.6	0.1	12.930279450293163	14.577479958909967	0.07341159210046344	2025-26	13.0	5.0	6.8125	3.8020833333333335	2.8	1.2	2026-02-28 14:59:59.999999+00:00
	2026-03-01	12:00	Rangers	Celtic	2	2	D	2	0	H	J Beaton	12	17	3	7	8	11	6	7	2	1	0	0	2.1	3.6	3.1	2.15	3.7	3.0													2.2	3.75	3.15	2.13	3.57	3.03	1.67	2.2			1.67	2.28	1.64	2.16	-0.25	1.9	1.95			1.9	1.95	1.86	1.88	2.05	3.7	3.1	2.1	3.6	3.1													2.15	3.75	3.2	2.08	3.64	3.13	1.62	2.3			1.67	2.38	1.61	2.22	-0.25	1.88	1.98			1.88	1.98	1.81	1.93	scotland	SC0							2.3	3.95	3.15	1.6	2.26	2.0	1.96							2.22	3.85	3.4	1.68	2.44	1.93	2.06			2.15	3.5	3.1	2.2	3.65	3.0	2.1	3.5	3.0							2.1	3.5	3.2	2.08	3.7	3.15	2.1	3.7	3.13																					2026-03-01 12:00:00+00:00	scotland:20260301T1200Z:rangers:celtic:855	scotland:rangers	scotland:celtic	sco.1:2025-26	sco.1:2025-26-rules-v1	142	6.875	9.0	2.4	1.2	1.6	0.4	19.784016603171168	9.91169872747749	0.12334078801455355	141	6.875	10.0	2.0	1.4	0.6	0.3	18.685522419496422	10.507873679473608	0.1152984943424839	2025-26	9.0	10.0	6.875	6.875	2.4	2.0	2026-03-01 11:59:59.999999+00:00
	2026-03-03	19:45	Dundee United	St Mirren	2	1	H	1	0	H	M MacDermid	18	9	4	2	12	13	8	4	2	1	0	0	2.32	3.25	2.85	2.35	3.25	2.9													2.45	3.35	3.1	2.38	3.19	2.93	2.1	1.73			2.1	1.78	2.03	1.72	-0.25	2.1	1.78			2.1	1.78	2.03	1.73	2.45	3.2	2.75	2.45	3.2	2.85													2.6	3.25	3.0	2.49	3.11	2.86	2.2	1.67			2.2	1.73	2.12	1.67	0.0	1.83	2.03			1.85	2.03	1.78	1.96	scotland	SC0							2.56	3.3	3.15	2.18	1.81	2.18	1.8							2.68	3.25	3.1	2.34	1.73	1.85	2.14			2.4	3.25	2.88	2.4	3.35	2.8	2.45	3.1	3.0							2.5	3.2	2.8	2.43	3.25	2.9	2.6	3.0	2.88																					2026-03-03 19:45:00+00:00	scotland:20260303T1945Z:dundee-united:st-mirren:856	scotland:dundee-united	scotland:st-mirren	sco.1:2025-26	sco.1:2025-26-rules-v1	104	3.1979166666666665	5.0	1.2	1.6	-0.8	0.1	11.852046822967134	14.836119966380881	0.06006402990037917	142	3.1979166666666665	4.0	1.0	2.4	-1.3	0.2	12.236275749826794	12.854030649672909	0.054473136627208346	2025-26	5.0	4.0	3.1979166666666665	3.1979166666666665	1.2	1.0	2026-03-03 19:44:59.999999+00:00
	2026-03-04	20:00	Aberdeen	Celtic	1	2	A	1	1	D	N Walsh	8	18	2	4	13	12	6	6	2	2	0	0	6.5	4.33	1.41	5.75	4.6	1.47													6.5	4.75	1.47	6.06	4.51	1.44	1.53	2.5			1.54	2.55	1.51	2.44	1.25	1.85	2.0			1.85	2.0	1.8	1.94	5.0	4.0	1.57	4.4	4.2	1.65													5.4	4.35	1.65	4.9	4.21	1.58	1.57	2.38			1.57	2.5	1.52	2.41	1.0	1.8	2.05			1.9	2.05	1.8	1.94	scotland	SC0							7.0	4.6	1.49	1.61	2.54	1.91	1.98							5.5	4.5	1.66	1.62	2.6	1.85	2.13			6.5	4.5	1.44	6.25	4.6	1.46	6.0	4.5	1.44							4.6	4.2	1.6	5.4	4.35	1.55	5.0	4.2	1.6																					2026-03-04 20:00:00+00:00	scotland:20260304T2000Z:aberdeen:celtic:857	scotland:aberdeen	scotland:celtic	sco.1:2025-26	sco.1:2025-26-rules-v1	142	4.208333333333333	1.0	0.4	1.8	-1.0	0.1	10.015943837780583	18.087049120378882	0.059594759767468884	142	3.3333333333333335	10.0	2.0	1.4	0.4	0.3	18.3790637977698	10.779169374114769	0.11572550606631035	2025-26	1.0	10.0	4.208333333333333	3.3333333333333335	0.4	2.0	2026-03-04 19:59:59.999999+00:00
	2026-03-07	15:00	Dundee	Motherwell	2	1	H	1	0	H	D McFarlane	9	21	2	9	12	19	3	1	4	2	0	0	4.1	3.6	1.79	3.9	3.5	1.87													4.2	3.6	1.92	3.98	3.47	1.84	2.0	1.85			2.0	1.85	1.93	1.8	0.5	2.0	1.85			2.0	1.89	1.9	1.82	4.2	3.7	1.76	4.1	3.5	1.83													4.33	3.75	1.88	4.16	3.57	1.82	1.91	1.91			1.92	2.0	1.87	1.86	0.5	2.05	1.8			2.05	1.89	1.94	1.8	scotland	SC0							4.4	3.55	1.9	1.98	1.87	2.02	1.9							4.8	3.8	1.86	1.92	2.04	2.13	1.86			4.0	3.5	1.83	3.95	3.45	1.92	4.1	3.4	1.8							4.2	3.6	1.8	4.0	3.5	1.88	4.33	3.6	1.8	4.2	3.6	1.85	4.2	3.6	1.85															2026-03-07 15:00:00+00:00	scotland:20260307T1500Z:dundee:motherwell:858	scotland:dundee	scotland:motherwell	sco.1:2025-26	sco.1:2025-26-rules-v1	104	7.0	6.0	1.6	1.6	-0.1	0.3	13.791220812994032	14.210005827354419	0.11263114686987533	142	7.0	13.0	2.4	0.2	1.8	0.7	15.913532108183215	9.476864938772964	0.13874403690243106	2025-26	6.0	13.0	7.0	7.0	1.6	2.4	2026-03-07 14:59:59.999999+00:00
	2026-03-14	15:00	Aberdeen	Falkirk	1	1	D	0	0	D	C Scott	9	7	3	3	17	6	4	10	1	0	0	0	2.85	3.4	2.3	2.87	3.4	2.3													2.9	3.4	2.38	2.84	3.33	2.33	2.0	1.8			2.0	1.91	1.92	1.81	0.25	1.8	2.05			1.8	2.05	1.75	2.01	2.85	3.4	2.3	2.7	3.4	2.45													2.96	3.4	2.5	2.83	3.32	2.39	2.0	1.8			2.0	1.83	1.94	1.79	0.25	1.8	2.05			1.83	2.05	1.74	2.02	scotland	SC0							3.1	3.45	2.52	1.97	1.87	1.82	2.17							2.92	3.5	2.64	2.1	1.87	1.77	2.27			2.88	3.4	2.38	2.75	3.4	2.38	2.88	3.25	2.3							2.88	3.4	2.38	2.75	3.35	2.43	2.9	3.3	2.4																					2026-03-14 15:00:00+00:00	scotland:20260314T1500Z:aberdeen:falkirk:859	scotland:aberdeen	scotland:falkirk	sco.1:2025-26	sco.1:2025-26-rules-v1	143	9.791666666666666	1.0	0.6	1.6	-0.9	0.1	9.649408594547749	18.07122200758272	0.07148662162792908	29	14.0	9.0	2.0	1.2	0.7	0.3	13.981963949078647	11.382769966869645	0.11469680885571566	2025-26	1.0	9.0	9.791666666666666	14.0	0.6	2.0	2026-03-14 14:59:59.999999+00:00
	2026-03-14	15:00	Celtic	Motherwell	3	1	H	1	1	D	J Beaton	13	12	6	3	10	10	2	3	4	2	0	1	1.62	3.9	5.0	1.66	4.1	4.4													1.67	4.2	5.0	1.63	3.97	4.67	1.62	2.3			1.67	2.3	1.6	2.23	-0.75	1.83	2.03			1.83	2.03	1.79	1.96	1.66	4.0	4.5	1.66	4.1	4.4													1.68	4.2	4.7	1.65	4.04	4.51	1.57	2.38			1.62	2.45	1.55	2.34	-0.75	1.88	1.98			1.88	1.98	1.8	1.94	scotland	SC0							1.68	4.3	5.7	1.66	2.34	1.84	2.13							1.72	4.3	5.2	1.61	2.58	1.9	2.08			1.67	4.2	4.6	1.62	3.95	4.8	1.62	3.9	4.6							1.67	4.2	4.5	1.65	3.9	4.7	1.65	4.1	4.6																					2026-03-14 15:00:00+00:00	scotland:20260314T1500Z:celtic:motherwell:860	scotland:celtic	scotland:motherwell	sco.1:2025-26	sco.1:2025-26-rules-v1	143	9.791666666666666	10.0	2.0	1.6	0.7	0.3	18.3101431072662	10.273865851548447	0.11488652516536502	143	7.0	10.0	2.2	0.6	1.8	0.7	16.838344452149904	9.390162222632425	0.12217585703272497	2025-26	10.0	10.0	9.791666666666666	7.0	2.0	2.2	2026-03-14 14:59:59.999999+00:00
	2026-03-14	15:00	Hibernian	Livingston	0	0	D	0	0	D	L Wilson	22	6	5	2	6	7	12	0	2	1	0	0	1.39	4.75	7.0	1.43	4.75	6.25													1.44	5.0	7.3	1.4	4.64	6.66	1.62	2.3			1.64	2.3	1.59	2.25	-1.25	1.93	1.93			1.98	1.93	1.9	1.85	1.37	4.75	7.5	1.39	4.75	7.0													1.4	5.0	7.7	1.38	4.68	7.28	1.73	2.1			1.73	2.28	1.66	2.13	-1.25	1.93	1.93			1.98	1.93	1.9	1.84	scotland	SC0							1.42	4.9	7.8	1.51	2.38	1.91	1.94							1.43	5.1	8.8	1.77	2.24	1.95	2.01			1.4	5.0	7.0	1.43	4.5	6.5	1.4	4.5	6.5							1.4	4.6	7.5	1.38	4.7	7.0	1.4	4.6	7.5																					2026-03-14 15:00:00+00:00	scotland:20260314T1500Z:hibernian:livingston:861	scotland:hibernian	scotland:livingston	sco.1:2025-26	sco.1:2025-26-rules-v1	143	14.0	10.0	2.0	1.4	0.4	0.3	12.391608301175125	12.680462475321168	0.14666047321030973	105	14.0	3.0	1.4	1.8	-0.9	0.0	9.022315480499874	18.167197791317097	0.16068415425781102	2025-26	10.0	3.0	14.0	14.0	2.0	1.4	2026-03-14 14:59:59.999999+00:00
	2026-03-14	20:00	Kilmarnock	Hearts	1	0	H	1	0	H	D Dickinson	11	15	4	3	13	14	2	9	2	2	0	0	4.75	3.8	1.66	4.4	3.8	1.71													5.3	4.0	1.73	4.7	3.81	1.67	1.85	2.0			1.85	2.02	1.78	1.95	0.75	1.93	1.93			2.02	1.93	1.93	1.82	4.5	3.9	1.68	4.33	3.8	1.73													4.8	4.0	1.75	4.41	3.9	1.7	1.73	2.1			1.75	2.15	1.69	2.07	0.75	1.88	1.98			2.02	1.98	1.91	1.84	scotland	SC0							5.1	4.0	1.75	1.8	2.04	1.95	1.94							4.8	4.2	1.78	1.75	2.28	1.96	2.0			4.6	4.0	1.7	5.25	3.9	1.58	4.6	3.7	1.67	4.5	3.9	1.73	4.5	3.8	1.73	4.5	4.0	1.7	4.8	3.85	1.65	4.33	3.9	1.73	4.4	3.9	1.75	4.33	3.8	1.75															2026-03-14 20:00:00+00:00	scotland:20260314T2000Z:kilmarnock:hearts:862	scotland:kilmarnock	scotland:hearts	sco.1:2025-26	sco.1:2025-26-rules-v1	143	14.208333333333334	4.0	1.8	3.4	-1.2	0.1	11.128031934955576	17.70395751785786	0.12416287845019712	143	14.208333333333334	9.0	1.0	1.0	0.7	0.7	14.296079861050984	10.188357137545971	0.10796561228925783	2025-26	4.0	9.0	14.208333333333334	14.208333333333334	1.8	1.0	2026-03-14 19:59:59.999999+00:00
	2026-03-15	12:00	St Mirren	Rangers	0	1	A	0	1	A	S McLean	6	17	1	7	7	11	1	11	0	1	0	0	5.25	3.9	1.57	4.8	3.8	1.66													5.6	4.0	1.66	5.02	3.85	1.61	1.8	2.0			1.8	2.02	1.76	1.98	1.0	1.75	2.05			1.8	2.06	1.72	2.04	6.5	4.33	1.42	5.75	4.4	1.49													6.5	4.5	1.5	6.16	4.36	1.46	1.67	2.2			1.69	2.2	1.66	2.13	1.0	2.05	1.75			2.05	2.06	1.94	1.82	scotland	SC0							5.6	4.1	1.63	1.78	2.12	1.77	2.06							7.2	4.8	1.52	1.76	2.28	2.16	1.85			5.0	4.0	1.62	5.0	3.95	1.6	5.0	3.8	1.6							6.5	4.5	1.44	5.8	4.3	1.49	6.5	4.5	1.45																					2026-03-15 12:00:00+00:00	scotland:20260315T1200Z:st-mirren:rangers:863	scotland:st-mirren	scotland:rangers	sco.1:2025-26	sco.1:2025-26-rules-v1	143	11.677083333333334	1.0	1.0	2.8	-1.2	0.2	11.647861977131013	13.78966144064147	0.06477095016973611	143	14.0	9.0	2.8	1.6	1.5	0.4	18.368740857140047	11.200480777027035	0.1312182204967559	2025-26	1.0	9.0	11.677083333333334	14.0	1.0	2.8	2026-03-15 11:59:59.999999+00:00
	2026-03-15	14:00	Dundee	Dundee United	2	2	D	0	0	D	D Nicolson	6	20	1	10	5	13	4	7	1	4	0	0	2.25	3.4	3.0	2.25	3.4	2.95													2.33	3.55	3.1	2.25	3.37	2.98	1.93	1.93			2.0	1.93	1.86	1.86	-0.25	2.03	1.83			2.03	1.87	1.94	1.82	2.45	3.2	2.75	2.4	3.3	2.8													2.5	3.4	3.1	2.42	3.27	2.82	2.1	1.73			2.1	1.8	2.0	1.74	-0.25	2.1	1.7			2.1	1.87	2.0	1.75	scotland	SC0							2.42	3.45	3.05	1.89	1.93	2.07	1.82							2.6	3.55	2.94	2.16	1.82	2.25	1.79						2.18	3.5	3.05	2.25	3.3	2.9	2.3	3.4	3.0	2.3	3.4	3.0				2.32	3.4	2.88	2.5	3.25	2.8																					2026-03-15 14:00:00+00:00	scotland:20260315T1400Z:dundee:dundee-united:864	scotland:dundee	scotland:dundee-united	sco.1:2025-26	sco.1:2025-26-rules-v1	105	7.958333333333333	8.0	2.0	1.8	-0.1	0.2	12.920089756086027	15.444550222380887	0.1325567969339384	105	11.760416666666666	8.0	1.2	1.2	-0.7	0.1	12.969856491518565	13.77500724522072	0.06934531739323951	2025-26	8.0	8.0	7.958333333333333	11.760416666666666	2.0	1.2	2026-03-15 13:59:59.999999+00:00
	2026-03-21	15:00	Falkirk	St Mirren	1	2	A	1	1	D	R Hardie	11	11	2	4	15	14	7	4	1	2	0	0	1.81	3.5	4.2	1.9	3.4	4.0													1.91	3.6	4.2	1.85	3.47	3.95	1.91	1.91			1.93	1.91	1.89	1.84	-0.5	1.88	1.98			1.9	1.98	1.83	1.88	1.71	3.6	4.75	1.75	3.6	4.5													1.8	3.8	4.75	1.75	3.62	4.47	1.91	1.91			1.93	1.91	1.88	1.86	-0.75	2.0	1.85			2.28	1.85	2.04	1.74	scotland	SC0							1.9	3.7	4.7	1.99	1.9	1.9	2.09							1.82	3.9	5.0	2.0	1.99	2.05	1.92			1.91	3.6	3.75	1.88	3.5	3.85	1.83	3.5	3.9							1.8	3.6	4.6	1.8	3.6	4.1	1.73	3.7	4.6																					2026-03-21 15:00:00+00:00	scotland:20260321T1500Z:falkirk:st-mirren:865	scotland:falkirk	scotland:st-mirren	sco.1:2025-26	sco.1:2025-26-rules-v1	30	7.0	7.0	1.8	1.2	0.6	0.2	12.712515958337075	10.949539063802437	0.11981686958324787	144	6.125	1.0	0.4	2.2	-1.1	0.2	10.620977981289009	14.373359360524837	0.05299441377523863	2025-26	7.0	1.0	7.0	6.125	1.8	0.4	2026-03-21 14:59:59.999999+00:00
	2026-03-21	15:00	Hearts	Dundee	1	0	H	0	0	D	D Robertson	15	8	6	1	12	11	4	7	1	2	1	0	1.39	4.75	6.5	1.43	4.6	6.5													1.43	4.75	8.0	1.39	4.49	7.19	1.8	2.0			1.8	2.1	1.73	2.02	-1.25	1.98	1.88			1.98	1.95	1.87	1.87	1.35	4.75	7.0	1.4	4.8	6.75													1.4	5.0	8.0	1.37	4.66	7.55	1.73	2.1			1.73	2.1	1.7	2.07	-1.25	1.88	1.98			1.88	1.98	1.82	1.92	scotland	SC0							1.44	4.6	8.2	1.8	2.06	2.01	1.86							1.43	5.2	9.2	1.76	2.28	1.95	2.0			1.4	4.5	7.5	1.38	4.5	7.5	1.4	4.33	7.0							1.4	4.6	8.0	1.4	4.4	7.5	1.36	4.8	8.0																					2026-03-21 15:00:00+00:00	scotland:20260321T1500Z:hearts:dundee:866	scotland:hearts	scotland:dundee	sco.1:2025-26	sco.1:2025-26-rules-v1	144	6.791666666666667	9.0	1.0	1.0	0.5	0.6	14.424065340859894	10.335928567083066	0.08833550096393822	106	6.041666666666667	9.0	2.4	2.0	-0.2	0.2	11.66189161861584	16.272813818311633	0.16906162173382838	2025-26	9.0	9.0	6.791666666666667	6.041666666666667	1.0	2.4	2026-03-21 14:59:59.999999+00:00
	2026-03-21	15:00	Kilmarnock	Livingston	2	0	H	1	0	H	R Lee	17	10	4	1	14	7	3	4	0	1	0	1	1.86	3.6	3.75	1.9	3.5	3.75													1.95	3.75	4.0	1.88	3.56	3.74	1.8	2.0			1.8	2.1	1.75	2.0	-0.5	1.93	1.93			1.93	1.93	1.86	1.85	1.76	3.8	4.2	1.8	3.7	4.1													1.87	3.8	4.33	1.79	3.69	4.1	1.73	2.1			1.8	2.1	1.72	2.04	-0.5	1.75	2.05			1.83	2.05	1.76	1.96	scotland	SC0							1.95	3.8	4.2	1.83	2.06	1.95	2.04							1.82	4.0	4.6	1.84	2.18	1.82	2.16			1.91	3.75	3.75	1.87	3.6	3.8	1.87	3.5	3.7							1.83	3.75	4.0	1.87	3.6	3.85	1.75	3.8	4.2																					2026-03-21 15:00:00+00:00	scotland:20260321T1500Z:kilmarnock:livingston:867	scotland:kilmarnock	scotland:livingston	sco.1:2025-26	sco.1:2025-26-rules-v1	144	6.791666666666667	7.0	1.8	2.4	-1.0	0.2	11.104753401327288	17.212328878247337	0.11811673526090508	106	7.0	4.0	1.2	1.4	-0.8	0.1	8.47280357495444	18.864070920168533	0.13146885348366355	2025-26	7.0	4.0	6.791666666666667	7.0	1.8	1.2	2026-03-21 14:59:59.999999+00:00
	2026-03-21	15:00	Motherwell	Hibernian	0	0	D	0	0	D	D Dickinson	7	7	3	1	7	9	2	4	3	4	0	0	1.81	3.6	4.0	1.9	3.5	3.8													1.95	3.65	4.2	1.87	3.49	3.9	1.91	1.91			1.91	2.02	1.82	1.9	-0.5	1.9	1.95			1.91	1.95	1.84	1.87	1.86	3.5	3.8	1.93	3.5	3.75													2.0	3.6	3.85	1.93	3.48	3.75	1.91	1.91			1.91	2.04	1.83	1.9	-0.5	1.98	1.88			1.98	1.9	1.88	1.83	scotland	SC0							1.95	3.7	4.0	1.88	2.04	1.95	1.96							2.04	3.6	4.2	1.97	2.02	2.05	1.94			1.9	3.6	4.0	1.84	3.65	3.9	1.85	3.5	3.8							1.95	3.6	3.75	1.89	3.55	3.8	1.95	3.5	3.75																					2026-03-21 15:00:00+00:00	scotland:20260321T1500Z:motherwell:hibernian:868	scotland:motherwell	scotland:hibernian	sco.1:2025-26	sco.1:2025-26-rules-v1	144	7.0	9.0	2.2	1.0	1.4	0.6	15.95864546084992	10.046496363971983	0.11511357999647194	144	7.0	8.0	1.4	1.0	0.2	0.3	14.138588610052375	11.465832934353681	0.11999493262661703	2025-26	9.0	8.0	7.0	7.0	2.2	1.4	2026-03-21 14:59:59.999999+00:00
	2026-03-21	17:45	Rangers	Aberdeen	4	1	H	1	0	H	M MacDermid	18	6	7	1	15	17	2	4	0	4	0	0	1.25	5.75	9.0	1.3	5.75	8.5													1.3	5.75	10.0	1.28	5.43	9.12	1.5	2.63			1.53	2.63	1.5	2.47	-1.5	1.83	2.03			1.85	2.03	1.79	1.93	1.15	7.0	13.0	1.2	7.0	12.0													1.22	7.5	17.5	1.18	6.57	13.54	1.5	2.63			1.5	2.63	1.49	2.51	-2.0	1.93	1.93			2.4	1.93	2.04	1.76	scotland	SC0							1.31	5.9	10.5	1.54	2.64	1.88	1.98							1.23	7.6	17.5	1.55	2.74	2.06	1.91			1.3	5.5	9.5	1.28	5.5	9.0	1.25	5.5	9.5							1.2	6.5	13.0	1.2	6.25	12.0	1.15	7.0	17.0																					2026-03-21 17:45:00+00:00	scotland:20260321T1745Z:rangers:aberdeen:869	scotland:rangers	scotland:aberdeen	sco.1:2025-26	sco.1:2025-26-rules-v1	144	6.239583333333333	9.0	2.0	1.4	1.4	0.5	18.119878883114584	10.254938817567574	0.11805554939039387	144	7.114583333333333	2.0	0.8	1.4	-0.8	0.1	9.531334304629976	16.058272551658586	0.0786910742612349	2025-26	9.0	2.0	6.239583333333333	7.114583333333333	2.0	0.8	2026-03-21 17:44:59.999999+00:00
	2026-03-22	12:30	Dundee United	Celtic	2	0	H	0	0	D	N Walsh	19	13	8	3	7	8	7	6	2	2	0	0	5.0	4.75	1.49	5.25	4.5	1.53													5.8	4.75	1.53	5.4	4.43	1.5	1.53	2.5			1.54	2.5	1.51	2.44	1.0	2.0	1.85			2.0	1.85	1.96	1.79	5.0	4.75	1.51	4.8	4.6	1.55													5.6	4.75	1.56	5.13	4.53	1.52	1.53	2.5			1.53	2.63	1.48	2.51	1.0	1.98	1.88			1.98	1.93	1.92	1.83	scotland	SC0							5.9	4.7	1.54	1.53	2.56	2.06	1.83							5.8	4.9	1.59	1.58	2.72	2.04	1.93			5.5	4.5	1.53	5.8	4.4	1.48	5.25	4.33	1.5							5.5	4.5	1.53	5.6	4.4	1.49	5.25	4.5	1.53																					2026-03-22 12:30:00+00:00	scotland:20260322T1230Z:dundee-united:celtic:870	scotland:dundee-united	scotland:celtic	sco.1:2025-26	sco.1:2025-26-rules-v1	106	6.9375	6.0	1.0	1.2	-0.9	0.1	14.248064402151552	12.361369564271499	0.07491889604901415	144	7.895833333333333	10.0	2.2	1.6	1.1	0.3	17.344662542308708	10.587708423994183	0.13595610800243152	2025-26	6.0	10.0	6.9375	7.895833333333333	1.0	2.2	2026-03-22 12:29:59.999999+00:00
	2026-04-04	15:00	Hibernian	Kilmarnock	3	0	H	2	0	H	C Scott	5	11	3	2	9	15	3	9	1	3	0	0	1.49	4.2	6.25	1.5	4.33	5.75													1.55	4.35	6.25	1.5	4.24	5.69	1.62	2.3			1.62	2.33	1.59	2.23	-1.0	1.85	2.0			1.85	2.0	1.79	1.93	1.53	4.0	6.0	1.53	4.2	5.5													1.6	4.33	7.0	1.54	4.03	5.8	1.73	2.1			1.75	2.2	1.7	2.06	-1.0	2.0	1.85			2.0	1.93	1.89	1.83	scotland	SC0							1.57	4.4	6.2	1.66	2.3	1.9	2.03							1.62	4.4	6.2	1.82	2.16	2.02	1.91			1.5	4.33	6.0	1.49	4.35	5.75	1.5	4.1	5.5							1.57	4.2	5.5	1.5	4.2	5.8	1.57	4.1	5.5																					2026-04-04 14:00:00+00:00	scotland:20260404T1400Z:hibernian:kilmarnock:871	scotland:hibernian	scotland:kilmarnock	sco.1:2025-26	sco.1:2025-26-rules-v1	145	13.958333333333334	9.0	1.4	0.8	0.0	0.4	12.840663408224671	10.65386330992574	0.0981776721490503	145	13.958333333333334	7.0	1.4	1.8	-0.6	0.3	12.17661641926778	15.900996354929639	0.11803133954501858	2025-26	9.0	7.0	13.958333333333334	13.958333333333334	1.4	1.4	2026-04-04 13:59:59.999999+00:00
	2026-04-04	15:00	Motherwell	Falkirk	2	3	A	1	2	A	D Nicolson	14	12	7	5	15	15	6	2	2	3	0	0	1.76	3.7	4.33	1.8	3.6	4.2													1.84	3.7	4.33	1.79	3.57	4.16	1.93	1.93			1.93	2.0	1.85	1.88	-0.5	1.8	2.05			1.8	2.05	1.77	1.94	1.96	3.6	3.7	1.9	3.5	3.75													2.0	3.6	4.2	1.91	3.47	3.84	1.88	1.98			1.91	1.98	1.84	1.89	-0.5	2.0	1.85			2.0	1.9	1.87	1.84	scotland	SC0							1.85	3.85	4.6	1.89	1.92	1.85	2.14							2.0	3.55	4.4	1.96	2.02	2.01	1.96			1.83	3.6	4.2	1.82	3.55	4.1	1.75	3.6	4.2							1.91	3.5	3.75	1.82	3.55	4.1	1.95	3.5	3.7																					2026-04-04 14:00:00+00:00	scotland:20260404T1400Z:motherwell:falkirk:872	scotland:motherwell	scotland:falkirk	sco.1:2025-26	sco.1:2025-26-rules-v1	145	13.958333333333334	7.0	1.8	1.0	1.2	0.6	14.32980083160448	9.492587934158895	0.09418383817893158	31	13.958333333333334	4.0	1.8	1.6	0.3	0.1	12.401149420457607	10.95871377947472	0.11456090982431023	2025-26	7.0	4.0	13.958333333333334	13.958333333333334	1.8	1.8	2026-04-04 13:59:59.999999+00:00
	2026-04-04	15:00	Rangers	Dundee United	4	2	H	2	1	H	J Beaton	21	14	10	4	9	12	10	1	1	2	0	0	1.22	6.5	11.0	1.26	6.0	9.75													1.26	6.5	13.5	1.22	6.0	10.56	1.44	2.75			1.48	2.75	1.44	2.63	-1.75	1.85	2.0			1.85	2.0	1.8	1.92	1.3	5.25	8.0	1.34	5.25	7.5													1.35	5.8	10.5	1.3	5.31	8.66	1.53	2.5			1.53	2.6	1.48	2.51	-1.5	1.98	1.88			1.98	1.97	1.83	1.88	scotland	SC0							1.25	6.4	12.0	1.44	2.86	1.84	1.96							1.34	6.0	10.5	1.56	2.7	1.97	1.95			1.25	6.0	11.0	1.21	6.1	11.0	1.2	6.0	11.0							1.3	5.5	9.0	1.24	5.8	10.5	1.33	5.25	8.5																					2026-04-04 14:00:00+00:00	scotland:20260404T1400Z:rangers:dundee-united:873	scotland:rangers	scotland:dundee-united	sco.1:2025-26	sco.1:2025-26-rules-v1	145	13.84375	11.0	2.6	1.4	1.5	0.4	18.098082722548295	9.481313578009832	0.1369949444507263	107	13.0625	8.0	1.2	1.0	-0.6	0.2	15.112052692669451	12.477484188949408	0.08043603456641828	2025-26	11.0	8.0	13.84375	13.0625	2.6	1.2	2026-04-04 13:59:59.999999+00:00
	2026-04-04	15:00	St Mirren	Aberdeen	2	0	H	1	0	H	N Walsh	11	7	4	0	8	15	8	5	1	3	0	0	2.15	3.25	3.3	2.2	3.4	3.1													2.2	3.5	3.4	2.14	3.37	3.17	1.93	1.93			1.93	2.0	1.83	1.9	-0.25	1.93	1.93			1.93	1.93	1.86	1.86	1.86	3.5	3.9	1.95	3.5	3.6													2.02	3.5	3.9	1.95	3.44	3.7	1.98	1.88			1.98	1.91	1.9	1.84	-0.5	1.95	1.9			1.97	1.9	1.9	1.8	scotland	SC0							2.28	3.55	3.35	1.83	1.97	1.96	1.99							2.06	3.55	4.2	2.04	1.94	2.04	1.94			2.2	3.5	3.1	2.05	3.45	3.4	2.15	3.3	3.1							2.0	3.5	3.6	2.02	3.45	3.45	1.93	3.5	3.8																					2026-04-04 14:00:00+00:00	scotland:20260404T1400Z:st-mirren:aberdeen:874	scotland:st-mirren	scotland:aberdeen	sco.1:2025-26	sco.1:2025-26-rules-v1	145	13.958333333333334	4.0	0.8	2.0	-0.8	0.2	10.689891075600098	13.760021294974866	0.07641691705577375	145	13.84375	2.0	0.6	1.6	-0.9	0.1	8.88927352196998	16.411313905902478	0.09468663651676794	2025-26	4.0	2.0	13.958333333333334	13.84375	0.8	0.6	2026-04-04 13:59:59.999999+00:00
	2026-04-05	14:00	Livingston	Hearts	2	2	D	1	1	D	K Clancy	15	19	3	6	10	10	5	5	2	1	0	1	6.5	4.2	1.46	5.75	4.4	1.49													6.5	4.4	1.5	6.09	4.2	1.47	1.73	2.1			1.8	2.18	1.69	2.07	1.0	2.03	1.83			2.03	1.83	1.96	1.77	6.5	4.2	1.45	6.0	4.33	1.49													7.5	4.5	1.5	6.55	4.31	1.45	1.73	2.1			1.73	2.2	1.68	2.1	1.25	1.75	2.05			1.8	2.05	1.73	1.99	scotland	SC0							6.6	4.4	1.54	1.75	2.1									7.4	4.7	1.52	1.79	2.24	1.79	2.17			6.5	4.33	1.5	5.8	4.3	1.49	6.0	4.2	1.45							6.5	4.2	1.5	7.5	4.5	1.38	6.5	4.4	1.45																					2026-04-05 13:00:00+00:00	scotland:20260405T1300Z:livingston:hearts:875	scotland:livingston	scotland:hearts	sco.1:2025-26	sco.1:2025-26-rules-v1	107	14.916666666666666	4.0	1.0	1.4	-1.0	0.1	8.750475652235451	18.525148934683344	0.1075654255775429	145	14.916666666666666	9.0	1.0	1.0	0.5	0.6	14.528780733430821	9.911214282158872	0.08439571290988883	2025-26	4.0	9.0	14.916666666666666	14.916666666666666	1.0	1.0	2026-04-05 12:59:59.999999+00:00
	2026-04-05	16:30	Dundee	Celtic	1	2	A	0	1	A	S McLean	8	17	3	8	7	13	1	4	0	2	1	0	6.0	4.5	1.46	5.5	4.6	1.5													6.1	4.6	1.5	5.79	4.47	1.47	1.5	2.63			1.5	2.63	1.46	2.59	1.25	1.8	2.05			1.8	2.05	1.76	1.97	5.75	4.33	1.49	5.0	4.33	1.55													6.1	4.5	1.55	5.6	4.36	1.5	1.57	2.38			1.58	2.5	1.55	2.34	1.0	1.98	1.88			1.98	1.88	1.92	1.8	scotland	SC0							5.8	4.7	1.54	1.48	2.76	1.79	2.1							6.4	4.6	1.57	1.61	2.58	2.02	1.91			6.0	4.6	1.5	6.1	4.6	1.44	5.75	4.4	1.45							5.5	4.33	1.53	6.1	4.3	1.47	5.75	4.5	1.5																					2026-04-05 15:30:00+00:00	scotland:20260405T1530Z:dundee:celtic:876	scotland:dundee	scotland:celtic	sco.1:2025-26	sco.1:2025-26-rules-v1	107	15.020833333333334	8.0	2.0	1.8	-0.4	0.1	10.996093142503868	16.041393124073153	0.1383231450549505	145	14.125	7.0	1.6	1.6	0.5	0.2	16.55472389825258	12.117215983267968	0.11123681563835305	2025-26	8.0	7.0	15.020833333333334	14.125	2.0	1.6	2026-04-05 15:29:59.999999+00:00
	2026-04-11	15:00	Aberdeen	Hibernian	2	0	H	1	0	H	D Dickinson	17	4	5	1	18	9	3	3	2	2	0	1	3.4	3.4	2.05	3.4	3.5	2.05													3.4	3.5	2.18	3.27	3.37	2.09	1.93	1.93			1.93	1.94	1.86	1.87	0.25	2.05	1.8			2.05	1.8	1.95	1.77	3.2	3.4	2.15	3.2	3.5	2.15													3.4	3.5	2.25	3.2	3.38	2.15	1.91	1.91			1.91	1.92	1.86	1.87	0.25	1.93	1.93			1.93	1.93	1.88	1.84	scotland	SC0							3.5	3.5	2.14	2.02	1.94	2.06	1.84							3.5	3.45	2.3	2.0	1.98	2.0	1.97			3.4	3.4	2.1	3.05	3.4	2.18	3.25	3.4	2.05							3.2	3.5	2.15	3.2	3.4	2.14	3.13	3.4	2.2																					2026-04-11 14:00:00+00:00	scotland:20260411T1400Z:aberdeen:hibernian:877	scotland:aberdeen	scotland:hibernian	sco.1:2025-26	sco.1:2025-26-rules-v1	146	7.0	1.0	0.6	2.0	-0.9	0.1	8.545769245248165	15.427438650283845	0.07747088442281012	146	7.0	9.0	1.6	0.8	0.3	0.5	11.415088243092914	10.716797253575605	0.18941809539467752	2025-26	1.0	9.0	7.0	7.0	0.6	1.6	2026-04-11 13:59:59.999999+00:00
	2026-04-11	15:00	Celtic	St Mirren	1	0	H	1	0	H	D Nicolson	7	5	4	1	12	14	3	7	0	2	0	0	1.27	5.25	8.0	1.32	5.5	8.0													1.32	6.0	10.0	1.28	5.47	8.52	1.44	2.75			1.44	2.9	1.41	2.74	-1.5	1.85	2.0			1.85	2.02	1.77	1.94	1.25	5.5	9.0	1.28	5.75	9.0													1.29	6.0	10.25	1.27	5.64	9.33	1.5	2.63			1.5	2.88	1.45	2.63	-1.75	2.03	1.83			2.03	1.83	1.97	1.76	scotland	SC0							1.33	5.9	10.0	1.45	2.96	1.88	2.03							1.3	6.2	12.0	1.51	2.86	2.06	1.84			1.3	5.5	9.0	1.24	6.0	10.0	1.29	5.25	8.0							1.29	5.5	10.0	1.24	5.8	10.0	1.25	6.0	10.0																					2026-04-11 14:00:00+00:00	scotland:20260411T1400Z:celtic:st-mirren:878	scotland:celtic	scotland:st-mirren	sco.1:2025-26	sco.1:2025-26-rules-v1	146	5.9375	10.0	1.8	1.4	0.5	0.1	16.635683189479384	11.368631259037429	0.11240231439929421	146	7.0	7.0	1.2	1.0	-0.6	0.3	10.74627451640008	12.530926514070345	0.09558078337621158	2025-26	10.0	7.0	5.9375	7.0	1.8	1.2	2026-04-11 13:59:59.999999+00:00
	2026-04-11	15:00	Dundee United	Livingston	3	2	H	1	0	H	C Graham	15	14	5	6	7	9	4	3	0	0	0	0	1.53	4.0	5.5	1.62	4.1	4.75													1.67	4.2	5.6	1.6	3.94	5.04	1.67	2.2			1.73	2.2	1.68	2.1	-1.0	2.03	1.83			2.03	1.83	1.97	1.77	1.62	3.9	5.0	1.65	4.0	4.75													1.67	4.0	5.0	1.63	3.95	4.83	1.67	2.2			1.73	2.2	1.66	2.11	-0.75	1.83	2.03			1.83	2.03	1.77	1.96	scotland	SC0							1.65	4.1	5.5	1.7	2.2	2.04	1.82							1.72	4.1	5.4	1.74	2.32	1.9	2.07			1.62	4.2	5.0	1.64	3.8	4.9	1.57	4.0	5.0							1.67	4.0	4.6	1.6	3.95	5.0	1.65	4.0	4.8																					2026-04-11 14:00:00+00:00	scotland:20260411T1400Z:dundee-united:livingston:879	scotland:dundee-united	scotland:livingston	sco.1:2025-26	sco.1:2025-26-rules-v1	108	7.0	7.0	1.6	1.8	-0.4	0.2	14.909861294002276	14.027032518231334	0.09178532698291364	108	6.041666666666667	4.0	1.0	1.4	-1.0	0.1	9.88675280637446	18.611485492013642	0.11225049971495933	2025-26	7.0	4.0	7.0	6.041666666666667	1.6	1.0	2026-04-11 13:59:59.999999+00:00
	2026-04-11	15:00	Hearts	Motherwell	3	1	H	0	0	D	M MacDermid	12	12	5	3	7	14	6	4	1	2	0	0	1.91	3.4	4.0	1.95	3.5	3.6													2.0	3.6	4.0	1.95	3.41	3.68	1.88	1.98			1.91	1.98	1.82	1.92	-0.5	1.98	1.88			1.98	1.88	1.91	1.79	1.91	3.4	4.1	1.95	3.5	3.6													2.0	3.5	4.1	1.96	3.4	3.71	1.91	1.91			1.91	1.97	1.86	1.86	-0.5	1.98	1.88			1.98	1.88	1.91	1.8	scotland	SC0							2.0	3.55	3.85	1.54	1.96	2.0	1.92							2.04	3.55	4.2	2.0	1.96	2.04	1.94			2.0	3.6	3.6	1.96	3.5	3.6	1.93	3.4	3.6							2.0	3.5	3.6	1.95	3.5	3.65	1.95	3.5	3.75																					2026-04-11 14:00:00+00:00	scotland:20260411T1400Z:hearts:motherwell:880	scotland:hearts	scotland:motherwell	sco.1:2025-26	sco.1:2025-26-rules-v1	146	6.041666666666667	10.0	1.0	0.6	0.3	0.5	15.341729690988853	10.836448049039078	0.08818979381622483	146	7.0	4.0	1.2	1.6	1.1	0.6	14.269837044040028	9.948481037039095	0.10303352993860634	2025-26	10.0	4.0	6.041666666666667	7.0	1.0	1.2	2026-04-11 13:59:59.999999+00:00
	2026-04-11	15:00	Kilmarnock	Dundee	2	2	D	2	1	H	R Hardie	13	8	3	6	24	7	4	2	4	2	0	0	2.1	3.5	3.25	2.1	3.5	3.2													2.2	3.6	3.3	2.12	3.43	3.17	1.8	2.0			1.8	2.04	1.77	1.97	-0.25	1.88	1.98			1.9	1.98	1.85	1.88	2.15	3.4	3.25	2.15	3.4	3.1													2.22	3.5	3.3	2.15	3.4	3.18	1.8	2.0			2.0	2.0	1.84	1.89	-0.25	1.9	1.95			1.9	1.95	1.85	1.87	scotland	SC0							2.24	3.65	3.3	1.85	2.04	1.93	1.97							2.28	3.55	3.45	1.93	2.06	1.97	2.01			2.15	3.6	3.1	2.05	3.55	3.3	2.1	3.4	3.13							2.2	3.5	3.1	2.06	3.45	3.3	2.15	3.5	3.2																					2026-04-11 14:00:00+00:00	scotland:20260411T1400Z:kilmarnock:dundee:881	scotland:kilmarnock	scotland:dundee	sco.1:2025-26	sco.1:2025-26-rules-v1	146	7.0	7.0	1.0	1.8	-0.9	0.3	11.962686161219093	13.918997017669703	0.09657109599137884	108	5.9375	5.0	1.6	1.8	-0.4	0.1	10.451348934775892	16.21568528333258	0.1359007550449595	2025-26	7.0	5.0	7.0	5.9375	1.0	1.6	2026-04-11 13:59:59.999999+00:00
	2026-04-12	12:00	Falkirk	Rangers	3	6	A	2	1	H	D Robertson	7	20	3	9	16	13	2	1	3	4	0	0	4.75	3.5	1.71	4.2	3.9	1.72													4.75	3.9	1.85	4.18	3.66	1.76	1.8	2.0			1.8	2.1	1.73	2.02	0.75	1.83	2.03			1.83	2.03	1.77	1.96	4.1	3.5	1.86	3.7	3.6	1.9													4.2	3.8	1.95	3.88	3.6	1.86	1.8	2.0			1.8	2.07	1.74	2.01	0.5	1.9	1.95			1.98	1.95	1.87	1.83	scotland	SC0							4.6	3.8	1.78	1.75	2.1	1.86	1.99							4.2	3.8	1.98	1.83	2.18	2.0	1.99			4.2	3.75	1.8	4.4	3.7	1.73	4.1	3.6	1.75							3.75	3.6	1.95	4.2	3.8	1.75	3.75	3.6	1.93																					2026-04-12 11:00:00+00:00	scotland:20260412T1100Z:falkirk:rangers:882	scotland:falkirk	scotland:rangers	sco.1:2025-26	sco.1:2025-26-rules-v1	32	7.875	7.0	2.0	1.4	0.5	0.1	12.328213162192586	11.511674910479316	0.13918619894716291	146	7.875	11.0	2.6	1.4	1.5	0.3	18.62570404572133	10.302892927462588	0.14671880736444703	2025-26	7.0	11.0	7.875	7.875	2.0	2.6	2026-04-12 10:59:59.999999+00:00
	2026-04-25	15:00	Aberdeen	Kilmarnock	1	0	H	1	0	H	N Walsh	10	11	4	3	16	16	6	5	1	4	0	0	1.91	3.5	3.8	1.98	3.5	3.5													2.02	3.6	3.8	1.97	3.51	3.48	1.91	1.91			1.91	2.04	1.79	1.94	-0.5	2.0	1.85			2.0	1.85	1.94	1.76	1.86	3.6	3.9	1.9	3.5	3.8													2.02	3.75	4.0	1.92	3.54	3.69	1.88	1.98			1.88	2.05	1.77	1.95	-0.5	1.93	1.93			1.95	1.93	1.89	1.81	scotland	SC0																													2.0	3.6	3.5	2.0	3.5	3.4	1.95	3.4	3.5	2.0	3.5	3.6	2.0	3.5	3.5				2.0	3.5	3.45							1.91	3.5	3.9															2026-04-25 14:00:00+00:00	scotland:20260425T1400Z:aberdeen:kilmarnock:883	scotland:aberdeen	scotland:kilmarnock	sco.1:2025-26	sco.1:2025-26-rules-v1	147	14.0	4.0	1.0	1.8	-1.1	0.2	10.082902109748499	13.349722532050418	0.08477564340475909	147	14.0	7.0	1.2	2.0	-0.5	0.3	12.151288677361075	12.842815741729757	0.1069847428740652	2025-26	4.0	7.0	14.0	14.0	1.0	1.2	2026-04-25 13:59:59.999999+00:00
	2026-04-25	15:00	St Mirren	Livingston	0	2	A	0	0	D	D Dickinson	17	4	4	2	13	10	8	7	2	2	0	0	1.62	3.75	5.0	1.68	3.8	4.75													1.7	3.9	5.1	1.65	3.81	4.81	1.83	2.03			1.83	2.1	1.76	1.98	-0.75	1.88	1.98			1.88	1.98	1.8	1.92	1.62	3.8	5.0	1.66	3.8	4.8													1.67	4.0	5.0	1.64	3.85	4.85	1.85	2.0			1.85	2.1	1.75	1.99	-0.75	1.85	2.0			1.85	2.0	1.8	1.93	scotland	SC0																													1.7	3.75	5.0	1.64	3.85	4.9	1.62	3.75	4.75	1.7	3.9	4.8	1.67	3.9	4.8				1.64	3.9	4.8							1.67	3.9	4.8															2026-04-25 14:00:00+00:00	scotland:20260425T1400Z:st-mirren:livingston:884	scotland:st-mirren	scotland:livingston	sco.1:2025-26	sco.1:2025-26-rules-v1	147	14.0	6.0	1.0	1.0	-0.7	0.2	9.701497331600066	11.5253035115121	0.07820245912599129	109	14.0	3.0	1.0	1.6	-0.7	0.1	10.634615932488193	17.95485176619298	0.11781534392262905	2025-26	6.0	3.0	14.0	14.0	1.0	1.0	2026-04-25 13:59:59.999999+00:00
	2026-04-25	17:30	Celtic	Falkirk	3	1	H	2	0	H	R Lee	14	11	7	3	16	10	9	7	2	3	0	0	1.41	4.75	6.25	1.46	4.75	5.75													1.48	5.0	6.75	1.42	4.76	6.18	1.5	2.63			1.5	2.63	1.47	2.55	-1.25	1.98	1.88			1.98	1.88	1.88	1.83	1.25	5.75	9.0	1.28	6.0	8.5													1.28	6.5	10.0	1.25	5.9	9.23	1.4	3.0			1.4	3.0	1.38	2.85	-1.75	1.98	1.88			1.98	1.88	1.89	1.85	scotland	SC0																													1.4	5.0	6.5	1.4	4.75	6.75	1.4	4.6	6.5	1.48	4.8	6.0	1.48	4.8	6.0				1.27	5.75	9.0							1.28	6.0	8.5															2026-04-25 16:30:00+00:00	scotland:20260425T1630Z:celtic:falkirk:885	scotland:celtic	scotland:falkirk	sco.1:2025-26	sco.1:2025-26-rules-v1	147	14.104166666666666	12.0	1.6	1.0	0.6	0.2	14.883740791392222	10.210698302848805	0.11793955593708487	33	13.229166666666666	7.0	2.6	2.4	-0.1	0.1	11.359447132703025	13.055006744937621	0.19180169524248392	2025-26	12.0	7.0	14.104166666666666	13.229166666666666	1.6	2.6	2026-04-25 16:29:59.999999+00:00
	2026-04-26	14:00	Dundee United	Dundee	3	0	H	1	0	H	M MacDermid	18	10	5	4	22	7	2	4	1	0	0	0	2.01	3.75	3.3	2.05	3.6	3.3													2.05	3.75	3.6	2.0	3.58	3.34	1.73	2.1			1.75	2.12	1.71	2.04	-0.5	2.03	1.78			2.03	1.8	1.97	1.75	2.05	3.6	3.3	2.05	3.4	3.3													2.15	3.6	3.5	2.07	3.49	3.31	1.88	1.98			1.91	2.02	1.81	1.93	-0.25	1.83	2.03			1.83	2.03	1.79	1.94	scotland	SC0																													2.05	3.75	3.3	1.98	3.45	3.55	2.0	3.5	3.25	2.05	3.7	3.3	2.05	3.6	3.3	2.15	3.5	3.25	2.02	3.5	3.45	2.1	3.5	3.3	2.1	3.5	3.4	2.1	3.5	3.4															2026-04-26 13:00:00+00:00	scotland:20260426T1300Z:dundee-united:dundee:886	scotland:dundee-united	scotland:dundee	sco.1:2025-26	sco.1:2025-26-rules-v1	109	14.958333333333334	10.0	2.2	1.8	0.0	0.2	14.926250149638225	14.022117514916545	0.11146072207692934	109	14.958333333333334	5.0	1.4	1.6	-0.1	0.1	10.005649128453003	15.631015231817564	0.1566460723095123	2025-26	10.0	5.0	14.958333333333334	14.958333333333334	2.2	1.4	2026-04-26 12:59:59.999999+00:00
	2026-04-26	15:00	Rangers	Motherwell	2	3	A	0	2	A	K Clancy	16	9	6	5	15	10	7	5	1	2	0	0	1.46	4.5	5.75	1.55	4.33	5.25													1.55	4.5	6.0	1.5	4.33	5.49	1.57	2.38			1.57	2.38	1.54	2.34	-1.0	1.88	1.98			1.88	1.98	1.81	1.91	1.62	4.1	4.75	1.61	4.1	4.75													1.67	4.25	5.6	1.6	4.09	4.99	1.62	2.3			1.64	2.4	1.58	2.26	-0.75	1.85	2.0			1.85	2.1	1.75	1.99	scotland	SC0																													1.53	4.33	5.5	1.47	4.35	6.0	1.5	4.2	5.5	1.55	4.4	5.25	1.55	4.4	5.25	1.62	4.2	5.0	1.52	4.2	5.6	1.62	4.1	5.0	1.65	4.2	4.6	1.65	4.2	4.6															2026-04-26 14:00:00+00:00	scotland:20260426T1400Z:rangers:motherwell:887	scotland:rangers	scotland:motherwell	sco.1:2025-26	sco.1:2025-26-rules-v1	147	14.125	13.0	3.4	1.6	1.5	0.2	18.87557603740836	9.702366940651208	0.17458811511636574	147	15.0	1.0	1.0	2.2	0.5	0.5	13.857139399669112	10.321484484850167	0.09945167601037488	2025-26	13.0	1.0	14.125	15.0	3.4	1.0	2026-04-26 13:59:59.999999+00:00
	2026-04-26	16:30	Hibernian	Hearts	1	2	A	1	0	H	D Robertson	4	23	1	6	8	17	0	11	3	3	2	0	2.82	3.3	2.4	2.8	3.3	2.4													2.88	3.5	2.45	2.78	3.32	2.38	1.93	1.93			1.93	2.02	1.84	1.89	0.0	2.1	1.78			2.1	1.78	2.01	1.73	2.65	3.25	2.57	2.6	3.3	2.55													2.8	3.4	2.6	2.67	3.29	2.53	2.0	1.85			2.0	1.85	1.94	1.79	0.0	1.98	1.88			1.98	1.88	1.91	1.81	scotland	SC0																													2.75	3.5	2.4	2.8	3.4	2.38	2.75	3.3	2.38							2.63	3.4	2.6	2.75	3.25	2.45	2.7	3.3	2.55	2.7	3.4	2.6	2.62	3.4	2.6															2026-04-26 15:30:00+00:00	scotland:20260426T1530Z:hibernian:hearts:888	scotland:hibernian	scotland:hearts	sco.1:2025-26	sco.1:2025-26-rules-v1	147	15.0625	6.0	1.2	1.0	0.4	0.5	10.066890380712383	11.859197752925493	0.15497844168655434	147	15.0625	10.0	1.4	0.8	0.5	0.5	14.734142474445424	11.04800294921379	0.11760983130418394	2025-26	6.0	10.0	15.0625	15.0625	1.2	1.4	2026-04-26 15:29:59.999999+00:00
	2026-05-01	19:45	Livingston	Aberdeen	2	2	D	0	1	A	C Scott	16	7	5	2	10	15	6	4	3	1	0	0	2.55	3.3	2.3	2.7	3.3	2.45													2.9	3.5	2.54	2.72	3.36	2.42	1.88	1.98			1.91	2.0	1.82	1.9	0.0	2.0	1.85			2.0	1.85	1.93	1.79	2.65	3.5	2.4	2.75	3.4	2.4													3.0	3.5	2.5	2.78	3.38	2.4	1.91	1.91			1.91	2.0	1.83	1.9	0.0	2.03	1.83			2.03	1.83	1.96	1.77	scotland	SC0																													2.63	3.5	2.5	2.88	3.35	2.32	2.7	3.4	2.5	2.75	3.4	2.5	2.75	3.3	2.5	2.75	3.5	2.4	2.95	3.35	2.28	2.75	3.4	2.45	2.8	3.4	2.45	2.8	3.4	2.4															2026-05-01 18:45:00+00:00	scotland:20260501T1845Z:livingston:aberdeen:889	scotland:livingston	scotland:aberdeen	sco.1:2025-26	sco.1:2025-26-rules-v1	110	6.197916666666667	5.0	1.2	1.4	-0.3	0.2	9.428322126581248	17.781242354157893	0.18730346320942376	148	6.197916666666667	7.0	1.0	1.4	-0.7	0.3	10.067828998885135	12.922500253495796	0.08754370824025744	2025-26	5.0	7.0	6.197916666666667	6.197916666666667	1.2	1.0	2026-05-01 18:44:59.999999+00:00
	2026-05-02	15:00	Dundee	St Mirren	1	0	H	1	0	H	S McLean	10	11	5	6	9	12	5	6	1	2	0	0	2.45	3.25	2.75	2.5	3.3	2.65													2.5	3.4	2.85	2.46	3.26	2.72	1.91	1.91			1.91	1.91	1.87	1.85	0.0	1.8	2.05			1.8	2.05	1.75	2.0	2.2	3.25	3.25	2.25	3.3	3.1													2.4	3.4	3.25	2.28	3.27	3.04	1.91	1.91			2.0	1.91	1.9	1.83	-0.25	1.98	1.88			1.98	1.88	1.92	1.8	scotland	SC0																													2.5	3.4	2.75										2.5	3.4	2.7	2.3	3.4	3.0	2.38	3.35	2.8	2.25	3.25	3.2				2.25	3.3	3.1															2026-05-02 14:00:00+00:00	scotland:20260502T1400Z:dundee:st-mirren:890	scotland:dundee	scotland:st-mirren	sco.1:2025-26	sco.1:2025-26-rules-v1	110	6.041666666666667	2.0	1.0	2.0	-0.4	0.0	10.00462201418882	16.06173973512346	0.12816496825323734	148	7.0	6.0	0.8	1.0	-1.0	0.1	11.02849781676369	10.15706650941899	0.06398383019399287	2025-26	2.0	6.0	6.041666666666667	7.0	1.0	0.8	2026-05-02 13:59:59.999999+00:00
	2026-05-02	15:00	Falkirk	Motherwell	1	0	H	0	0	D	D McFarlane	18	14	5	3	12	13	2	5	4	5	0	0	2.65	3.4	2.5	2.6	3.3	2.55													2.8	3.5	2.63	2.64	3.29	2.51	1.85	2.0			1.91	2.0	1.82	1.91	0.0	2.0	1.85			2.0	1.85	1.95	1.79	2.82	3.5	2.3	2.75	3.5	2.37													2.9	3.6	2.45	2.78	3.46	2.35	1.73	2.1			1.73	2.1	1.7	2.06	0.25	1.83	2.03			1.83	2.05	1.76	1.98	scotland	SC0																													2.63	3.5	2.5										2.62	3.3	2.6	2.8	3.6	2.38	2.75	3.4	2.43	2.88	3.5	2.3				2.75	3.5	2.4															2026-05-02 14:00:00+00:00	scotland:20260502T1400Z:falkirk:motherwell:891	scotland:falkirk	scotland:motherwell	sco.1:2025-26	sco.1:2025-26-rules-v1	34	6.895833333333333	4.0	1.8	2.8	-0.1	0.1	11.294093108575202	13.226823700403507	0.17345758536368516	148	6.0	4.0	1.4	2.2	0.4	0.4	12.974023145183818	11.353941851241046	0.14197561370545825	2025-26	4.0	4.0	6.895833333333333	6.0	1.8	1.4	2026-05-02 13:59:59.999999+00:00
	2026-05-02	15:00	Kilmarnock	Dundee United	3	0	H	1	0	H	K Clancy	11	19	8	5	13	10	4	8	0	1	0	0	2.25	3.5	2.85	2.3	3.5	2.85													2.3	3.6	3.0	2.27	3.43	2.87	1.73	2.1			1.73	2.1	1.71	2.05	-0.25	2.03	1.83			2.03	1.83	1.95	1.78	2.1	3.5	3.1	2.2	3.5	3.0													2.3	3.6	3.2	2.2	3.48	3.01	1.73	2.1			1.73	2.2	1.67	2.1	-0.25	1.88	1.98			1.9	1.98	1.85	1.88	scotland	SC0																													2.3	3.6	2.88										2.3	3.5	2.87	2.25	3.6	3.0	2.28	3.5	2.88	2.15	3.6	3.13				2.2	3.5	3.0															2026-05-02 14:00:00+00:00	scotland:20260502T1400Z:kilmarnock:dundee-united:892	scotland:kilmarnock	scotland:dundee-united	sco.1:2025-26	sco.1:2025-26-rules-v1	148	7.0	7.0	1.0	1.2	-0.9	0.2	11.941963463295425	12.325940152324346	0.08753297144241698	110	6.041666666666667	10.0	2.4	1.6	0.4	0.3	15.485113758794911	13.290823421295354	0.12149816654779066	2025-26	7.0	10.0	7.0	6.041666666666667	1.0	2.4	2026-05-02 13:59:59.999999+00:00
	2026-05-03	12:00	Hibernian	Celtic	1	2	A	1	1	D	D Dickinson	4	27	1	6	7	11	0	13	3	3	1	0	4.0	4.1	1.71	4.0	3.8	1.78													4.6	4.25	1.85	4.07	3.94	1.73	1.62	2.3			1.62	2.45	1.58	2.27	0.75	1.83	2.03			1.83	2.03	1.79	1.93	5.25	4.75	1.46	5.0	4.4	1.55													5.75	4.75	1.58	5.11	4.42	1.52	1.53	2.5			1.53	2.6	1.49	2.47	1.0	2.0	1.85			2.0	1.85	1.95	1.78	scotland	SC0																													4.0	4.0	1.8	4.6	4.2	1.62	4.0	3.8	1.73	4.2	3.9	1.8	4.0	3.8	1.8				4.9	4.3	1.57							5.0	4.5	1.57															2026-05-03 11:00:00+00:00	scotland:20260503T1100Z:hibernian:celtic:893	scotland:hibernian	scotland:celtic	sco.1:2025-26	sco.1:2025-26-rules-v1	148	6.8125	5.0	0.8	0.8	0.3	0.4	8.96381940240104	13.884798161484493	0.17225508865263534	148	7.770833333333333	12.0	1.8	1.0	0.6	0.1	14.723060647502725	10.35420770233084	0.1354570392731993	2025-26	5.0	12.0	6.8125	7.770833333333333	0.8	1.8	2026-05-03 10:59:59.999999+00:00
	2026-05-04	17:30	Hearts	Rangers	2	1	H	0	1	A	J Beaton	11	13	5	3	8	12	2	6	1	2	0	0	2.65	3.6	2.4	2.7	3.5	2.37													2.75	3.6	2.45	2.68	3.45	2.39	1.73	2.1			1.73	2.1	1.71	2.04	0.0	2.05	1.8			2.05	1.8	1.97	1.76	2.82	3.6	2.25	2.85	3.5	2.3													3.05	3.6	2.45	2.83	3.5	2.3	1.73	2.1			1.73	2.2	1.69	2.08	0.25	1.8	2.05			1.9	2.05	1.79	1.93	scotland	SC0																													2.75	3.6	2.4	2.7	3.45	2.43	2.7	3.4	2.38				2.7	3.6	2.4	2.8	3.6	2.38	2.7	3.45	2.43	2.9	3.5	2.3				2.87	3.5	2.3															2026-05-04 16:30:00+00:00	scotland:20260504T1630Z:hearts:rangers:894	scotland:hearts	scotland:rangers	sco.1:2025-26	sco.1:2025-26-rules-v1	148	8.041666666666666	10.0	1.6	1.0	0.3	0.4	16.237025660909893	9.766547867538554	0.11203650229235601	148	8.104166666666666	12.0	3.4	1.8	1.4	0.1	18.35274403060684	9.574663860532805	0.16557209418611743	2025-26	10.0	12.0	8.041666666666666	8.104166666666666	1.6	3.4	2026-05-04 16:29:59.999999+00:00
	2026-05-09	15:00	Aberdeen	Dundee United	2	0	H	1	0	H	D Nicolson	15	7	5	1	12	16	4	2	1	3	0	1	2.15	3.4	3.2	2.25	3.3	3.1													2.28	3.5	3.2	2.22	3.35	3.03	1.85	2.0			1.85	2.07	1.77	1.96	-0.25	1.95	1.9			1.95	1.9	1.88	1.83	2.05	3.4	3.4	2.15	3.3	3.25													2.16	3.55	3.4	2.11	3.41	3.26	1.88	1.98			1.91	2.05	1.81	1.93	-0.25	1.85	2.0			1.85	2.0	1.79	1.93	scotland	SC0							2.28	3.55	3.15	1.84	2.0	1.97	1.79							2.18	3.5	3.8	1.97	2.0	1.87	2.11			2.25	3.5	3.0	2.25	3.4	2.95	2.2	3.4	2.9	2.25	3.4	3.1	2.25	3.4	3.1	2.15	3.5	3.2	2.1	3.5	3.2	2.1	3.5	3.3	2.15	3.4	3.3	2.15	3.4	3.3															2026-05-09 14:00:00+00:00	scotland:20260509T1400Z:aberdeen:dundee-united:895	scotland:aberdeen	scotland:dundee-united	sco.1:2025-26	sco.1:2025-26-rules-v1	149	7.802083333333333	7.0	1.2	1.6	-0.5	0.3	9.510041908178748	13.482045661951105	0.1235747223264444	111	7.0	9.0	2.0	1.8	0.0	0.3	16.124183984468562	12.874310071968925	0.09940759081182872	2025-26	7.0	9.0	7.802083333333333	7.0	1.2	2.0	2026-05-09 13:59:59.999999+00:00
	2026-05-09	15:00	Dundee	Livingston	3	0	H	1	0	H	C Steven	16	10	4	3	3	5	7	5	1	1	0	0	1.71	4.0	4.2	1.8	3.7	4.1													1.83	4.0	4.5	1.77	3.71	4.11	1.8	2.0			1.83	2.05	1.78	1.95	-0.5	1.73	2.08			1.75	2.1	1.72	2.01	1.76	4.0	4.0	1.78	3.7	4.1													1.81	4.0	4.45	1.77	3.74	4.16	1.73	2.1			1.8	2.1	1.73	2.01	-0.5	1.75	2.05			1.76	2.1	1.73	2.0	scotland	SC0							1.76	3.85	4.6	1.77	2.04	1.76	2.14							1.86	3.9	4.8	1.79	2.2	1.86	2.13			1.8	3.75	4.33	1.78	3.7	4.1	1.73	3.6	4.33	1.8	3.75	4.2	1.8	3.7	4.2	1.8	3.75	4.33	1.78	3.7	4.1	1.75	3.8	4.33	1.8	3.8	4.2	1.8	3.75	4.2															2026-05-09 14:00:00+00:00	scotland:20260509T1400Z:dundee:livingston:896	scotland:dundee	scotland:livingston	sco.1:2025-26	sco.1:2025-26-rules-v1	111	7.0	4.0	0.8	1.6	-0.2	0.1	10.003781647972671	15.141423419646467	0.12304406493446692	111	7.802083333333333	5.0	1.6	1.8	-0.2	0.2	10.623172649021022	15.82101647158373	0.17597556080771035	2025-26	4.0	5.0	7.0	7.802083333333333	0.8	1.6	2026-05-09 13:59:59.999999+00:00
	2026-05-09	15:00	Falkirk	Hibernian	1	3	A	0	3	A	R Lee	8	10	1	4	10	13	6	5	0	1	0	0	2.25	3.5	2.85	2.3	3.5	2.8													2.38	3.6	3.1	2.27	3.43	2.87	1.73	2.1			1.79	2.1	1.72	2.03	-0.25	2.03	1.83			2.03	1.83	1.96	1.77	2.01	3.4	3.4	2.05	3.4	3.4													2.2	3.6	3.6	2.07	3.44	3.32	1.83	2.03			1.83	2.03	1.77	1.98	-0.25	1.83	2.03			1.83	2.03	1.76	1.97	scotland	SC0							2.32	3.65	3.0	1.74	2.16	2.01	1.87							2.18	3.55	3.7	1.91	2.04	1.87	2.09			2.25	3.6	2.88	2.2	3.35	3.1	2.25	3.5	2.8	2.37	3.6	2.87	2.3	3.5	2.8	2.1	3.5	3.3	2.17	3.4	3.1	2.05	3.6	3.3	2.05	3.5	3.5	2.05	3.5	3.4															2026-05-09 14:00:00+00:00	scotland:20260509T1400Z:falkirk:hibernian:897	scotland:falkirk	scotland:hibernian	sco.1:2025-26	sco.1:2025-26-rules-v1	35	7.0	6.0	1.8	2.6	-0.1	0.2	12.513348907016075	13.36740120942105	0.15202085267129797	149	6.125	4.0	1.0	1.2	0.1	0.4	8.061306783782667	16.26938031394186	0.18639052707942888	2025-26	6.0	4.0	7.0	6.125	1.8	1.0	2026-05-09 13:59:59.999999+00:00
	2026-05-09	15:00	St Mirren	Kilmarnock	0	3	A	0	1	A	D Robertson	12	10	2	4	11	11	1	4	3	1	0	0	1.91	3.5	3.7	1.95	3.6	3.6													2.02	3.6	3.7	1.97	3.52	3.5	1.85	2.0			1.85	2.12	1.77	1.97	-0.5	2.0	1.85			2.0	1.85	1.92	1.79	1.91	3.4	3.8	1.98	3.4	3.7													2.08	3.5	3.8	2.0	3.39	3.59	2.0	1.85			2.0	1.85	1.94	1.8	-0.5	2.03	1.83			2.03	1.83	1.95	1.77	scotland	SC0							2.04	3.55	3.9	1.78	2.0	2.04	1.9							2.12	3.6	3.9	2.04	1.93	2.13	1.87			2.0	3.6	3.6	2.0	3.6	3.35	1.95	3.4	3.5	1.95	3.6	3.6	1.95	3.6	3.6	2.05	3.5	3.5	2.05	3.35	3.45	2.0	3.4	3.7	2.0	3.5	3.75	2.0	3.4	3.7															2026-05-09 14:00:00+00:00	scotland:20260509T1400Z:st-mirren:kilmarnock:898	scotland:st-mirren	scotland:kilmarnock	sco.1:2025-26	sco.1:2025-26-rules-v1	149	7.0	6.0	0.8	1.0	-1.0	0.1	11.023316395533927	10.1285089622519	0.0523504065223578	149	7.0	7.0	1.4	1.2	-0.2	0.3	11.770697379059893	13.539405579174465	0.121204662585118	2025-26	6.0	7.0	7.0	7.0	0.8	1.4	2026-05-09 13:59:59.999999+00:00
	2026-05-09	20:00	Motherwell	Hearts	1	1	D	1	1	D	S McLean	8	11	1	5	9	14	2	6	1	3	0	0	2.7	3.5	2.4	2.7	3.4	2.4													2.78	3.5	2.55	2.69	3.39	2.44	1.88	1.98			1.91	1.98	1.83	1.9	0.0	2.03	1.83			2.03	1.83	1.97	1.76	2.85	3.4	2.3	2.8	3.4	2.37													3.0	3.45	2.5	2.81	3.37	2.38	1.98	1.88			1.98	1.93	1.89	1.85	0.25	1.8	2.05			1.8	2.05	1.74	2.0	scotland	SC0							2.82	3.6	2.44	1.85	1.99	2.08	1.81							3.25	3.35	2.5	2.0	1.97	1.87	2.12			2.75	3.4	2.5	2.63	3.35	2.55	2.7	3.3	2.4	2.75	3.5	2.45	2.75	3.5	2.45	2.88	3.4	2.4	2.65	3.4	2.48	2.88	3.4	2.38	2.87	3.4	2.4	2.8	3.4	2.4															2026-05-09 19:00:00+00:00	scotland:20260509T1900Z:motherwell:hearts:899	scotland:motherwell	scotland:hearts	sco.1:2025-26	sco.1:2025-26-rules-v1	149	7.208333333333333	4.0	1.2	1.8	0.3	0.4	13.160564391514031	12.56231606010631	0.11616186575901129	149	5.104166666666667	13.0	2.0	1.0	0.5	0.4	15.284839177108093	10.354448255258816	0.12472408038796069	2025-26	4.0	13.0	7.208333333333333	5.104166666666667	1.2	2.0	2026-05-09 18:59:59.999999+00:00
	2026-05-10	12:00	Celtic	Rangers	3	1	H	1	1	D	N Walsh	9	9	4	3	25	13	1	7	6	2	0	0	2.01	3.7	3.25	2.05	3.6	3.25													2.15	3.85	3.5	2.04	3.67	3.19	1.57	2.38			1.57	2.55	1.51	2.42	-0.25	1.83	2.03			1.83	2.03	1.77	1.97	1.76	3.8	4.0	1.8	3.9	3.8													1.89	4.0	4.0	1.81	3.92	3.76	1.53	2.5			1.53	2.63	1.49	2.48	-0.5	1.83	2.03			1.83	2.03	1.76	1.97	scotland	SC0							2.1	3.8	3.4	1.52	2.48	1.85	2.1							1.87	4.1	4.5	1.58	2.66	1.87	2.14			2.1	3.75	3.1	2.02	3.8	3.15	2.0	3.7	3.13	2.05	3.7	3.3	2.05	3.7	3.3	1.83	4.0	3.75	1.87	3.85	3.6	1.8	4.0	3.9				1.8	3.9	3.9															2026-05-10 11:00:00+00:00	scotland:20260510T1100Z:celtic:rangers:900	scotland:celtic	scotland:rangers	sco.1:2025-26	sco.1:2025-26-rules-v1	149	7.0	12.0	1.6	1.0	0.6	0.1	16.955231438865866	9.198897210997957	0.1242965001460856	149	5.770833333333333	9.0	3.4	2.2	0.9	0.1	17.379517843223777	9.833815885890477	0.14945409104738278	2025-26	12.0	9.0	7.0	5.770833333333333	1.6	3.4	2026-05-10 10:59:59.999999+00:00
	2026-05-12	19:45	Aberdeen	St Mirren	0	2	A	0	1	A	D Dickinson	8	9	1	5	14	11	6	1	1	2	0	0	2.15	3.5	3.1	2.2	3.4	3.1													2.25	3.5	3.25	2.18	3.41	3.1	1.91	1.91			1.91	1.95	1.84	1.89	-0.25	1.93	1.93			1.93	1.93	1.86	1.86	2.15	3.4	3.2	2.25	3.4	3.0													2.26	3.5	3.2	2.2	3.38	3.1	1.91	1.91			1.95	1.91	1.88	1.85	-0.25	1.93	1.93			1.93	1.93	1.87	1.85	scotland	SC0							2.32	3.5	3.35	1.99	1.96	1.99	1.97							2.32	3.6	3.35	2.04	1.96	2.0	1.98			2.25	3.5	3.0	2.14	3.4	3.15	2.2	3.4	3.13				2.2	3.4	3.2	2.25	3.4	3.1	2.14	3.4	3.2	2.2	3.4	3.2	2.25	3.4	3.1	2.25	3.4	3.1															2026-05-12 18:45:00+00:00	scotland:20260512T1845Z:aberdeen:st-mirren:901	scotland:aberdeen	scotland:st-mirren	sco.1:2025-26	sco.1:2025-26-rules-v1	150	3.1979166666666665	10.0	1.4	0.8	-0.2	0.4	10.508216106691702	12.303491905232722	0.12534901523678782	150	3.1979166666666665	3.0	0.4	1.4	-1.1	0.1	11.200895232709575	10.105143696387918	0.04283215079102001	2025-26	10.0	3.0	3.1979166666666665	3.1979166666666665	1.4	0.4	2026-05-12 18:44:59.999999+00:00
	2026-05-12	19:45	Dundee United	Livingston	0	0	D	0	0	D	G Irvine	15	14	5	3	14	12	7	8	2	4	0	0	1.66	4.0	4.5	1.71	3.9	4.33													1.75	4.2	4.9	1.69	3.95	4.37	1.67	2.2			1.67	2.28	1.64	2.17	-0.75	1.93	1.93			1.93	1.93	1.87	1.85	1.66	4.2	4.5	1.7	4.0	4.2													1.73	4.2	4.7	1.68	4.03	4.41	1.57	2.38			1.61	2.38	1.57	2.29	-0.75	1.88	1.98			1.88	1.98	1.82	1.9	scotland	SC0							1.78	4.0	4.8	1.74	2.3	1.98	1.96							1.75	4.3	5.0	1.66	2.48	1.95	2.02			1.73	4.0	4.33	1.61	4.0	4.9	1.7	3.9	4.5				1.73	3.9	4.33	1.7	4.0	4.6	1.65	3.9	4.6	1.67	4.1	4.5	1.73	4.2	4.33	1.7	4.0	4.2															2026-05-12 18:45:00+00:00	scotland:20260512T1845Z:dundee-united:livingston:902	scotland:dundee-united	scotland:livingston	sco.1:2025-26	sco.1:2025-26-rules-v1	112	3.1979166666666665	6.0	1.6	2.2	-0.2	0.3	14.465241441837914	13.260799149792756	0.08133348339149622	112	3.1979166666666665	5.0	1.6	2.0	-0.4	0.2	10.509868531017199	15.85355893129578	0.14398000429721755	2025-26	6.0	5.0	3.1979166666666665	3.1979166666666665	1.6	1.6	2026-05-12 18:44:59.999999+00:00
	2026-05-12	19:45	Kilmarnock	Dundee	3	1	H	0	0	D	C Scott	19	7	8	2	13	18	6	2	4	3	0	0	1.91	3.6	3.7	1.93	3.5	3.7													1.95	3.75	3.8	1.92	3.59	3.66	1.8	2.0			1.8	2.02	1.76	1.99	-0.5	1.95	1.9			1.95	1.9	1.87	1.84	1.51	4.33	5.25	1.58	4.2	5.0													1.6	4.4	5.5	1.56	4.19	5.17	1.62	2.3			1.66	2.3	1.61	2.22	-1.0	1.93	1.93			1.93	1.93	1.89	1.83	scotland	SC0							1.99	3.75	4.1	1.83	2.16	1.99	2.0							1.61	4.5	6.0	1.7	2.4	2.02	1.95			1.91	3.75	3.75	1.93	3.55	3.65	1.93	3.6	3.75				1.95	3.6	3.7	1.57	4.2	5.5	1.58	4.0	5.1	1.55	4.2	5.5	1.6	4.33	5.0	1.6	4.33	5.0															2026-05-12 18:45:00+00:00	scotland:20260512T1845Z:kilmarnock:dundee:903	scotland:kilmarnock	scotland:dundee	sco.1:2025-26	sco.1:2025-26-rules-v1	150	3.1979166666666665	7.0	1.6	1.2	0.0	0.4	11.448752401049003	13.259513655688197	0.15371290575146018	112	3.1979166666666665	7.0	1.4	1.4	0.1	0.2	11.094003166523095	14.206619161528927	0.1347633258554729	2025-26	7.0	7.0	3.1979166666666665	3.1979166666666665	1.6	1.4	2026-05-12 18:44:59.999999+00:00
	2026-05-13	20:00	Hearts	Falkirk	3	0	H	2	0	H	N Walsh	12	4	4	1	6	17	5	5	1	3	0	0	1.41	4.75	6.5	1.43	4.75	6.5													1.44	4.9	7.5	1.4	4.6	6.82	1.67	2.2			1.67	2.38	1.63	2.18	-1.25	2.0	1.85			2.0	1.85	1.91	1.8	1.39	4.75	7.0	1.41	4.75	6.5													1.44	5.0	8.0	1.38	4.71	7.27	1.67	2.2			1.67	2.3	1.63	2.18	-1.25	1.93	1.93			1.93	1.95	1.82	1.9	scotland	SC0							1.47	4.8	7.6	1.71	2.26	2.02	1.9							1.41	5.5	9.0	1.7	2.38	1.95	2.01			1.44	4.6	7.0	1.36	4.9	7.5	1.4	4.4	6.5	1.44	4.8	6.5	1.44	4.8	6.5	1.4	4.6	7.5	1.37	4.7	7.5	1.4	4.6	7.5				1.44	4.8	6.5															2026-05-13 19:00:00+00:00	scotland:20260513T1900Z:hearts:falkirk:904	scotland:hearts	scotland:falkirk	sco.1:2025-26	sco.1:2025-26-rules-v1	150	4.0	11.0	2.0	1.2	0.4	0.3	14.505777508542984	9.926366754302668	0.11857590048271163	36	4.208333333333333	6.0	1.8	2.8	-0.4	0.1	11.692740014831333	12.755146444071768	0.1471079703674256	2025-26	11.0	6.0	4.0	4.208333333333333	2.0	1.8	2026-05-13 18:59:59.999999+00:00
	2026-05-13	20:00	Motherwell	Celtic	2	3	A	1	1	D	J Beaton	15	10	5	3	9	15	4	3	2	3	0	0	4.33	4.1	1.66	4.2	4.0	1.71													4.4	4.2	1.73	4.25	4.03	1.68	1.57	2.38			1.57	2.5	1.53	2.38	0.75	1.98	1.88			1.98	1.88	1.9	1.82	4.75	4.33	1.57	4.33	4.2	1.65													5.0	4.75	1.67	4.64	4.28	1.6	1.5	2.63			1.53	2.7	1.49	2.5	0.75	2.03	1.78			2.05	1.78	2.01	1.73	scotland	SC0							4.6	4.4	1.77	1.59	2.56	1.99	1.95							5.1	4.9	1.64	1.55	2.76	2.21	1.81			4.33	4.2	1.7	4.35	4.0	1.67	4.2	3.9	1.67	4.33	4.0	1.73	4.2	4.0	1.73	5.0	4.2	1.62	4.9	4.2	1.58	4.8	4.33	1.6				4.4	4.2	1.67															2026-05-13 19:00:00+00:00	scotland:20260513T1900Z:motherwell:celtic:905	scotland:motherwell	scotland:celtic	sco.1:2025-26	sco.1:2025-26-rules-v1	150	4.0	4.0	1.4	2.0	0.1	0.3	12.222279956693297	12.278258594632435	0.11776879925737285	150	3.3333333333333335	15.0	2.2	0.8	0.7	0.1	15.508825722708435	9.1627340817256	0.16230319708922156	2025-26	4.0	15.0	4.0	3.3333333333333335	1.4	2.2	2026-05-13 18:59:59.999999+00:00
	2026-05-13	20:00	Rangers	Hibernian	1	2	A	1	1	D	M MacDermid	21	8	7	4	14	12	9	3	2	2	0	0	1.45	4.75	5.75	1.5	4.5	5.5													1.51	4.75	6.0	1.48	4.52	5.62	1.57	2.38			1.57	2.55	1.53	2.38	-1.25	2.05	1.8			2.1	1.8	2.03	1.72	1.49	4.5	5.5	1.53	4.33	5.25													1.57	4.5	6.0	1.52	4.31	5.43	1.67	2.2			1.67	2.4	1.59	2.24	-1.0	1.88	1.98			1.9	1.98	1.83	1.89	scotland	SC0							1.54	4.8	6.2	1.6	2.52	2.13	1.8							1.57	4.7	6.4	1.68	2.44	1.93	2.02			1.5	4.6	6.0	1.47	4.5	5.8	1.45	4.4	5.75	1.5	4.6	5.75	1.5	4.5	5.5	1.5	4.33	6.0	1.55	4.2	5.2	1.5	4.33	6.0				1.55	4.4	5.25															2026-05-13 19:00:00+00:00	scotland:20260513T1900Z:rangers:hibernian:906	scotland:rangers	scotland:hibernian	sco.1:2025-26	sco.1:2025-26-rules-v1	150	3.3333333333333335	6.0	2.8	2.6	0.7	0.1	15.855969144455816	9.682212997546754	0.14248264014987883	150	4.208333333333333	6.0	1.6	1.4	0.4	0.4	8.413796459458545	14.765856620497884	0.20704679488316907	2025-26	6.0	6.0	3.3333333333333335	4.208333333333333	2.8	1.6	2026-05-13 18:59:59.999999+00:00
	2026-05-16	12:30	Celtic	Hearts	3	1	H	1	1	D	D Robertson	14	12	5	2	10	9	9	6	6	3	0	0	1.56	4.2	5.0	1.61	4.2	4.75													1.62	4.35	5.5	1.56	4.2	5.01	1.57	2.38			1.57	2.5	1.51	2.42	-1.0	2.03	1.83			2.03	1.83	1.94	1.79	1.57	4.1	5.0	1.62	4.2	4.6													1.62	17.0	251.0	1.55	4.98	20.28	1.57	2.38			2.3	2.6	1.57	2.36	-1.0	2.05	1.8			2.05	1.8	1.98	1.75	scotland	SC0							1.64	4.4	5.7	1.56	2.56	2.02	1.89							1.67	4.4	5.6	1.61	2.6	2.15	1.85			1.57	4.33	5.0	1.52	4.3	5.5	1.57	4.1	4.75	1.61	4.33	4.8	1.61	4.2	4.8	1.62	4.33	4.6	1.57	4.25	4.9	1.6	4.2	5.0	1.61	4.33	4.8	1.61	4.2	4.8															2026-05-16 11:30:00+00:00	scotland:20260516T1130Z:celtic:hearts:907	scotland:celtic	scotland:hearts	sco.1:2025-26	sco.1:2025-26-rules-v1	151	2.6875	15.0	2.4	1.0	0.9	0.1	14.507221045852356	10.224055157775492	0.1873389794366358	151	2.6875	13.0	2.2	0.8	0.9	0.4	14.050181597898804	8.848845526247636	0.1424711913040368	2025-26	15.0	13.0	2.6875	2.6875	2.4	2.2	2026-05-16 11:29:59.999999+00:00
	2026-05-16	12:30	Falkirk	Rangers	2	5	A	2	3	A	D Nicolson	8	15	3	7	11	9	7	4	3	0	0	0	3.8	3.8	1.79	3.75	3.75	1.85													4.1	3.85	1.9	3.82	3.76	1.81	1.67	2.2			1.67	2.2	1.63	2.17	0.5	2.0	1.85			2.0	1.85	1.93	1.79	4.5	4.2	1.57	4.1	4.2	1.71													5.0	4.33	1.73	4.4	4.11	1.66	1.5	2.63			1.55	2.75	1.5	2.48	0.75	2.03	1.83			2.03	1.83	1.96	1.77	scotland	SC0							3.9	3.8	1.91	1.66	2.22	1.96	1.87							5.1	4.4	1.73	1.55	2.78	2.09	1.88			3.75	3.75	1.9	4.1	3.8	1.76	3.8	3.7	1.8	3.8	3.8	1.85	3.8	3.8	1.85	4.33	4.2	1.7	4.35	3.9	1.7	4.6	4.2	1.65	4.2	4.2	1.73	4.2	4.2	1.73															2026-05-16 11:30:00+00:00	scotland:20260516T1130Z:falkirk:rangers:908	scotland:falkirk	scotland:rangers	sco.1:2025-26	sco.1:2025-26-rules-v1	37	2.6875	3.0	1.2	3.0	-0.6	0.1	10.294060012134725	12.617847090604172	0.12036106666425729	151	2.6875	3.0	2.2	2.6	0.4	0.1	16.791247481827483	9.37635608890189	0.12523471423518223	2025-26	3.0	3.0	2.6875	2.6875	1.2	2.2	2026-05-16 11:29:59.999999+00:00
	2026-05-16	12:30	Hibernian	Motherwell	0	1	A	0	1	A	N Walsh	11	14	1	6	14	13	7	4	5	3	0	1	2.55	3.3	2.57	2.65	3.3	2.5													2.7	3.5	2.63	2.58	3.34	2.54	1.91	1.91			1.91	2.02	1.81	1.93	0.0	1.9	1.95			1.9	1.95	1.85	1.87	2.05	3.5	3.25	2.15	3.4	3.2													2.15	3.6	3.4	2.09	3.5	3.21	1.73	2.1			1.73	2.25	1.69	2.08	-0.25	1.85	2.0			1.85	2.0	1.79	1.94	scotland	SC0							2.62	3.35	2.62	1.84	1.95	1.9	1.94							2.22	3.7	3.45	1.74	2.3	1.93	2.06			2.63	3.5	2.5	2.5	3.4	2.6	2.55	3.3	2.55	2.7	3.4	2.6	2.7	3.3	2.5	2.1	3.6	3.2	2.1	3.45	3.2	2.1	3.6	3.2	2.15	3.5	3.25	2.15	3.4	3.25															2026-05-16 11:30:00+00:00	scotland:20260516T1130Z:hibernian:motherwell:909	scotland:hibernian	scotland:motherwell	sco.1:2025-26	sco.1:2025-26-rules-v1	151	2.6875	6.0	1.4	1.6	0.3	0.3	8.338560739556991	15.899337234952814	0.21485646854077467	151	2.6875	4.0	1.4	2.0	-0.5	0.2	12.727319964567243	11.864029759244719	0.12059871454391112	2025-26	6.0	4.0	2.6875	2.6875	1.4	1.4	2026-05-16 11:29:59.999999+00:00
	2026-05-17	14:00	Dundee	Aberdeen	3	2	H	1	2	A	R Hardie	11	9	6	2	14	9	7	2	0	0	0	0	2.35	3.3	2.85	2.35	3.5	2.75													2.45	3.6	3.0	2.35	3.39	2.79	1.85	2.0			1.88	2.0	1.79	1.95	-0.25	2.1	1.78			2.1	1.78	2.04	1.71	2.75	2.85	2.75	2.45	3.4	2.65													2.75	3.5	2.9	2.52	3.26	2.71	1.73	2.1			1.73	2.3	1.68	2.08	0.0	1.93	1.93			1.93	2.0	1.83	1.89	scotland	SC0							2.32	1.53	2.48	1.01	2.1									2.76	3.35	2.92	1.77	2.24	1.93	2.05			2.4	3.5	2.8	2.28	3.3	3.0	2.38	3.3	2.7	2.37	3.6	2.8	2.37	3.5	2.8	2.63	3.25	2.63	2.35	3.35	2.85	2.6	3.4	2.6	2.5	3.5	2.7	2.45	3.5	2.7															2026-05-17 13:00:00+00:00	scotland:20260517T1300Z:dundee:aberdeen:910	scotland:dundee	scotland:aberdeen	sco.1:2025-26	sco.1:2025-26-rules-v1	113	4.760416666666667	7.0	1.4	1.6	-0.2	0.2	10.349638954427986	15.07814295034185	0.13623492894668562	151	4.760416666666667	10.0	1.4	0.8	-0.4	0.3	10.052176814565938	11.702857013372226	0.10255828519373549	2025-26	7.0	10.0	4.760416666666667	4.760416666666667	1.4	1.4	2026-05-17 12:59:59.999999+00:00
	2026-05-17	14:00	Livingston	Kilmarnock	1	4	A	1	2	A	R Lee	9	14	4	4	10	10	6	1	1	2	0	0	2.7	3.5	2.35	2.8	3.5	2.3													2.9	3.6	2.4	2.77	3.45	2.33	1.8	2.0			1.8	2.15	1.71	2.04	0.0	2.08	1.73			2.08	1.77	2.04	1.73	2.5	3.6	2.5	2.6	3.5	2.5													2.85	3.7	2.6	2.61	3.55	2.45	1.62	2.3			1.64	2.3	1.61	2.2	0.0	1.93	1.93			1.95	1.93	1.88	1.84	scotland	SC0							2.9	3.45	2.38	1.01	2.16									2.74	3.65	2.7	1.69	2.4	1.99	1.97			2.75	3.6	2.38	2.8	3.45	2.35	2.75	3.4	2.3	2.87	3.5	2.37	2.8	3.5	2.37	2.6	3.6	2.5	2.8	3.5	2.32	2.55	3.6	2.55	2.62	3.6	2.5	2.6	3.5	2.5															2026-05-17 13:00:00+00:00	scotland:20260517T1300Z:livingston:kilmarnock:911	scotland:livingston	scotland:kilmarnock	sco.1:2025-26	sco.1:2025-26-rules-v1	113	4.760416666666667	5.0	1.2	1.6	-0.4	0.3	11.144437889014071	15.698366398332912	0.11780182169772344	151	4.760416666666667	10.0	2.2	0.8	0.3	0.4	12.821706509949184	12.121420263744888	0.15447323867703203	2025-26	5.0	10.0	4.760416666666667	4.760416666666667	1.2	2.2	2026-05-17 12:59:59.999999+00:00
	2026-05-17	14:00	St Mirren	Dundee United	1	1	D	0	1	A	S McLean	17	6	8	3	10	10	10	2	0	2	0	0	2.2	3.4	3.1	2.15	3.5	3.0													2.2	3.6	3.2	2.14	3.49	3.07	1.8	2.0			1.8	2.16	1.73	2.02	-0.25	1.93	1.93			1.93	1.93	1.85	1.87	2.2	3.5	3.0	2.25	3.6	2.9													2.38	3.6	3.0	2.25	3.53	2.87	1.73	2.1			1.73	2.14	1.67	2.1	-0.25	2.0	1.85			2.0	1.85	1.92	1.79	scotland	SC0							2.32	3.6	3.1	1.01	2.08									2.36	3.6	3.25	1.79	2.22	2.05	1.93			2.2	3.5	3.1	2.1	3.55	3.15	2.15	3.4	3.0	2.2	3.6	3.1	2.2	3.6	3.1	2.25	3.6	3.0	2.35	3.45	2.75	2.25	3.6	2.9	2.25	3.6	2.9	2.25	3.6	2.9															2026-05-17 13:00:00+00:00	scotland:20260517T1300Z:st-mirren:dundee-united:912	scotland:st-mirren	scotland:dundee-united	sco.1:2025-26	sco.1:2025-26-rules-v1	151	4.760416666666667	3.0	0.4	1.4	-0.4	0.2	10.800732463126016	9.72239029704466	0.07544852741487496	113	4.760416666666667	7.0	1.2	1.4	-0.2	0.3	14.562470270594655	13.39519930437589	0.06654557732031509	2025-26	3.0	7.0	4.760416666666667	4.760416666666667	0.4	1.2	2026-05-17 12:59:59.999999+00:00
	2026-07-31	20:00	Dundee United	Rangers	1	1	D	1	0	H	N Walsh	11	21	3	6	16	14	5	10	1	3	0	0	5.75	4.33	1.46	5.0	4.5	1.55													5.75	4.75	1.57	5.41	4.48	1.51	1.53	2.5			1.53	2.63	1.47	2.54	1.0	2.03	1.83			2.03	1.83	1.95	1.79	4.75	3.8	1.62	4.33	4.0	1.7													5.4	4.4	1.73	4.69	4.06	1.63	1.62	2.3			1.62	2.5	1.56	2.31	0.75	2.0	1.85			2.0	1.85	1.94	1.79	scotland	SC0							6.4	4.7	1.58	1.56	2.72	2.05	1.89							5.1	4.3	1.75	1.66	2.48	2.05	1.93			5.5	4.6	1.53				5.75	4.5	1.5							4.6	4.2	1.67				4.75	4.1	1.65							1.64	1.46	5.5	4.5	1.5	5.5	4.75	1.5	4.5	3.8	1.67	4.5	4.0	1.65	2026-07-31 19:00:00+00:00	scotland:20260731T1900Z:dundee-united:rangers:913	scotland:dundee-united	scotland:rangers	sco.1:2026-27	sco.1:2026-27-rules-v1	114	75.25	5.0	0.8	1.2	0.0	0.3	13.0056574941229	14.050617612671182	0.08474941174692446	152	76.3125	3.0	2.0	2.4	0.7	0.1	16.46556612149521	9.126109527283363	0.16307082679848242	2026-27	5.0	3.0	75.25	76.3125	0.8	2.0	2026-07-31 18:59:59.999999+00:00
	2026-08-01	15:00	Falkirk	St Mirren	0	2	A	0	1	A	D Nicolson	10	15	1	5	18	18	7	7	0	4	0	0	1.96	3.6	3.5	2.0	3.4	3.5													2.05	3.6	3.7	1.99	3.47	3.49	1.83	2.03			1.83	2.03	1.75	1.98	-0.5	2.03	1.83			2.03	1.83	1.95	1.77	2.15	3.5	3.1	2.1	3.4	3.2													2.15	3.6	3.6	2.09	3.47	3.28	1.8	2.0			1.8	2.0	1.76	1.96	-0.25	1.93	1.93			1.93	1.93	1.84	1.89	scotland	SC0							2.08	3.65	3.65	1.87	2.06	2.08	1.85							2.28	3.55	3.5	1.9	2.08	1.96	2.02			2.05	3.6	3.5				2.0	3.4	3.4							2.15	3.6	3.25				2.15	3.5	3.13							0.71	1.64	2.05	3.3	3.6	2.05	3.2	3.5	2.1	3.3	3.3	2.1	3.5	3.25	2026-08-01 14:00:00+00:00	scotland:20260801T1400Z:falkirk:st-mirren:914	scotland:falkirk	scotland:st-mirren	sco.1:2026-27	sco.1:2026-27-rules-v1	38	77.10416666666667	3.0	1.0	2.8	-0.8	0.1	9.876958191746594	13.050965801403414	0.14393178181621052	152	76.04166666666667	4.0	0.6	1.4	-0.4	0.2	11.927872015284922	9.045592061218358	0.07242580050521855	2026-27	3.0	4.0	77.10416666666667	76.04166666666667	1.0	0.6	2026-08-01 13:59:59.999999+00:00
	2026-08-01	17:30	Aberdeen	Hearts	2	1	H	0	1	A	D Dickinson	11	21	3	4	11	17	4	6	3	2	0	1	3.2	3.4	2.15	3.0	3.6	2.15													3.2	3.7	2.25	3.0	3.5	2.18	1.73	2.1			1.73	2.1	1.7	2.05	0.25	1.93	1.93			1.93	1.93	1.86	1.88	3.1	3.3	2.25	2.8	3.4	2.35													3.2	3.6	2.4	2.88	3.46	2.3	1.8	2.0			1.8	2.05	1.74	1.99	0.25	1.85	2.0			1.85	2.0	1.79	1.94	scotland	SC0							3.3	3.75	2.3	1.78	2.14	1.95	2.01							3.15	3.6	2.44	1.85	2.14	1.89	2.1			3.0	3.6	2.25				3.0	3.4	2.15							2.88	3.6	2.3				2.9	3.5	2.3							2.66	1.83	3.1	3.5	2.2	3.0	3.4	2.15	2.9	3.4	2.3	2.88	3.6	2.25	2026-08-01 16:30:00+00:00	scotland:20260801T1630Z:aberdeen:hearts:915	scotland:aberdeen	scotland:hearts	sco.1:2026-27	sco.1:2026-27-rules-v1	152	76.14583333333333	7.0	1.4	1.4	-0.4	0.3	9.860871939190313	11.575064829122729	0.12431536465346034	152	77.20833333333333	10.0	1.8	1.2	0.6	0.3	13.677421307371748	9.785419066929883	0.13171885349118162	2026-27	7.0	10.0	76.14583333333333	77.20833333333333	1.4	1.8	2026-08-01 16:29:59.999999+00:00
	2026-08-02	14:00	St Johnstone	Kilmarnock	4	3	H	1	1	D	J Beaton	15	7	5	5	6	13	6	3	2	2	0	0	2.15	3.4	3.2	2.15	3.4	3.1													2.25	3.6	3.25	2.17	3.4	3.08	1.83	2.03			1.83	2.03	1.76	1.97	-0.25	1.93	1.93			1.93	1.93	1.85	1.89	1.91	3.6	3.9	1.95	3.5	3.6													2.05	3.6	3.9	1.96	3.54	3.59	1.8	2.0			1.85	2.0	1.81	1.91	-0.5	1.95	1.9			2.0	1.9	1.94	1.79	scotland	SC0							2.42	3.5	3.3	1.89	2.02									2.06	3.75	3.95	1.9	2.08	2.05	1.94			2.25	3.6	3.0				2.15	3.4	3.0							2.05	3.5	3.5				1.95	3.6	3.7							1.77	0.79	2.25	3.2	3.2	2.25	3.1	3.1	2.0	3.4	3.6	1.95	3.6	3.5	2026-08-02 13:00:00+00:00	scotland:20260802T1300Z:st-johnstone:kilmarnock:916	scotland:st-johnstone	scotland:kilmarnock	sco.1:2026-27	sco.1:2026-27-rules-v1	114	440.9583333333333	3.0	1.0	2.0	-0.8	0.2	12.902873914459464	13.105523791538957	0.06224605434311719	152	77.0	12.0	2.6	0.6	0.6	0.4	13.035941689958422	11.553889306700363	0.17833524722925995	2026-27	3.0	12.0	440.9583333333333	77.0	1.0	2.6	2026-08-02 12:59:59.999999+00:00
	2026-08-02	16:30	Hibernian	Motherwell	1	2	A	0	1	A	S McLean	19	9	6	5	14	13	9	2	1	3	0	0	2.2	3.4	3.1	2.25	3.4	2.95													2.3	3.6	3.1	2.24	3.38	2.97	1.85	2.0			1.85	2.0	1.78	1.94	-0.25	1.98	1.88			1.98	1.88	1.91	1.83	1.76	3.6	4.33	1.83	3.6	4.0													1.93	3.7	4.33	1.85	3.56	3.99	1.88	1.98			1.9	1.98	1.84	1.87	-0.5	1.83	2.03			1.9	2.03	1.8	1.92	scotland	SC0							2.32	3.45	3.1	1.81	1.99									1.92	3.75	4.5	1.94	2.04	1.92	2.06			2.25	3.6	3.0				2.2	3.4	2.9							1.9	3.6	4.0				1.83	3.6	4.1							1.92	2.0	2.3	3.2	3.1	2.25	3.1	3.0	1.85	3.5	4.0	1.83	3.7	4.0	2026-08-02 15:30:00+00:00	scotland:20260802T1530Z:hibernian:motherwell:917	scotland:hibernian	scotland:motherwell	sco.1:2026-27	sco.1:2026-27-rules-v1	152	78.16666666666667	6.0	1.4	1.4	0.1	0.3	8.822458786910264	15.554003192234118	0.17579165607881564	152	78.16666666666667	7.0	1.4	1.4	-0.6	0.2	12.958716334645926	11.706933439382043	0.11165868852294027	2026-27	6.0	7.0	78.16666666666667	78.16666666666667	1.4	1.4	2026-08-02 15:29:59.999999+00:00
	2026-08-03	19:30	Celtic	Dundee	1	0	H	0	0	D	M MacDermid	18	11	4	3	9	7	9	4	1	1	0	0	1.17	7.5	10.0	1.22	6.75	10.5													1.22	7.5	13.5	1.19	6.62	11.31	1.36	3.2			1.36	3.25	1.33	3.09	-2.0	1.93	1.93			1.93	1.93	1.88	1.86	1.11	9.5	13.0	1.17	8.25	12.0													1.18	10.0	18.0	1.14	8.33	14.66	1.3	3.5			1.33	3.6	1.29	3.34	-2.25	1.83	2.03			1.83	2.03	1.79	1.95	scotland	SC0							1.22	7.8	13.0	1.39	3.4	1.8	1.8							1.16	10.0	24.0	1.37	3.6	1.94	2.02			1.2	7.0	13.0				1.17	6.5	12.0							1.14	8.5	17.0				1.12	8.5	18.0							2.55	0.47	1.22	5.5	11.0	1.22	5.25	9.0	1.11	8.5	17.0	1.11	10.0	16.0	2026-08-03 18:30:00+00:00	scotland:20260803T1830Z:celtic:dundee:918	scotland:celtic	scotland:dundee	sco.1:2026-27	sco.1:2026-27-rules-v1	152	79.29166666666667	15.0	2.8	1.2	1.1	0.1	14.414999037515562	10.54695421999813	0.19223838577283187	114	78.22916666666667	9.0	1.6	1.6	-0.1	0.2	10.46788641725926	13.973026050279694	0.16105171872497417	2026-27	15.0	9.0	79.29166666666667	78.22916666666667	2.8	1.6	2026-08-03 18:29:59.999999+00:00
	2026-08-08	15:00	Dundee	Aberdeen	2	0	H	1	0	H	C Scott	18	9	7	3	9	12	5	4	1	3	0	0	2.65	3.5	2.45	2.6	3.4	2.5													2.78	3.5	2.6	2.65	3.36	2.48	1.88	1.98			1.88	1.98	1.8	1.91	0.0	2.0	1.85			2.0	1.85	1.96	1.79	2.85	3.5	2.3	2.7	3.3	2.45													2.88	3.5	2.5	2.8	3.39	2.38	1.91	1.91			1.91	2.0	1.81	1.91	0.25	1.8	2.05			1.8	2.05	1.76	1.99	scotland	SC0							2.8	3.5	2.62	1.9	2.0	2.01	1.89							3.0	3.55	2.52	1.94	2.02	1.83	2.16			2.75	3.5	2.5				2.63	3.3	2.45							2.8	3.5	2.4				2.88	3.4	2.38							2.22	0.7	2.6	3.4	2.6	2.5	3.3	2.5	2.88	3.3	2.38	2.8	3.5	2.3	2026-08-08 14:00:00+00:00	scotland:20260808T1400Z:dundee:aberdeen:919	scotland:dundee	scotland:aberdeen	sco.1:2026-27	sco.1:2026-27-rules-v1	115	4.8125	9.0	1.6	1.2	-0.3	0.2	10.564634341393939	14.705203132047023	0.13176958804770614	153	6.895833333333333	7.0	1.6	1.6	-0.2	0.3	10.067986132064801	13.288689405645869	0.13477042231977332	2026-27	9.0	7.0	4.8125	6.895833333333333	1.6	1.6	2026-08-08 13:59:59.999999+00:00
	2026-08-08	15:00	St Mirren	St Johnstone	1	0	H	0	0	D	R Hardie	13	9	4	2	11	8	5	2	2	1	0	0	2.25	3.3	3.1	2.3	3.3	2.9													2.4	3.5	3.1	2.31	3.33	2.94	1.9	1.95			1.91	2.0	1.83	1.89	-0.25	2.03	1.83			2.03	1.83	1.96	1.78	2.57	3.25	2.57	2.55	3.3	2.6													2.6	3.4	2.85	2.54	3.32	2.63	1.91	1.91			1.91	2.0	1.82	1.9	0.0	1.93	1.93			1.93	1.93	1.86	1.88	scotland	SC0							2.4	3.5	3.25	1.88	2.0	2.06	1.9							2.76	3.45	2.84	1.93	2.04	1.96	2.01			2.38	3.5	2.88				2.25	3.4	2.88							2.6	3.4	2.63				2.55	3.4	2.63							1.36	1.13	2.4	3.1	3.1	2.38	3.0	3.0	2.6	3.2	2.63	2.45	3.4	2.8	2026-08-08 14:00:00+00:00	scotland:20260808T1400Z:st-mirren:st-johnstone:920	scotland:st-mirren	scotland:st-johnstone	sco.1:2026-27	sco.1:2026-27-rules-v1	153	7.0	7.0	1.0	1.0	-0.1	0.3	12.486440739778573	9.219120777360473	0.08349989738305759	115	6.041666666666667	6.0	1.4	2.0	-0.7	0.2	13.284169566375926	11.995428556713692	0.09941343840194436	2026-27	7.0	6.0	7.0	6.041666666666667	1.0	1.4	2026-08-08 13:59:59.999999+00:00
	2026-08-09	13:30	Kilmarnock	Celtic	1	5	A	0	3	A	R Lee	10	33	6	16	12	10	5	7	1	0	0	0	7.0	5.0	1.37	6.25	5.0	1.4													7.0	5.25	1.43	6.55	4.98	1.38	1.44	2.75			1.44	2.8	1.42	2.69	1.25	2.0	1.85			2.0	1.85	1.94	1.81	7.5	5.25	1.33	6.5	5.0	1.4													8.0	5.5	1.4	7.19	5.25	1.35	1.44	2.75			1.44	2.8	1.41	2.71	1.5	1.88	1.98			1.88	1.98	1.8	1.93	scotland	SC0							7.2	5.4	1.41	1.47	2.82	2.05	1.83							8.8	5.8	1.39	1.49	2.96	1.89	2.06			7.0	5.0	1.4				7.0	4.8	1.36							8.0	5.5	1.33				8.0	5.25	1.33							0.85	5.64	7.0	5.0	1.33	6.5	5.0	1.36	7.5	5.0	1.33	7.0	5.5	1.33	2026-08-09 12:30:00+00:00	scotland:20260809T1230Z:kilmarnock:celtic:921	scotland:kilmarnock	scotland:celtic	sco.1:2026-27	sco.1:2026-27-rules-v1	153	6.979166666666667	12.0	3.2	1.2	0.9	0.4	11.938497746329618	12.180454887300296	0.22383273474601786	153	5.75	15.0	2.4	1.0	1.1	0.2	15.066817394330915	10.629326179998468	0.16738696209696344	2026-27	12.0	15.0	6.979166666666667	5.75	3.2	2.4	2026-08-09 12:29:59.999999+00:00
	2026-08-09	15:00	Hearts	Dundee United	4	0	H	2	0	H	K Clancy	12	10	7	0	11	11	7	2	1	2	0	0	1.57	4.33	4.75	1.62	4.0	4.8													1.65	4.33	5.0	1.61	4.0	4.85	1.73	2.1			1.73	2.1	1.7	2.05	-0.75	1.83	2.03			1.83	2.03	1.78	1.96	1.76	4.0	3.9	1.75	3.9	4.1													1.76	4.0	4.5	1.73	3.89	4.15	1.62	2.3			1.67	2.3	1.63	2.17	-0.5	1.83	2.03			1.83	2.1	1.72	2.05	scotland	SC0							1.73	4.3	4.9	1.76	2.2									1.84	4.1	4.6	1.69	2.38	1.83	2.19			1.62	4.2	5.0				1.62	3.8	4.8							1.73	4.0	4.33				1.75	3.9	4.2							2.1	0.54	1.57	4.2	5.0	1.57	4.0	4.8	1.73	3.8	4.2	1.73	4.0	4.0	2026-08-09 14:00:00+00:00	scotland:20260809T1400Z:hearts:dundee-united:922	scotland:hearts	scotland:dundee-united	sco.1:2026-27	sco.1:2026-27-rules-v1	153	7.895833333333333	7.0	1.6	1.4	0.4	0.2	15.008799251485975	10.006251963851723	0.11642797969624816	115	8.791666666666666	3.0	0.4	1.4	-0.1	0.3	12.640992495191464	15.314141683094602	0.08586935341277291	2026-27	7.0	3.0	7.895833333333333	8.791666666666666	1.6	0.4	2026-08-09 13:59:59.999999+00:00
	2026-08-09	15:00	Motherwell	Falkirk	0	0	D	0	0	D	C Graham	11	10	1	1	17	16	2	2	2	2	0	0	1.79	3.75	4.1	1.85	3.6	3.9													1.85	3.75	4.1	1.82	3.67	3.89	1.73	2.1			1.73	2.1	1.7	2.05	-0.5	1.83	2.03			1.83	2.03	1.79	1.93	1.81	3.7	4.0	1.8	3.6	4.2													1.85	3.8	4.2	1.81	3.64	4.05	1.73	2.1			1.73	2.1	1.7	2.04	-0.5	1.85	2.0			1.85	2.0	1.79	1.95	scotland	SC0							1.87	3.9	4.1	1.76	2.08									1.91	3.95	4.4	1.84	2.16	1.91	2.08			1.83	3.75	4.0				1.8	3.6	3.9							1.83	3.75	4.0				1.83	3.7	4.0							0.89	0.44	1.8	3.75	3.8	1.8	3.6	3.8	1.8	3.7	4.0	1.8	3.8	4.0	2026-08-09 14:00:00+00:00	scotland:20260809T1400Z:motherwell:falkirk:923	scotland:motherwell	scotland:falkirk	sco.1:2026-27	sco.1:2026-27-rules-v1	153	6.9375	7.0	1.2	1.2	-0.4	0.2	12.238949728346666	13.03294554131258	0.13176114919553697	39	8.0	3.0	0.8	2.6	-1.4	0.1	9.89932942961085	13.405335655693701	0.11776236694053588	2026-27	7.0	3.0	6.9375	8.0	1.2	0.8	2026-08-09 13:59:59.999999+00:00
	2026-08-09	16:00	Rangers	Hibernian	1	2	A	0	1	A	D Robertson	25	8	9	2	12	12	7	4	1	1	0	0	1.49	4.33	5.5	1.55	4.2	5.5													1.57	4.5	5.5	1.52	4.23	5.35	1.57	2.38			1.57	2.4	1.53	2.36	-1.0	1.88	1.98			1.88	1.98	1.83	1.91	1.35	4.75	7.5	1.43	4.75	6.5													1.44	5.0	8.3	1.38	4.81	7.12	1.57	2.38			1.57	2.45	1.52	2.37	-1.25	1.83	2.03			1.83	2.03	1.78	1.97	scotland	SC0							1.58	4.5	5.6	1.58	2.4	1.91	1.94							1.43	5.2	8.4	1.62	2.58	1.93	2.03			1.53	4.5	5.5				1.5	4.2	5.5							1.4	5.0	7.5				1.36	5.0	7.5							2.05	1.75	1.57	4.0	5.0	1.57	3.9	5.0	1.33	5.0	7.5	1.33	5.0	7.0	2026-08-09 15:00:00+00:00	scotland:20260809T1500Z:rangers:hibernian:924	scotland:rangers	scotland:hibernian	sco.1:2026-27	sco.1:2026-27-rules-v1	153	8.833333333333334	4.0	1.8	2.0	0.7	0.1	17.290008644859718	9.466816885959116	0.14207959422040337	153	6.979166666666667	6.0	1.4	1.4	0.0	0.3	10.672920825653852	14.36236624819155	0.15339891478218887	2026-27	4.0	6.0	8.833333333333334	6.979166666666667	1.8	1.4	2026-08-09 14:59:59.999999+00:00
	2026-08-22	17:45	Dundee United	Dundee	0	2	A	0	1	A	D Dickinson	24	14	5	4	11	11	6	6	4	3	0	0	2.15	3.4	3.2	2.15	3.4	3.1													2.25	3.4	3.3	2.18	3.33	3.14	1.8	2.0			1.83	2.0	1.78	1.94	-0.25	1.93	1.93			1.93	1.93	1.89	1.85	1.91	3.5	3.8	1.95	3.5	3.6													2.15	3.75	3.8	1.99	3.53	3.52	1.73	2.1			1.8	2.1	1.73	2.01	-0.5	1.95	1.9			2.15	1.9	1.98	1.76	scotland	SC0							2.3	3.4	3.25	1.87	2.04	1.99	1.93							2.02	3.85	4.0	1.83	2.18	2.02	1.96			2.2	3.4	3.25				2.15	3.4	3.0							2.0	3.75	3.5				2.1	3.6	3.25							1.24	1.68	2.1	3.4	3.3	2.1	3.3	3.2	1.91	3.5	3.75	1.91	3.7	3.6	2026-08-22 16:45:00+00:00	scotland:20260822T1645Z:dundee-united:dundee:925	scotland:dundee-united	scotland:dundee	sco.1:2026-27	sco.1:2026-27-rules-v1	116	13.114583333333334	3.0	0.4	1.6	-0.5	0.3	12.160812041520288	14.711570467986492	0.07025674370135965	116	14.114583333333334	9.0	1.8	1.2	-0.1	0.3	11.91651900659504	13.667893471674837	0.12801350133196157	2026-27	3.0	9.0	13.114583333333334	14.114583333333334	0.4	1.8	2026-08-22 16:44:59.999999+00:00
	2026-08-29	15:00	Celtic	Falkirk	2	1	H	2	0	H	C Graham	19	5	8	1	7	14	6	3	1	4	0	0	1.19	6.5	11.0	1.24	6.5	10.0													1.24	7.0	13.0	1.2	6.52	10.81	1.36	3.2			1.37	3.25	1.34	3.06	-2.0	2.0	1.85			2.0	1.85	1.92	1.82	1.24	5.75	10.0	1.26	6.25	9.0													1.27	6.5	11.0	1.24	6.08	9.97	1.44	2.75			1.44	2.88	1.4	2.76	-1.75	1.95	1.9			1.95	1.9	1.88	1.85	scotland	SC0							1.23	7.2	13.5	1.4	3.25	1.97	1.91							1.27	7.0	13.5	1.48	2.98	1.98	1.97			1.2	7.0	13.0				1.18	6.5	11.0							1.25	6.0	11.0				1.25	6.0	11.0							2.88	0.53	1.22	6.5	10.0	1.22	6.0	9.0	1.2	6.0	11.0	1.2	6.5	11.0	2026-08-29 14:00:00+00:00	scotland:20260829T1400Z:celtic:falkirk:926	scotland:celtic	scotland:falkirk	sco.1:2026-27	sco.1:2026-27-rules-v1	154	20.0625	15.0	3.0	1.0	1.3	0.2	18.32739604990711	10.514903238180565	0.1645011783548158	40	20.0	1.0	0.6	2.6	-1.4	0.2	9.917633169681604	12.968001900113027	0.09635102749680208	2026-27	15.0	1.0	20.0625	20.0	3.0	0.6	2026-08-29 13:59:59.999999+00:00
	2026-08-29	15:00	Hearts	St Johnstone	2	1	H	2	0	H	R Lee	16	9	7	4	11	14	8	4	0	0	0	0	1.68	3.75	4.5	1.73	3.9	4.2													1.75	4.0	4.5	1.72	3.82	4.27	1.73	2.1			1.8	2.1	1.72	2.02	-0.75	1.95	1.9			1.95	1.9	1.9	1.84	1.71	3.75	4.33	1.7	3.8	4.4													1.75	4.0	4.55	1.72	3.84	4.34	1.73	2.1			1.75	2.1	1.69	2.06	-0.5	1.73	2.08			1.75	2.15	1.69	2.06	scotland	SC0							1.74	4.0	4.9	1.83	2.12	1.94	1.95							1.81	4.2	4.6	1.79	2.24	1.8	2.23			1.73	4.0	4.33				1.7	3.7	4.33							1.73	4.0	4.33				1.73	3.8	4.5							1.71	1.16	1.75	3.8	4.0	1.75	3.75	3.9	1.7	3.8	4.33	1.7	4.0	4.2	2026-08-29 14:00:00+00:00	scotland:20260829T1400Z:hearts:st-johnstone:927	scotland:hearts	scotland:st-johnstone	sco.1:2026-27	sco.1:2026-27-rules-v1	154	20.0	7.0	2.0	1.2	0.9	0.3	14.461744842124887	10.005115243151408	0.1558653167211727	116	21.0	6.0	1.4	1.8	-0.8	0.1	12.505229645216666	12.178077910038475	0.08133826778340901	2026-27	7.0	6.0	20.0	21.0	2.0	1.4	2026-08-29 13:59:59.999999+00:00
	2026-08-29	15:00	Kilmarnock	Dundee United	0	4	A	0	3	A	N Walsh	16	21	4	8	11	12	3	5	3	3	0	0	2.35	3.4	2.7	2.45	3.4	2.65													2.45	3.6	2.78	2.39	3.45	2.69	1.8	2.0			1.8	2.05	1.75	1.99	0.0	1.83	2.03			1.83	2.05	1.76	1.98	2.5	3.6	2.5	2.37	3.5	2.7													2.5	3.7	2.7	2.44	3.57	2.6	1.67	2.2			1.67	2.2	1.64	2.16	0.0	1.9	1.95			1.9	1.95	1.83	1.91	scotland	SC0							2.64	3.55	2.76	1.78	2.08	1.9	2.02							2.62	3.75	2.78	1.68	2.42	1.93	2.05			2.38	3.6	2.75				2.4	3.4	2.63							2.38	3.6	2.63				2.5	3.6	2.6							1.03	3.51	2.45	3.4	2.75	2.4	3.25	2.7	2.45	3.5	2.63	2.45	3.7	2.6	2026-08-29 14:00:00+00:00	scotland:20260829T1400Z:kilmarnock:dundee-united:928	scotland:kilmarnock	scotland:dundee-united	sco.1:2026-27	sco.1:2026-27-rules-v1	154	20.0625	9.0	2.8	2.2	0.4	0.3	11.586043610633324	15.965826725972969	0.2013176920649237	117	6.885416666666667	3.0	0.4	1.6	-0.9	0.2	14.313391670334779	14.582194019261674	0.05748279030111243	2026-27	9.0	3.0	20.0625	6.885416666666667	2.8	0.4	2026-08-29 13:59:59.999999+00:00
	2026-08-30	12:00	Aberdeen	Rangers	0	1	A	0	0	D	M MacDermid	10	18	2	5	21	15	6	6	6	3	0	0	4.33	3.8	1.76	4.0	3.8	1.77													4.33	4.0	1.8	4.07	3.81	1.76	1.67	2.2			1.67	2.3	1.6	2.21	0.5	2.03	1.78			2.1	1.78	2.01	1.73	4.2	3.75	1.76	3.9	3.75	1.8													4.2	3.8	1.83	3.97	3.77	1.79	1.67	2.2			1.67	2.3	1.61	2.21	0.5	2.03	1.78			2.1	1.8	1.98	1.76	scotland	SC0							4.1	3.85	1.89	1.64	2.26	2.08	1.89							4.4	3.95	1.91	1.73	2.32	2.08	1.91			4.2	4.0	1.8				4.0	3.75	1.75																						0.46	1.84	4.0	4.0	1.73	4.0	3.9	1.73	4.0	3.75	1.8	3.8	3.8	1.8	2026-08-30 11:00:00+00:00	scotland:20260830T1100Z:aberdeen:rangers:929	scotland:aberdeen	scotland:rangers	sco.1:2026-27	sco.1:2026-27-rules-v1	154	21.875	6.0	1.2	1.6	-0.4	0.3	9.873806835325746	14.145291331892075	0.11026670917072362	154	20.833333333333332	4.0	1.8	2.0	0.5	0.0	18.691825254885224	9.20012290669382	0.12351966799851184	2026-27	6.0	4.0	21.875	20.833333333333332	1.2	1.8	2026-08-30 10:59:59.999999+00:00
	2026-08-30	15:00	Dundee	Hibernian	1	2	A	0	1	A	J Beaton	11	25	3	7	8	14	3	5	1	1	0	0	3.2	3.4	2.2	3.0	3.4	2.25													3.2	3.5	2.3	3.05	3.37	2.22	1.91	1.91			1.91	1.95	1.82	1.91	0.25	1.9	1.95			1.9	1.95	1.84	1.9	3.4	3.4	2.05	3.2	3.5	2.1													3.4	3.6	2.2	3.25	3.41	2.11	1.8	2.0			1.85	2.1	1.77	1.95	0.5	1.73	2.08			1.73	2.15	1.69	2.07	scotland	SC0							3.2	3.5	2.26	1.87	2.0	1.93	1.95							3.7	3.6	2.16	1.89	2.08					3.1	3.5	2.25				3.0	3.4	2.2																						0.78	2.42	3.1	3.2	2.3	3.1	3.1	2.25	3.3	3.4	2.1	3.3	3.6	2.05	2026-08-30 14:00:00+00:00	scotland:20260830T1400Z:dundee:hibernian:930	scotland:dundee	scotland:hibernian	sco.1:2026-27	sco.1:2026-27-rules-v1	117	7.885416666666667	9.0	1.6	1.2	0.2	0.4	12.295333732668668	15.546458295006683	0.13071234524563088	154	20.958333333333332	9.0	1.6	1.2	0.1	0.2	10.186935220989515	16.296481475793087	0.1709627484581545	2026-27	9.0	9.0	7.885416666666667	20.958333333333332	1.6	1.6	2026-08-30 13:59:59.999999+00:00
	2026-08-30	15:00	St Mirren	Motherwell	3	3	D	3	2	H	K Clancy	23	22	9	7	14	12	7	7	2	2	0	0	2.45	3.3	2.7	2.5	3.4	2.65													2.7	3.4	2.8	2.51	3.21	2.72	2.0	1.85			2.0	1.85	1.93	1.8	0.0	1.85	2.0			1.85	2.0	1.79	1.95	2.45	3.4	2.65	2.5	3.3	2.7													2.6	3.5	2.75	2.49	3.35	2.69	1.85	2.0			1.91	2.0	1.85	1.86	0.0	1.85	2.0			1.85	2.0	1.8	1.95	scotland	SC0							2.58	3.2	2.84	1.98	1.84	1.83	1.99							2.66	3.5	2.9			1.91	2.08			2.5	3.4	2.75				2.45	3.25	2.7							2.6	3.4	2.63				2.5	3.4	2.7							2.32	2.11	2.7	3.0	2.75	2.63	2.9	2.7	2.45	3.3	2.7	2.45	3.5	2.7	2026-08-30 14:00:00+00:00	scotland:20260830T1400Z:st-mirren:motherwell:931	scotland:st-mirren	scotland:motherwell	sco.1:2026-27	sco.1:2026-27-rules-v1	154	22.0	10.0	1.2	0.8	0.1	0.4	12.579815150727923	9.179280636022204	0.08230411184487928	154	21.0	8.0	1.2	1.0	-0.2	0.3	12.013686141374544	12.481500897437565	0.10780457661453025	2026-27	10.0	8.0	22.0	21.0	1.2	1.2	2026-08-30 13:59:59.999999+00:00
	2026-09-02	19:45	Celtic	Aberdeen	3	0	H	3	0	H	D Nicolson	27	9	12	2	10	7	15	5	1	1	0	0	1.19	6.5	11.0	1.27	5.75	9.5													1.28	6.5	13.0	1.23	5.99	9.99	1.4	3.0			1.4	3.25	1.36	2.94	-1.75	1.83	2.03			1.9	2.03	1.83	1.91	1.19	6.25	9.5	1.25	6.5	9.5													1.25	6.5	12.0	1.23	6.36	10.25	1.4	3.0			1.4	3.25	1.36	2.97	-1.75	1.85	2.0			1.85	2.0	1.8	1.93	scotland	SC0							1.27	6.6	14.0	1.43	2.98	1.87	2.01							1.27	6.8	14.0	1.43	3.25	1.9	2.06			1.25	6.0	11.0				1.22	5.75	10.0							1.22	6.5	11.0				1.22	6.5	11.0							2.47	0.67	1.2	6.0	13.0	1.22	5.75	9.5	1.2	6.0	12.0	1.2	6.5	11.0	2026-09-02 18:45:00+00:00	scotland:20260902T1845Z:celtic:aberdeen:932	scotland:celtic	scotland:aberdeen	sco.1:2026-27	sco.1:2026-27-rules-v1	155	4.197916666666667	15.0	2.8	1.0	1.6	0.2	18.449687677196724	9.51219355851137	0.15373062918025598	155	3.3229166666666665	3.0	0.8	1.8	-0.2	0.3	9.8967510470847	14.846147453366243	0.0902182165942284	2026-27	15.0	3.0	4.197916666666667	3.3229166666666665	2.8	0.8	2026-09-02 18:44:59.999999+00:00
	2026-09-02	19:45	Dundee	St Johnstone	1	1	D	0	0	D	R Hardie	10	15	2	3	16	14	2	5	0	2	0	0	2.55	3.5	2.55	2.6	3.4	2.5													2.63	3.5	2.63	2.57	3.4	2.55	1.88	1.98			1.9	1.98	1.81	1.91	0.0	1.93	1.93			1.93	1.93	1.86	1.87	2.57	3.5	2.5	2.6	3.4	2.5													2.75	3.5	2.56	2.63	3.43	2.51	1.83	2.03			1.83	2.03	1.8	1.94	0.0	2.0	1.85			2.0	1.85	1.9	1.83	scotland	SC0							2.68	3.6	2.7	1.87	2.04	1.95	1.96							2.78	3.55	2.7	1.89	2.12	2.01	1.95			2.63	3.5	2.6				2.55	3.3	2.55							2.75	3.5	2.5				2.63	3.4	2.55							1.97	1.07	2.63	3.25	2.63	2.6	3.2	2.6	2.63	3.3	2.5	2.63	3.5	2.5	2026-09-02 18:45:00+00:00	scotland:20260902T1845Z:dundee:st-johnstone:933	scotland:dundee	scotland:st-johnstone	sco.1:2026-27	sco.1:2026-27-rules-v1	118	3.1979166666666665	9.0	1.6	1.0	0.2	0.4	12.05981850854709	17.265284059550922	0.12347538991171451	117	4.197916666666667	3.0	1.2	2.0	-0.6	0.1	11.867915164268181	12.872972835486024	0.08675151202480938	2026-27	9.0	3.0	3.1979166666666665	4.197916666666667	1.6	1.2	2026-09-02 18:44:59.999999+00:00
	2026-09-02	19:45	Kilmarnock	St Mirren	0	1	A	0	1	A	D Dickinson	9	10	2	1	12	13	7	3	2	2	0	0	2.75	3.4	2.4	2.85	3.4	2.35													2.87	3.6	2.5	2.74	3.38	2.4	1.83	2.03			1.83	2.03	1.79	1.95	0.0	2.05	1.8			2.05	1.8	2.01	1.74	2.65	3.6	2.45	2.6	3.6	2.45													2.66	3.7	2.5	2.63	3.6	2.44	1.62	2.3			1.65	2.4	1.58	2.28	0.0	2.0	1.85			2.0	1.85	1.95	1.79	scotland	SC0							2.86	3.55	2.5	1.75	2.1	2.09	1.8							2.8	3.8	2.6	1.65	2.48	2.06	1.92			2.8	3.6	2.38				2.75	3.4	2.3							2.63	3.6	2.5				2.6	3.7	2.45							0.43	1.09	2.7	3.3	2.5	2.63	3.25	2.45	2.63	3.5	2.4	2.63	3.7	2.4	2026-09-02 18:45:00+00:00	scotland:20260902T1845Z:kilmarnock:st-mirren:934	scotland:kilmarnock	scotland:st-mirren	sco.1:2026-27	sco.1:2026-27-rules-v1	155	4.197916666666667	6.0	2.2	3.0	-0.2	0.2	12.388581135972718	16.881130957614246	0.16471447532584665	155	3.1979166666666665	11.0	1.8	0.8	0.0	0.4	14.474394214231936	11.510320520381804	0.09105514289284589	2026-27	6.0	11.0	4.197916666666667	3.1979166666666665	2.2	1.8	2026-09-02 18:44:59.999999+00:00
	2026-09-02	19:45	Motherwell	Dundee United	3	0	H	1	0	H	C Scott	25	5	8	1	8	6	9	3	1	0	0	1	1.91	3.75	3.6	1.95	3.6	3.5													2.0	3.75	3.6	1.94	3.63	3.51	1.73	2.1			1.73	2.2	1.68	2.09	-0.5	2.0	1.85			2.0	1.85	1.9	1.82	2.35	3.7	2.7	2.25	3.5	2.9													2.42	3.7	3.1	2.31	3.58	2.8	1.62	2.3			1.73	2.3	1.65	2.15	-0.25	2.08	1.73			2.08	1.75	2.01	1.73	scotland	SC0							1.95	3.9	3.65	1.63	2.2	1.95	2.0							2.42	3.7	3.05	1.73	2.3	2.11	1.88			2.0	3.75	3.5				1.91	3.6	3.5							2.2	3.6	3.1				2.3	3.6	2.8							2.14	0.19	2.0	3.7	3.4	2.0	3.5	3.3	2.3	3.4	2.88	2.3	3.6	2.8	2026-09-02 18:45:00+00:00	scotland:20260902T1845Z:motherwell:dundee-united:935	scotland:motherwell	scotland:dundee-united	sco.1:2026-27	sco.1:2026-27-rules-v1	155	3.1979166666666665	8.0	1.6	1.4	-0.2	0.2	13.829379570215535	14.393955279721643	0.11299713293254954	118	4.197916666666667	5.0	1.2	1.6	-0.3	0.3	15.529138639364819	14.839976924850461	0.08166340851476298	2026-27	8.0	5.0	3.1979166666666665	4.197916666666667	1.6	1.2	2026-09-02 18:44:59.999999+00:00
	2026-09-02	20:00	Falkirk	Rangers	1	2	A	1	1	D	D McFarlane	12	16	5	6	12	17	5	6	2	1	0	0	5.0	4.33	1.56	4.8	4.2	1.58													5.5	4.33	1.62	4.98	4.15	1.57	1.62	2.3			1.62	2.38	1.57	2.29	1.0	1.83	2.03			1.83	2.03	1.79	1.95	6.0	4.5	1.46	5.5	4.33	1.53													6.0	4.5	1.53	5.73	4.43	1.5	1.62	2.3			1.62	2.38	1.58	2.27	1.0	2.03	1.83			2.03	1.83	1.96	1.78	scotland	SC0							5.9	4.4	1.61	1.6	2.42	1.9	2.0							7.0	4.7	1.53	1.67	2.44	2.1	1.88			5.0	4.2	1.62				5.0	4.1	1.55							5.5	4.5	1.53				6.0	4.4	1.5							0.85	1.57	5.0	4.0	1.57	5.0	3.9	1.57	6.0	4.33	1.44	6.0	4.5	1.44	2026-09-02 19:00:00+00:00	scotland:20260902T1900Z:falkirk:rangers:936	scotland:falkirk	scotland:rangers	sco.1:2026-27	sco.1:2026-27-rules-v1	41	4.208333333333333	1.0	0.6	2.4	-1.4	0.2	9.02351804792131	14.064728827365203	0.11519629522465624	155	3.3333333333333335	7.0	1.8	1.4	0.3	0.1	18.566038844906092	9.345555105476762	0.11116255664524705	2026-27	1.0	7.0	4.208333333333333	3.3333333333333335	0.6	1.8	2026-09-02 18:59:59.999999+00:00
	2026-09-03	19:45	Hibernian	Hearts	1	3	A	0	2	A	D Robertson	17	12	4	5	16	9	7	8	3	0	1	0	2.45	3.5	2.65	2.5	3.4	2.65													2.6	3.5	2.75	2.48	3.34	2.66	1.88	1.98			1.88	1.98	1.81	1.91	0.0	1.85	2.0			1.85	2.0	1.8	1.94	2.2	3.7	2.85																2.3	3.75	3.0	2.25	3.53	2.92	1.67	2.2			1.78	2.2	1.66	2.13	-0.25	2.0	1.85			2.0	1.85	1.93	1.8	scotland	SC0							2.6	3.55	2.74	1.84	1.98	1.87	2.0							2.38	3.7	3.2	1.79	2.24	2.05	1.93			2.5	3.5	2.75				2.45	3.3	2.63							2.3	3.75	2.8				2.3	3.4	3.0							1.69	0.82	2.6	3.2	2.7	2.6	3.1	2.63	2.25	3.4	3.0	2.2	3.6	2.9	2026-09-03 18:45:00+00:00	scotland:20260903T1845Z:hibernian:hearts:937	scotland:hibernian	scotland:hearts	sco.1:2026-27	sco.1:2026-27-rules-v1	155	4.197916666666667	9.0	1.4	1.2	0.2	0.1	12.880219726264148	15.333484843830707	0.15442406692030824	155	5.197916666666667	9.0	2.2	1.2	0.9	0.2	14.741427598102181	9.822367017123879	0.15025344095368676	2026-27	9.0	9.0	4.197916666666667	5.197916666666667	1.4	2.2	2026-09-03 18:44:59.999999+00:00
